Age,Gender,Weight_kg,Height_m,Goal,Breakfast_Meal,Breakfast_Calories,Breakfast_Protein_g,Breakfast_Carbs_g,Breakfast_Fats_g,Lunch_Meal,Lunch_Calories,Lunch_Protein_g,Lunch_Carbs_g,Lunch_Fats_g,Dinner_Meal,Dinner_Calories,Dinner_Protein_g,Dinner_Carbs_g,Dinner_Fats_g,Snacks_Meal,Snacks_Calories,Snacks_Protein_g,Snacks_Carbs_g,Snacks_Fats_g,Total_Calories,Total_Protein_g,Total_Carbs_g,Total_Fats_g
57,Male,84.3,1.62,Muscle Gain,Oatmeal,336.42,9.46,47.78,5.3,Tuo_Zaafi_with_Meat_Stew,782.0,34.0,67.0,15.0,Banku_and_Tilapia_with_Hot_Pepper,668.0,48.0,61.0,15.0,Atsoomo_(Chin-Chin),307.38,5.91,36.59,10.85,2093.8,97.37,212.37,46.15
78,Male,70.4,1.61,Muscle Gain,Rice_water_and_bread,322.0,7.0,51.0,3.0,Banku_and_Tilapia_with_Hot_Pepper,687.0,55.0,60.0,12.0,Banku_with_Okra_Soup,678.0,34.0,84.0,11.0,Atsoomo_(Chin-Chin),307.38,5.91,36.59,10.85,1994.38,101.91,231.59,36.85
32,Female,73.5,1.58,Muscle Gain,Hausa_Koko_(millet_porridge)_with_Koose,346.0,14.0,41.0,9.0,Tuo_Zaafi_with_Meat_Stew,709.0,33.0,81.0,14.0,Waakye_and_Fish_with_egg,589.0,56.0,79.0,13.0,Nkatie_Cake_(Groundnut_Cake),343.0,10.0,26.0,17.0,1987.0,113.0,227.0,53.0
11,Female,52.8,1.15,Muscle Gain,Rice_water_and_bread,239.0,9.0,53.0,4.0,Red-Red_(Beans_and_Plantain_with_red_oil),489.0,33.0,49.0,19.0,Waakye_and_Fish_with_egg,545.0,62.0,75.0,12.0,Agbelikaklo_with_Coconut,254.0,4.0,54.0,9.0,1527.0,108.0,231.0,44.0
42,Female,52.0,1.56,Weight Loss,Rice_water_and_bread,316.0,7.0,54.0,3.0,Banku_with_Okra_Soup,616.0,29.0,63.0,8.0,Waakye_and_Fish_with_egg,581.0,40.0,53.0,8.0,Atsoomo_(Chin-Chin),307.38,5.91,36.59,10.85,1820.38,81.91,206.59,29.85
15,Male,42.8,1.32,Weight Loss,Tea/Milo/Coffee_with_bread,213.0,7.0,39.0,4.0,Kenkey_and_Fried_Fish_with_Hot_Pepper,438.0,39.0,58.0,17.0,Angwamu_(Oil_Rice)_with_Hot_Pepper_and_Egg,448.0,28.0,46.0,16.0,Atsoomo_(Chin-Chin),307.38,5.91,36.59,10.85,1406.38,79.91,179.59,47.85
29,Female,66.8,1.59,Muscle Gain,Tom_Brown_and_bread,441.0,8.0,65.0,5.0,Jollof_Rice_with_Chicken,752.0,42.0,75.0,20.0,Angwamu_(Oil_Rice)_with_Hot_Pepper_and_Egg,520.0,33.0,57.0,24.0,Roasted/Boiled_Maize_with_Coconut,251.0,6.0,40.0,8.0,1964.0,89.0,237.0,57.0
39,Male,59.0,1.65,Weight Loss,Tea/Milo/Coffee_with_bread,308.0,5.0,36.0,5.0,Fufu_with_Light_Soup_with_Goat_Meat,755.0,38.0,81.0,12.0,Kenkey_and_Fried_Fish_with_Hot_Pepper,629.0,36.0,47.0,15.0,Atsoomo_(Chin-Chin),307.38,5.91,36.59,10.85,1999.38,84.91,200.59,42.85
30,Male,67.8,1.66,Weight Loss,White_porridge_and_bread,320.0,7.0,44.0,4.0,Red-Red_(Beans_and_Plantain_with_red_oil),529.0,34.0,54.0,12.0,Boiled_Plantain/Yam_and_Garden_egg_stew,503.0,19.0,65.0,8.0,Atsoomo_(Chin-Chin),307.38,5.91,36.59,10.85,1659.38,65.91,199.59,34.85
60,Male,77.8,1.68,Muscle Gain,Tom_Brown_and_bread,448.0,9.0,56.0,5.0,Banku_with_Okra_Soup,790.0,39.0,77.0,11.0,Tuo_Zaafi_with_Meat_Stew,745.0,37.0,82.0,13.0,Atsoomo_(Chin-Chin),307.38,5.91,36.59,10.85,2290.38,90.91,251.59,39.85
58,Female,61.2,1.58,Weight Loss,Tom_Brown_and_bread,401.0,9.0,53.0,4.0,Fufu_with_Light_Soup_with_Goat_Meat,590.0,31.0,72.0,10.0,Angwamu_(Oil_Rice)_with_Hot_Pepper_and_Egg,615.79,38.98,64.77,13.31,Nkatie_Cake_(Groundnut_Cake),345.0,9.0,25.0,14.0,1951.79,87.98,214.77,41.31
23,Male,76.5,1.77,Muscle Gain,Oatmeal,336.42,9.46,47.78,5.3,Red-Red_(Beans_and_Plantain_with_red_oil),653.0,37.0,47.0,17.0,Angwamu_(Oil_Rice)_with_Hot_Pepper_and_Egg,581.0,30.0,58.0,24.0,Atsoomo_(Chin-Chin),307.38,5.91,36.59,10.85,1877.8,82.37,189.37,57.15
20,Male,84.9,1.74,Muscle Gain,Oatmeal,375.0,9.0,39.0,4.0,Jollof_Rice_with_Chicken,619.2,39.43,64.97,13.31,Banku_and_Tilapia_with_Hot_Pepper,627.0,55.0,72.0,14.0,Nkatie_Cake_(Groundnut_Cake),385.0,10.0,25.0,16.0,2006.2,113.43,200.97,47.31
56,Female,65.4,1.6,Weight Loss,Oatmeal,245.0,10.0,43.0,3.0,Jollof_Rice_with_Chicken,597.0,37.0,79.0,14.0,Tuo_Zaafi_with_Meat_Stew,654.0,35.0,74.0,10.0,Atsoomo_(Chin-Chin),307.38,5.91,36.59,10.85,1803.38,87.91,232.59,37.85
72,Male,76.3,1.69,Muscle Gain,White_porridge_and_bread,348.0,7.0,61.0,5.0,Jollof_Rice_with_Chicken,619.2,39.43,64.97,13.31,Jollof_Rice_with_Chicken,734.0,46.0,72.0,17.0,Atsoomo_(Chin-Chin),307.38,5.91,36.59,10.85,2008.58,98.34,234.56,46.16
52,Female,61.4,1.6,Weight Loss,Oatmeal,281.0,10.0,35.0,4.0,Tuo_Zaafi_with_Meat_Stew,630.0,30.0,70.0,10.0,Boiled_Plantain/Yam_and_Garden_egg_stew,505.0,21.0,58.0,7.0,Atsoomo_(Chin-Chin),307.38,5.91,36.59,10.85,1723.38,66.91,199.59,31.85
18,Male,72.6,1.7,Muscle Gain,Hausa_Koko_(millet_porridge)_with_Koose,388.0,13.0,45.0,8.0,Banku_with_Okra_Soup,629.0,44.0,71.0,11.0,Angwamu_(Oil_Rice)_with_Hot_Pepper_and_Egg,615.79,38.98,64.77,13.31,Atsoomo_(Chin-Chin),307.38,5.91,36.59,10.85,1940.17,101.89,217.36,43.16
11,Female,55.4,1.18,Muscle Gain,Oatmeal,279.0,15.0,46.0,4.0,Kenkey_and_Fried_Fish_with_Hot_Pepper,507.0,48.0,51.0,19.0,Waakye_and_Fish_with_egg,567.0,60.0,61.0,11.0,Atsoomo_(Chin-Chin),307.38,5.91,36.59,10.85,1660.38,128.91,194.59,44.85
24,Female,58.1,1.63,Weight Loss,Hausa_Koko_(millet_porridge)_with_Koose,301.0,13.0,34.0,6.0,Banku_with_Okra_Soup,665.0,27.0,63.0,10.0,Red-Red_(Beans_and_Plantain_with_red_oil),484.0,26.0,51.0,16.0,Atsoomo_(Chin-Chin),307.38,5.91,36.59,10.85,1757.38,71.91,184.59,42.85
58,Female,54.9,1.68,Weight Loss,Rice_water_and_bread,260.0,7.0,45.0,4.0,Kenkey_and_Fried_Fish_with_Hot_Pepper,624.0,32.0,49.0,16.0,Red-Red_(Beans_and_Plantain_with_red_oil),454.0,31.0,43.0,12.0,Atsoomo_(Chin-Chin),325.0,4.0,27.0,17.0,1663.0,74.0,164.0,49.0
72,Female,71.3,1.57,Muscle Gain,Rice_water_and_bread,309.0,9.0,47.0,3.0,Banku_and_Tilapia_with_Hot_Pepper,533.0,45.0,60.0,13.0,Plain_Rice_with_Chicken,664.0,48.0,74.0,12.0,Atsoomo_(Chin-Chin),307.38,5.91,36.59,10.85,1813.38,107.91,217.59,38.85
81,Female,52.3,1.55,Weight Loss,Tom_Brown_and_bread,268.0,9.0,52.0,4.0,Boiled_Plantain/Yam_and_Garden_egg_stew,385.0,21.0,53.0,5.0,Fufu_with_Light_Soup_with_Goat_Meat,522.0,30.0,74.0,8.0,Atsoomo_(Chin-Chin),307.38,5.91,36.59,10.85,1482.38,65.91,215.59,27.85
42,Male,75.2,1.64,Muscle Gain,Tom_Brown_and_bread,464.0,10.0,52.0,6.0,Plain_Rice_with_Chicken,756.0,67.0,73.0,20.0,Waakye_and_Fish_with_egg,775.0,48.0,68.0,12.0,Atsoomo_(Chin-Chin),307.38,5.91,36.59,10.85,2302.38,130.91,229.59,48.85
17,Female,50.8,1.31,Muscle Gain,Tea/Milo/Coffee_with_bread,212.0,7.0,42.0,7.0,Fufu_with_Light_Soup_with_Goat_Meat,644.0,50.0,81.0,15.0,Angwamu_(Oil_Rice)_with_Hot_Pepper_and_Egg,615.79,38.98,64.77,13.31,Atsoomo_(Chin-Chin),307.38,5.91,36.59,10.85,1779.17,101.89,224.36,46.16
56,Female,57.3,1.56,Weight Loss,Tom_Brown_and_bread,306.0,8.0,52.0,4.0,Jollof_Rice_with_Chicken,668.0,43.0,86.0,16.0,Banku_and_Tilapia_with_Hot_Pepper,529.0,34.0,63.0,10.0,Atsoomo_(Chin-Chin),362.0,4.0,29.0,16.0,1865.0,89.0,230.0,46.0
28,Female,59.5,1.53,Weight Loss,Tom_Brown_and_bread,343.0,8.0,54.0,4.0,Boiled_Plantain/Yam_and_Garden_egg_stew,417.0,22.0,61.0,8.0,Angwamu_(Oil_Rice)_with_Hot_Pepper_and_Egg,526.0,22.0,58.0,19.0,Atsoomo_(Chin-Chin),307.38,5.91,36.59,10.85,1593.38,57.91,209.59,41.85
26,Female,62.8,1.52,Weight Loss,Oatmeal,257.0,9.0,38.0,3.0,Jollof_Rice_with_Chicken,619.2,39.43,64.97,13.31,Banku_and_Tilapia_with_Hot_Pepper,656.0,43.0,55.0,12.0,Plantain_Chips,292.0,3.0,35.0,8.0,1824.2,94.43,192.97,36.31
26,Female,64.3,1.52,Weight Loss,Tom_Brown_and_bread,392.0,9.0,54.0,4.0,Tuo_Zaafi_with_Meat_Stew,648.0,34.0,61.0,11.0,Angwamu_(Oil_Rice)_with_Hot_Pepper_and_Egg,615.79,38.98,64.77,13.31,Agbelikaklo_with_Coconut,287.0,4.0,51.0,8.0,1942.79,85.98,230.77,36.31
51,Male,84.2,1.7,Muscle Gain,Oatmeal,290.0,14.0,46.0,5.0,Boiled_Plantain/Yam_and_Garden_egg_stew,577.0,21.0,57.0,8.0,Banku_with_Okra_Soup,699.0,40.0,70.0,11.0,Atsoomo_(Chin-Chin),307.38,5.91,36.59,10.85,1873.38,80.91,209.59,34.85
33,Male,58.7,1.79,Weight Loss,Koko_with_Bofroat_(corn_dough_porridge_with_buffloaf),474.0,8.0,45.0,8.0,Jollof_Rice_with_Chicken,619.2,39.43,64.97,13.31,Boiled_Plantain/Yam_and_Garden_egg_stew,464.0,23.0,64.0,8.0,Kofi_Brokeman_(Roasted_Plantain_with_Groundnut),277.0,7.0,40.0,6.0,1834.2,77.43,213.97,35.31
76,Female,67.1,1.52,Muscle Gain,Oatmeal,305.0,12.0,46.0,4.0,Banku_with_Okra_Soup,509.0,39.0,76.0,10.0,Kenkey_and_Fried_Fish_with_Hot_Pepper,603.0,46.0,51.0,17.0,Atsoomo_(Chin-Chin),307.38,5.91,36.59,10.85,1724.38,102.91,209.59,41.85
40,Male,82.5,1.74,Muscle Gain,Koko_with_Bofroat_(corn_dough_porridge_with_buffloaf),522.0,13.0,64.0,10.0,Kenkey_and_Fried_Fish_with_Hot_Pepper,757.0,48.0,54.0,21.0,Jollof_Rice_with_Chicken,840.0,54.0,73.0,17.0,Atsoomo_(Chin-Chin),307.38,5.91,36.59,10.85,2426.38,120.91,227.59,58.85
26,Female,67.4,1.61,Muscle Gain,Hausa_Koko_(millet_porridge)_with_Koose,330.0,14.0,39.0,7.0,Fufu_with_Light_Soup_with_Goat_Meat,807.0,39.0,75.0,16.0,Red-Red_(Beans_and_Plantain_with_red_oil),619.0,36.0,51.0,17.0,Atsoomo_(Chin-Chin),307.38,5.91,36.59,10.85,2063.38,94.91,201.59,50.85
17,Female,51.7,1.28,Muscle Gain,White_porridge_and_bread,319.0,9.0,61.0,5.0,Angwamu_(Oil_Rice)_with_Hot_Pepper_and_Egg,550.0,31.0,58.0,24.0,Waakye_and_Fish_with_egg,568.0,60.0,79.0,11.0,Atsoomo_(Chin-Chin),271.0,4.0,34.0,17.0,1708.0,104.0,232.0,57.0
51,Female,58.9,1.55,Weight Loss,Tea/Milo/Coffee_with_bread,285.0,6.0,36.0,6.0,Red-Red_(Beans_and_Plantain_with_red_oil),529.0,24.0,43.0,15.0,Banku_with_Okra_Soup,561.0,30.0,77.0,9.0,Nkatie_Cake_(Groundnut_Cake),298.0,10.0,19.0,15.0,1673.0,70.0,175.0,45.0
13,Male,51.1,1.21,Muscle Gain,White_porridge_and_bread,312.0,9.0,56.0,5.0,Tuo_Zaafi_with_Meat_Stew,545.0,56.0,70.0,15.0,Kenkey_and_Fried_Fish_with_Hot_Pepper,541.0,55.0,68.0,20.0,Nkatie_Cake_(Groundnut_Cake),332.0,15.0,26.0,17.0,1730.0,135.0,220.0,57.0
64,Male,59.4,1.71,Weight Loss,Rice_water_and_bread,256.0,8.0,45.0,2.0,Angwamu_(Oil_Rice)_with_Hot_Pepper_and_Egg,521.0,28.0,50.0,12.0,Waakye_and_Fish_with_egg,697.0,40.0,56.0,7.0,Atsoomo_(Chin-Chin),307.38,5.91,36.59,10.85,1781.38,81.91,187.59,31.85
53,Male,65.7,1.69,Weight Loss,White_porridge_and_bread,399.0,6.0,51.0,4.0,Jollof_Rice_with_Chicken,619.2,39.43,64.97,13.31,Fufu_with_Light_Soup_with_Goat_Meat,809.0,36.0,78.0,11.0,Atsoomo_(Chin-Chin),307.38,5.91,36.59,10.85,2134.58,87.34,230.56,39.16
32,Female,75.7,1.67,Muscle Gain,Hausa_Koko_(millet_porridge)_with_Koose,423.0,13.0,40.0,7.0,Jollof_Rice_with_Chicken,828.0,49.0,93.0,18.0,Red-Red_(Beans_and_Plantain_with_red_oil),574.0,32.0,60.0,19.0,Atsoomo_(Chin-Chin),307.38,5.91,36.59,10.85,2132.38,99.91,229.59,54.85
8,Female,47.2,1.0,Muscle Gain,Oatmeal,224.0,12.0,41.0,4.0,Banku_and_Tilapia_with_Hot_Pepper,437.0,45.0,73.0,15.0,Kenkey_and_Fried_Fish_with_Hot_Pepper,532.0,52.0,53.0,19.0,Atsoomo_(Chin-Chin),307.38,5.91,36.59,10.85,1500.38,114.91,203.59,48.85
65,Male,62.3,1.69,Weight Loss,Oatmeal,260.0,9.0,40.0,3.0,Kenkey_and_Fried_Fish_with_Hot_Pepper,536.0,35.0,58.0,13.0,Tuo_Zaafi_with_Meat_Stew,570.0,34.0,76.0,8.0,Atsoomo_(Chin-Chin),307.38,5.91,36.59,10.85,1673.38,83.91,210.59,34.85
13,Male,48.6,1.2,Muscle Gain,Oatmeal,231.0,15.0,41.0,4.0,Kenkey_and_Fried_Fish_with_Hot_Pepper,599.0,52.0,51.0,17.0,Angwamu_(Oil_Rice)_with_Hot_Pepper_and_Egg,473.0,36.0,64.0,23.0,Kofi_Brokeman_(Roasted_Plantain_with_Groundnut),243.0,8.0,43.0,8.0,1546.0,111.0,199.0,52.0
41,Male,79.0,1.72,Muscle Gain,Tea/Milo/Coffee_with_bread,372.0,7.0,34.0,6.0,Jollof_Rice_with_Chicken,619.2,39.43,64.97,13.31,Kenkey_and_Fried_Fish_with_Hot_Pepper,633.0,46.0,52.0,19.0,Atsoomo_(Chin-Chin),307.38,5.91,36.59,10.85,1931.58,98.34,187.56,49.16
18,Male,64.8,1.69,Weight Loss,White_porridge_and_bread,352.0,7.0,48.0,4.0,Jollof_Rice_with_Chicken,856.0,44.0,73.0,17.0,Tuo_Zaafi_with_Meat_Stew,712.0,30.0,69.0,9.0,Kofi_Brokeman_(Roasted_Plantain_with_Groundnut),336.0,7.0,37.0,8.0,2256.0,88.0,227.0,38.0
75,Male,73.5,1.64,Muscle Gain,Tom_Brown_and_bread,324.0,10.0,63.0,5.0,Kenkey_and_Fried_Fish_with_Hot_Pepper,704.0,42.0,61.0,14.0,Banku_and_Tilapia_with_Hot_Pepper,642.0,49.0,68.0,11.0,Atsoomo_(Chin-Chin),307.38,5.91,36.59,10.85,1977.38,106.91,228.59,40.85
41,Male,86.6,1.6,Muscle Gain,Oatmeal,383.0,10.0,48.0,4.0,Tuo_Zaafi_with_Meat_Stew,776.0,43.0,76.0,13.0,Boiled_Plantain/Yam_and_Garden_egg_stew,576.0,26.0,72.0,11.0,Atsoomo_(Chin-Chin),307.38,5.91,36.59,10.85,2042.38,84.91,232.59,38.85
12,Female,43.9,1.19,Weight Loss,Hausa_Koko_(millet_porridge)_with_Koose,265.0,13.0,36.0,6.0,Banku_with_Okra_Soup,463.0,33.0,64.0,10.0,Fufu_with_Light_Soup_with_Goat_Meat,526.0,44.0,63.0,10.0,Atsoomo_(Chin-Chin),307.38,5.91,36.59,10.85,1561.38,95.91,199.59,36.85
9,Male,39.8,1.14,Weight Loss,Koko_with_Bofroat_(corn_dough_porridge_with_buffloaf),336.0,9.0,54.0,6.0,Red-Red_(Beans_and_Plantain_with_red_oil),448.0,40.0,42.0,15.0,Boiled_Plantain/Yam_and_Garden_egg_stew,389.0,28.0,60.0,8.0,Atsoomo_(Chin-Chin),307.38,5.91,36.59,10.85,1480.38,82.91,192.59,39.85
58,Female,59.5,1.62,Weight Loss,White_porridge_and_bread,279.0,6.0,55.0,4.0,Boiled_Plantain/Yam_and_Garden_egg_stew,425.0,17.0,55.0,6.0,Banku_with_Okra_Soup,574.0,34.0,58.0,9.0,Agbelikaklo_with_Coconut,332.0,4.0,48.0,6.0,1610.0,61.0,216.0,25.0
17,Female,53.4,1.28,Muscle Gain,Oatmeal,277.0,12.0,44.0,4.0,Angwamu_(Oil_Rice)_with_Hot_Pepper_and_Egg,438.0,36.0,55.0,21.0,Fufu_with_Light_Soup_with_Goat_Meat,554.0,54.0,90.0,15.0,Plantain_Chips,215.0,3.0,41.0,12.0,1484.0,105.0,230.0,52.0
32,Female,71.4,1.6,Muscle Gain,Oatmeal,327.0,10.0,47.0,4.0,Tuo_Zaafi_with_Meat_Stew,605.0,33.0,64.0,12.0,Angwamu_(Oil_Rice)_with_Hot_Pepper_and_Egg,615.79,38.98,64.77,13.31,Atsoomo_(Chin-Chin),307.38,5.91,36.59,10.85,1855.17,87.89,212.36,40.16
53,Female,53.2,1.64,Weight Loss,Tea/Milo/Coffee_with_bread,242.0,6.0,35.0,6.0,Banku_with_Okra_Soup,634.0,33.0,71.0,9.0,Jollof_Rice_with_Chicken,796.0,35.0,70.0,13.0,Agbelikaklo_with_Coconut,255.0,4.0,44.0,7.0,1927.0,78.0,220.0,35.0
16,Female,50.0,1.24,Muscle Gain,Koko_with_Bofroat_(corn_dough_porridge_with_buffloaf),397.0,15.0,66.0,9.0,Red-Red_(Beans_and_Plantain_with_red_oil),426.0,37.0,59.0,16.0,Fufu_with_Light_Soup_with_Goat_Meat,638.0,54.0,70.0,16.0,Atsoomo_(Chin-Chin),307.38,5.91,36.59,10.85,1768.38,111.91,231.59,51.85
60,Female,75.0,1.63,Muscle Gain,White_porridge_and_bread,387.0,7.0,51.0,5.0,Boiled_Plantain/Yam_and_Garden_egg_stew,495.0,21.0,62.0,8.0,Banku_and_Tilapia_with_Hot_Pepper,694.0,42.0,66.0,17.0,Nkatie_Cake_(Groundnut_Cake),321.0,10.0,23.0,16.0,1897.0,80.0,202.0,46.0
28,Male,72.3,1.62,Muscle Gain,Tea/Milo/Coffee_with_bread,347.0,6.0,40.0,7.0,Banku_and_Tilapia_with_Hot_Pepper,795.0,55.0,69.0,16.0,Banku_with_Okra_Soup,728.0,33.0,67.0,10.0,Atsoomo_(Chin-Chin),307.38,5.91,36.59,10.85,2177.38,99.91,212.59,43.85
13,Male,38.9,1.21,Weight Loss,Oatmeal,264.0,11.0,41.0,4.0,Red-Red_(Beans_and_Plantain_with_red_oil),411.0,35.0,44.0,14.0,Tuo_Zaafi_with_Meat_Stew,573.0,41.0,71.0,12.0,Atsoomo_(Chin-Chin),307.38,5.91,36.59,10.85,1555.38,92.91,192.59,40.85
58,Male,83.6,1.75,Muscle Gain,Tom_Brown_and_bread,379.0,9.0,67.0,6.0,Angwamu_(Oil_Rice)_with_Hot_Pepper_and_Egg,719.0,34.0,51.0,21.0,Banku_with_Okra_Soup,717.0,37.0,77.0,13.0,Agbelikaklo_with_Coconut,339.0,6.0,48.0,11.0,2154.0,86.0,243.0,51.0
27,Female,57.6,1.65,Weight Loss,White_porridge_and_bread,340.0,6.0,44.0,4.0,Plain_Rice_with_Chicken,570.0,39.0,54.0,14.0,Fufu_with_Light_Soup_with_Goat_Meat,726.0,34.0,73.0,12.0,Atsoomo_(Chin-Chin),307.38,5.91,36.59,10.85,1943.38,84.91,207.59,40.85
28,Female,59.6,1.68,Weight Loss,Rice_water_and_bread,323.0,6.0,44.0,4.0,Plain_Rice_with_Chicken,672.0,40.0,63.0,14.0,Kenkey_and_Fried_Fish_with_Hot_Pepper,523.0,37.0,58.0,17.0,Atsoomo_(Chin-Chin),307.38,5.91,36.59,10.85,1825.38,88.91,201.59,45.85
11,Male,45.0,1.21,Weight Loss,Tom_Brown_and_bread,292.0,9.0,46.0,4.0,Red-Red_(Beans_and_Plantain_with_red_oil),389.0,34.0,55.0,14.0,Jollof_Rice_with_Chicken,698.0,57.0,75.0,17.0,Atsoomo_(Chin-Chin),307.38,5.91,36.59,10.85,1686.38,105.91,212.59,45.85
36,Female,73.9,1.54,Muscle Gain,White_porridge_and_bread,300.0,8.0,48.0,6.0,Banku_with_Okra_Soup,570.0,31.0,73.0,13.0,Tuo_Zaafi_with_Meat_Stew,710.0,37.0,78.0,14.0,Atsoomo_(Chin-Chin),307.38,5.91,36.59,10.85,1887.38,81.91,235.59,43.85
32,Female,58.1,1.56,Weight Loss,Koko_with_Bofroat_(corn_dough_porridge_with_buffloaf),379.0,8.0,55.0,7.0,Waakye_and_Fish_with_egg,674.0,39.0,72.0,8.0,Red-Red_(Beans_and_Plantain_with_red_oil),452.0,29.0,46.0,16.0,Atsoomo_(Chin-Chin),307.38,5.91,36.59,10.85,1812.38,81.91,209.59,41.85
84,Female,54.1,1.49,Weight Loss,Rice_water_and_bread,243.0,7.0,46.0,2.0,Angwamu_(Oil_Rice)_with_Hot_Pepper_and_Egg,438.0,24.0,53.0,12.0,Banku_and_Tilapia_with_Hot_Pepper,514.0,36.0,50.0,10.0,Atsoomo_(Chin-Chin),307.38,5.91,36.59,10.85,1502.38,72.91,185.59,34.85
34,Male,71.8,1.76,Weight Loss,White_porridge_and_bread,319.0,6.0,42.0,4.0,Banku_and_Tilapia_with_Hot_Pepper,717.0,42.0,49.0,11.0,Plain_Rice_with_Chicken,762.0,42.0,63.0,13.0,Atsoomo_(Chin-Chin),307.38,5.91,36.59,10.85,2105.38,95.91,190.59,38.85
5,Female,30.3,1.0,Weight Loss,White_porridge_and_bread,255.0,8.0,46.0,4.0,Banku_and_Tilapia_with_Hot_Pepper,484.0,51.0,56.0,10.0,Angwamu_(Oil_Rice)_with_Hot_Pepper_and_Egg,388.0,32.0,55.0,16.0,Atsoomo_(Chin-Chin),307.38,5.91,36.59,10.85,1434.38,96.91,193.59,40.85
33,Female,51.3,1.61,Weight Loss,Hausa_Koko_(millet_porridge)_with_Koose,320.0,11.0,38.0,6.0,Red-Red_(Beans_and_Plantain_with_red_oil),457.0,25.0,45.0,13.0,Plain_Rice_with_Chicken,728.0,44.0,54.0,12.0,Atsoomo_(Chin-Chin),307.38,5.91,36.59,10.85,1812.38,85.91,173.59,41.85
72,Female,55.4,1.53,Weight Loss,Oatmeal,336.42,9.46,47.78,5.3,Jollof_Rice_with_Chicken,586.0,34.0,66.0,13.0,Boiled_Plantain/Yam_and_Garden_egg_stew,405.0,19.0,59.0,6.0,Atsoomo_(Chin-Chin),307.38,5.91,36.59,10.85,1634.8,68.37,209.37,35.15
58,Female,59.1,1.66,Weight Loss,White_porridge_and_bread,279.0,6.0,41.0,4.0,Banku_and_Tilapia_with_Hot_Pepper,540.0,33.0,49.0,12.0,Plain_Rice_with_Chicken,699.0,49.0,64.0,13.0,Atsoomo_(Chin-Chin),307.38,5.91,36.59,10.85,1825.38,93.91,190.59,39.85
68,Male,74.5,1.65,Muscle Gain,White_porridge_and_bread,356.0,8.0,62.0,4.0,Jollof_Rice_with_Chicken,842.0,58.0,86.0,17.0,Red-Red_(Beans_and_Plantain_with_red_oil),537.0,32.0,57.0,12.0,Atsoomo_(Chin-Chin),307.38,5.91,36.59,10.85,2042.38,103.91,241.59,43.85
25,Male,67.2,1.77,Muscle Gain,White_porridge_and_bread,335.0,7.0,53.0,5.0,Banku_and_Tilapia_with_Hot_Pepper,634.0,49.0,58.0,16.0,Boiled_Plantain/Yam_and_Garden_egg_stew,610.0,24.0,57.0,8.0,Atsoomo_(Chin-Chin),307.38,5.91,36.59,10.85,1886.38,85.91,204.59,39.85
49,Male,84.2,1.65,Muscle Gain,White_porridge_and_bread,427.0,8.0,51.0,5.0,Tuo_Zaafi_with_Meat_Stew,733.0,36.0,67.0,14.0,Fufu_with_Light_Soup_with_Goat_Meat,789.0,44.0,73.0,15.0,Atsoomo_(Chin-Chin),307.38,5.91,36.59,10.85,2256.38,93.91,227.59,44.85
68,Female,72.2,1.58,Muscle Gain,Tea/Milo/Coffee_with_bread,267.0,6.0,38.0,6.0,Banku_with_Okra_Soup,543.0,37.0,66.0,8.0,Boiled_Plantain/Yam_and_Garden_egg_stew,449.0,20.0,58.0,7.0,Atsoomo_(Chin-Chin),355.0,4.0,33.0,17.0,1614.0,67.0,195.0,38.0
25,Male,81.4,1.71,Muscle Gain,Rice_water_and_bread,317.0,9.0,56.0,4.0,Angwamu_(Oil_Rice)_with_Hot_Pepper_and_Egg,572.0,27.0,56.0,20.0,Waakye_and_Fish_with_egg,781.0,46.0,79.0,10.0,Atsoomo_(Chin-Chin),307.38,5.91,36.59,10.85,1977.38,87.91,227.59,44.85
57,Female,68.7,1.59,Muscle Gain,Tea/Milo/Coffee_with_bread,321.0,6.0,42.0,9.0,Tuo_Zaafi_with_Meat_Stew,726.0,43.0,85.0,12.0,Jollof_Rice_with_Chicken,833.0,42.0,84.0,22.0,Atsoomo_(Chin-Chin),307.38,5.91,36.59,10.85,2187.38,96.91,247.59,53.85
17,Female,43.5,1.28,Weight Loss,Oatmeal,336.42,9.46,47.78,5.3,Red-Red_(Beans_and_Plantain_with_red_oil),370.0,37.0,51.0,15.0,Tuo_Zaafi_with_Meat_Stew,476.0,34.0,62.0,10.0,Atsoomo_(Chin-Chin),307.38,5.91,36.59,10.85,1489.8,86.37,197.37,41.15
56,Female,60.3,1.56,Weight Loss,Tea/Milo/Coffee_with_bread,275.0,5.0,37.0,5.0,Banku_with_Okra_Soup,683.0,29.0,72.0,8.0,Waakye_and_Fish_with_egg,571.0,37.0,62.0,9.0,Atsoomo_(Chin-Chin),307.38,5.91,36.59,10.85,1836.38,76.91,207.59,32.85
58,Female,76.1,1.55,Muscle Gain,Oatmeal,336.42,9.46,47.78,5.3,Plain_Rice_with_Chicken,638.0,46.0,66.0,15.0,Kenkey_and_Fried_Fish_with_Hot_Pepper,554.0,44.0,54.0,20.0,Atsoomo_(Chin-Chin),307.38,5.91,36.59,10.85,1835.8,105.37,204.37,51.15
35,Female,62.2,1.58,Weight Loss,Tom_Brown_and_bread,387.0,9.0,53.0,4.0,Fufu_with_Light_Soup_with_Goat_Meat,607.0,35.0,76.0,10.0,Kenkey_and_Fried_Fish_with_Hot_Pepper,647.0,37.0,45.0,13.0,Kofi_Brokeman_(Roasted_Plantain_with_Groundnut),243.0,6.0,36.0,8.0,1884.0,87.0,210.0,35.0
8,Female,45.7,1.01,Muscle Gain,Hausa_Koko_(millet_porridge)_with_Koose,292.0,15.0,39.0,8.0,Red-Red_(Beans_and_Plantain_with_red_oil),463.0,44.0,48.0,19.0,Angwamu_(Oil_Rice)_with_Hot_Pepper_and_Egg,615.79,38.98,64.77,13.31,Atsoomo_(Chin-Chin),307.38,5.91,36.59,10.85,1678.17,103.89,188.36,51.16
70,Male,74.2,1.65,Muscle Gain,Rice_water_and_bread,315.0,9.0,57.0,4.0,Fufu_with_Light_Soup_with_Goat_Meat,793.0,44.0,74.0,11.0,Tuo_Zaafi_with_Meat_Stew,634.0,39.0,71.0,11.0,Atsoomo_(Chin-Chin),307.38,5.91,36.59,10.85,2049.38,97.91,238.59,36.85
34,Male,59.2,1.67,Weight Loss,Hausa_Koko_(millet_porridge)_with_Koose,376.0,13.0,45.0,5.0,Fufu_with_Light_Soup_with_Goat_Meat,674.0,38.0,63.0,12.0,Jollof_Rice_with_Chicken,767.0,42.0,74.0,16.0,Plantain_Chips,317.0,3.0,39.0,8.0,2134.0,96.0,221.0,41.0
58,Male,78.8,1.68,Muscle Gain,Oatmeal,310.0,13.0,50.0,4.0,Jollof_Rice_with_Chicken,619.2,39.43,64.97,13.31,Angwamu_(Oil_Rice)_with_Hot_Pepper_and_Egg,606.0,34.0,58.0,18.0,Atsoomo_(Chin-Chin),307.38,5.91,36.59,10.85,1842.58,92.34,209.56,46.16
65,Female,70.8,1.56,Muscle Gain,Oatmeal,265.0,9.0,44.0,4.0,Banku_with_Okra_Soup,632.0,33.0,82.0,10.0,Tuo_Zaafi_with_Meat_Stew,712.0,40.0,66.0,11.0,Plantain_Chips,304.0,3.0,38.0,9.0,1913.0,85.0,230.0,34.0
58,Male,63.5,1.65,Weight Loss,Koko_with_Bofroat_(corn_dough_porridge_with_buffloaf),397.0,8.0,47.0,8.0,Fufu_with_Light_Soup_with_Goat_Meat,664.0,41.0,62.0,11.0,Angwamu_(Oil_Rice)_with_Hot_Pepper_and_Egg,618.0,28.0,49.0,14.0,Agbelikaklo_with_Coconut,361.0,5.0,50.0,8.0,2040.0,82.0,208.0,41.0
60,Male,58.8,1.61,Weight Loss,Tea/Milo/Coffee_with_bread,261.0,5.0,32.0,5.0,Red-Red_(Beans_and_Plantain_with_red_oil),474.0,33.0,44.0,14.0,Boiled_Plantain/Yam_and_Garden_egg_stew,550.0,23.0,54.0,7.0,Atsoomo_(Chin-Chin),307.38,5.91,36.59,10.85,1592.38,66.91,166.59,36.85
41,Male,58.9,1.81,Weight Loss,White_porridge_and_bread,366.0,7.0,54.0,4.0,Jollof_Rice_with_Chicken,619.2,39.43,64.97,13.31,Plain_Rice_with_Chicken,687.0,51.0,65.0,12.0,Atsoomo_(Chin-Chin),307.38,5.91,36.59,10.85,1979.58,103.34,220.56,40.16
40,Female,74.4,1.57,Muscle Gain,Oatmeal,336.42,9.46,47.78,5.3,Fufu_with_Light_Soup_with_Goat_Meat,803.0,36.0,84.0,16.0,Kenkey_and_Fried_Fish_with_Hot_Pepper,683.0,40.0,54.0,20.0,Atsoomo_(Chin-Chin),307.38,5.91,36.59,10.85,2129.8,91.37,222.37,52.15
9,Female,48.0,1.04,Muscle Gain,Rice_water_and_bread,224.0,10.0,58.0,5.0,Angwamu_(Oil_Rice)_with_Hot_Pepper_and_Egg,506.0,33.0,52.0,21.0,Fufu_with_Light_Soup_with_Goat_Meat,488.0,51.0,88.0,16.0,Atsoomo_(Chin-Chin),307.38,5.91,36.59,10.85,1525.38,99.91,234.59,52.85
44,Male,78.4,1.66,Muscle Gain,Tom_Brown_and_bread,453.0,9.0,58.0,5.0,Banku_and_Tilapia_with_Hot_Pepper,663.0,46.0,65.0,16.0,Fufu_with_Light_Soup_with_Goat_Meat,767.0,42.0,80.0,13.0,Kofi_Brokeman_(Roasted_Plantain_with_Groundnut),356.0,7.0,34.0,10.0,2239.0,104.0,237.0,44.0
19,Female,73.2,1.56,Muscle Gain,Oatmeal,336.0,13.0,51.0,5.0,Jollof_Rice_with_Chicken,832.0,46.0,80.0,18.0,Fufu_with_Light_Soup_with_Goat_Meat,756.0,37.0,68.0,13.0,Agbelikaklo_with_Coconut,347.0,4.0,57.0,9.0,2271.0,100.0,256.0,45.0
41,Male,84.5,1.64,Muscle Gain,Koko_with_Bofroat_(corn_dough_porridge_with_buffloaf),540.0,14.0,63.0,11.0,Banku_with_Okra_Soup,668.0,39.0,84.0,10.0,Fufu_with_Light_Soup_with_Goat_Meat,689.0,40.0,70.0,14.0,Atsoomo_(Chin-Chin),307.38,5.91,36.59,10.85,2204.38,98.91,253.59,45.85
23,Female,50.7,1.67,Weight Loss,Hausa_Koko_(millet_porridge)_with_Koose,344.0,13.0,42.0,5.0,Kenkey_and_Fried_Fish_with_Hot_Pepper,571.0,38.0,52.0,16.0,Jollof_Rice_with_Chicken,774.0,40.0,70.0,14.0,Atsoomo_(Chin-Chin),307.38,5.91,36.59,10.85,1996.38,96.91,200.59,45.85
54,Female,68.8,1.56,Muscle Gain,Tom_Brown_and_bread,358.0,12.0,54.0,6.0,Tuo_Zaafi_with_Meat_Stew,636.0,37.0,68.0,13.0,Banku_and_Tilapia_with_Hot_Pepper,628.0,49.0,67.0,14.0,Atsoomo_(Chin-Chin),307.38,5.91,36.59,10.85,1929.38,103.91,225.59,43.85
29,Male,60.0,1.63,Weight Loss,Oatmeal,347.0,8.0,42.0,4.0,Banku_and_Tilapia_with_Hot_Pepper,654.0,46.0,52.0,12.0,Red-Red_(Beans_and_Plantain_with_red_oil),585.0,34.0,49.0,15.0,Atsoomo_(Chin-Chin),307.38,5.91,36.59,10.85,1893.38,93.91,179.59,41.85
40,Female,53.0,1.69,Weight Loss,Koko_with_Bofroat_(corn_dough_porridge_with_buffloaf),447.0,11.0,51.0,7.0,Jollof_Rice_with_Chicken,662.0,42.0,77.0,13.0,Fufu_with_Light_Soup_with_Goat_Meat,580.0,39.0,63.0,10.0,Atsoomo_(Chin-Chin),307.38,5.91,36.59,10.85,1996.38,97.91,227.59,40.85
79,Female,55.5,1.54,Weight Loss,Tom_Brown_and_bread,296.0,9.0,57.0,3.0,Red-Red_(Beans_and_Plantain_with_red_oil),396.0,26.0,51.0,10.0,Tuo_Zaafi_with_Meat_Stew,511.0,32.0,60.0,8.0,Roasted/Boiled_Maize_with_Coconut,208.0,6.0,31.0,5.0,1411.0,73.0,199.0,26.0
25,Female,72.5,1.52,Muscle Gain,Oatmeal,330.0,9.0,50.0,4.0,Kenkey_and_Fried_Fish_with_Hot_Pepper,535.0,48.0,58.0,17.0,Waakye_and_Fish_with_egg,760.0,51.0,66.0,11.0,Atsoomo_(Chin-Chin),307.38,5.91,36.59,10.85,1932.38,113.91,210.59,42.85
73,Male,61.1,1.67,Weight Loss,Hausa_Koko_(millet_porridge)_with_Koose,297.0,13.0,43.0,4.0,Red-Red_(Beans_and_Plantain_with_red_oil),443.0,33.0,55.0,11.0,Boiled_Plantain/Yam_and_Garden_egg_stew,495.0,24.0,58.0,5.0,Atsoomo_(Chin-Chin),307.38,5.91,36.59,10.85,1542.38,75.91,192.59,30.85
54,Female,71.8,1.49,Muscle Gain,Koko_with_Bofroat_(corn_dough_porridge_with_buffloaf),413.0,12.0,60.0,10.0,Banku_and_Tilapia_with_Hot_Pepper,583.0,50.0,60.0,13.0,Angwamu_(Oil_Rice)_with_Hot_Pepper_and_Egg,615.79,38.98,64.77,13.31,Atsoomo_(Chin-Chin),307.38,5.91,36.59,10.85,1919.17,106.89,221.36,47.16
61,Male,61.2,1.67,Weight Loss,Tea/Milo/Coffee_with_bread,299.0,5.0,35.0,4.0,Plain_Rice_with_Chicken,624.0,53.0,69.0,11.0,Angwamu_(Oil_Rice)_with_Hot_Pepper_and_Egg,615.79,38.98,64.77,13.31,Atsoomo_(Chin-Chin),295.0,4.0,31.0,12.0,1833.79,100.98,199.77,40.31
77,Female,67.5,1.53,Muscle Gain,Oatmeal,336.42,9.46,47.78,5.3,Red-Red_(Beans_and_Plantain_with_red_oil),501.0,32.0,61.0,16.0,Boiled_Plantain/Yam_and_Garden_egg_stew,442.0,21.0,72.0,8.0,Atsoomo_(Chin-Chin),307.38,5.91,36.59,10.85,1586.8,68.37,217.37,40.15
41,Male,68.5,1.76,Weight Loss,Hausa_Koko_(millet_porridge)_with_Koose,418.0,14.0,36.0,5.0,Jollof_Rice_with_Chicken,619.2,39.43,64.97,13.31,Banku_and_Tilapia_with_Hot_Pepper,667.0,40.0,52.0,12.0,Agbelikaklo_with_Coconut,352.0,5.0,39.0,6.0,2056.2,98.43,191.97,36.31
22,Female,62.6,1.58,Muscle Gain,White_porridge_and_bread,328.0,8.0,47.0,5.0,Banku_with_Okra_Soup,711.0,31.0,85.0,13.0,Red-Red_(Beans_and_Plantain_with_red_oil),542.0,37.0,59.0,19.0,Atsoomo_(Chin-Chin),307.38,5.91,36.59,10.85,1888.38,81.91,227.59,47.85
44,Female,64.9,1.6,Weight Loss,White_porridge_and_bread,322.0,7.0,48.0,4.0,Jollof_Rice_with_Chicken,626.0,38.0,80.0,16.0,Plain_Rice_with_Chicken,736.0,46.0,58.0,14.0,Atsoomo_(Chin-Chin),307.38,5.91,36.59,10.85,1991.38,96.91,222.59,44.85
12,Female,46.2,1.21,Weight Loss,Oatmeal,336.42,9.46,47.78,5.3,Banku_with_Okra_Soup,418.0,34.0,57.0,8.0,Red-Red_(Beans_and_Plantain_with_red_oil),416.0,28.0,47.0,12.0,Atsoomo_(Chin-Chin),307.38,5.91,36.59,10.85,1477.8,77.37,188.37,36.15
85,Male,72.1,1.63,Muscle Gain,Rice_water_and_bread,332.0,8.0,49.0,4.0,Banku_with_Okra_Soup,624.0,43.0,68.0,9.0,Kenkey_and_Fried_Fish_with_Hot_Pepper,609.0,40.0,61.0,17.0,Roasted/Boiled_Maize_with_Coconut,231.0,6.0,37.0,6.0,1796.0,97.0,215.0,36.0
64,Female,73.3,1.58,Muscle Gain,Koko_with_Bofroat_(corn_dough_porridge_with_buffloaf),397.0,12.0,54.0,7.0,Red-Red_(Beans_and_Plantain_with_red_oil),467.0,34.0,58.0,16.0,Banku_with_Okra_Soup,663.0,39.0,84.0,11.0,Agbelikaklo_with_Coconut,281.0,4.0,52.0,9.0,1808.0,89.0,248.0,43.0
9,Female,36.7,1.07,Weight Loss,Rice_water_and_bread,240.0,9.0,51.0,3.0,Jollof_Rice_with_Chicken,619.2,39.43,64.97,13.31,Fufu_with_Light_Soup_with_Goat_Meat,471.0,44.0,80.0,10.0,Kofi_Brokeman_(Roasted_Plantain_with_Groundnut),185.0,8.0,31.0,7.0,1515.2,100.43,226.97,33.31
29,Female,61.4,1.59,Weight Loss,Oatmeal,239.0,10.0,40.0,3.0,Jollof_Rice_with_Chicken,734.0,34.0,66.0,16.0,Angwamu_(Oil_Rice)_with_Hot_Pepper_and_Egg,615.79,38.98,64.77,13.31,Atsoomo_(Chin-Chin),307.38,5.91,36.59,10.85,1896.17,88.89,207.36,43.16
48,Female,61.3,1.58,Weight Loss,Oatmeal,336.42,9.46,47.78,5.3,Tuo_Zaafi_with_Meat_Stew,539.0,35.0,60.0,9.0,Waakye_and_Fish_with_egg,557.0,37.0,60.0,10.0,Atsoomo_(Chin-Chin),307.38,5.91,36.59,10.85,1739.8,87.37,204.37,35.15
44,Female,67.7,1.67,Muscle Gain,Tea/Milo/Coffee_with_bread,339.0,6.0,36.0,7.0,Jollof_Rice_with_Chicken,786.0,43.0,79.0,21.0,Fufu_with_Light_Soup_with_Goat_Meat,789.0,40.0,90.0,14.0,Atsoomo_(Chin-Chin),307.38,5.91,36.59,10.85,2221.38,94.91,241.59,52.85
37,Female,51.1,1.55,Weight Loss,Koko_with_Bofroat_(corn_dough_porridge_with_buffloaf),430.0,10.0,55.0,6.0,Red-Red_(Beans_and_Plantain_with_red_oil),574.0,30.0,45.0,13.0,Banku_with_Okra_Soup,524.0,32.0,62.0,9.0,Atsoomo_(Chin-Chin),307.38,5.91,36.59,10.85,1835.38,77.91,198.59,38.85
12,Female,57.1,1.24,Muscle Gain,Tom_Brown_and_bread,299.0,10.0,54.0,6.0,Tuo_Zaafi_with_Meat_Stew,525.0,38.0,78.0,16.0,Banku_with_Okra_Soup,454.0,48.0,73.0,10.0,Atsoomo_(Chin-Chin),308.0,3.0,37.0,22.0,1586.0,99.0,242.0,54.0
20,Female,55.3,1.56,Weight Loss,Hausa_Koko_(millet_porridge)_with_Koose,345.0,11.0,39.0,5.0,Jollof_Rice_with_Chicken,619.2,39.43,64.97,13.31,Waakye_and_Fish_with_egg,669.0,47.0,55.0,8.0,Atsoomo_(Chin-Chin),307.38,5.91,36.59,10.85,1940.58,103.34,195.56,37.16
78,Male,61.0,1.66,Weight Loss,Rice_water_and_bread,297.0,7.0,55.0,2.0,Waakye_and_Fish_with_egg,594.0,42.0,72.0,8.0,Fufu_with_Light_Soup_with_Goat_Meat,729.0,34.0,63.0,9.0,Plantain_Chips,247.0,3.0,45.0,7.0,1867.0,86.0,235.0,26.0
84,Male,69.8,1.64,Muscle Gain,Hausa_Koko_(millet_porridge)_with_Koose,413.0,15.0,49.0,5.0,Boiled_Plantain/Yam_and_Garden_egg_stew,544.0,24.0,74.0,6.0,Kenkey_and_Fried_Fish_with_Hot_Pepper,699.0,50.0,62.0,14.0,Atsoomo_(Chin-Chin),307.38,5.91,36.59,10.85,1963.38,94.91,221.59,35.85
36,Male,61.3,1.63,Weight Loss,White_porridge_and_bread,377.0,6.0,43.0,4.0,Waakye_and_Fish_with_egg,675.0,49.0,70.0,8.0,Jollof_Rice_with_Chicken,730.0,38.0,84.0,16.0,Atsoomo_(Chin-Chin),307.38,5.91,36.59,10.85,2089.38,98.91,233.59,38.85
31,Female,61.8,1.66,Weight Loss,Hausa_Koko_(millet_porridge)_with_Koose,319.0,10.0,42.0,6.0,Tuo_Zaafi_with_Meat_Stew,613.0,29.0,70.0,12.0,Fufu_with_Light_Soup_with_Goat_Meat,626.0,35.0,63.0,13.0,Atsoomo_(Chin-Chin),307.38,5.91,36.59,10.85,1865.38,79.91,211.59,41.85
82,Male,60.0,1.62,Weight Loss,Oatmeal,247.0,9.0,37.0,3.0,Tuo_Zaafi_with_Meat_Stew,661.0,34.0,69.0,8.0,Fufu_with_Light_Soup_with_Goat_Meat,719.0,37.0,63.0,9.0,Atsoomo_(Chin-Chin),307.38,5.91,36.59,10.85,1934.38,85.91,205.59,30.85
85,Female,63.4,1.54,Muscle Gain,Oatmeal,269.0,10.0,45.0,3.0,Jollof_Rice_with_Chicken,619.2,39.43,64.97,13.31,Boiled_Plantain/Yam_and_Garden_egg_stew,495.0,22.0,58.0,8.0,Atsoomo_(Chin-Chin),307.38,5.91,36.59,10.85,1690.58,77.34,204.56,35.16
27,Male,67.0,1.63,Weight Loss,Tea/Milo/Coffee_with_bread,344.0,6.0,33.0,5.0,Plain_Rice_with_Chicken,759.0,51.0,63.0,12.0,Angwamu_(Oil_Rice)_with_Hot_Pepper_and_Egg,615.79,38.98,64.77,13.31,Atsoomo_(Chin-Chin),307.38,5.91,36.59,10.85,2026.17,101.89,197.36,41.16
32,Male,59.8,1.68,Weight Loss,White_porridge_and_bread,299.0,6.0,50.0,4.0,Banku_and_Tilapia_with_Hot_Pepper,623.0,36.0,51.0,11.0,Fufu_with_Light_Soup_with_Goat_Meat,613.0,37.0,64.0,12.0,Atsoomo_(Chin-Chin),307.38,5.91,36.59,10.85,1842.38,84.91,201.59,37.85
82,Female,55.5,1.53,Weight Loss,Rice_water_and_bread,289.0,7.0,47.0,2.0,Red-Red_(Beans_and_Plantain_with_red_oil),438.0,30.0,48.0,12.0,Kenkey_and_Fried_Fish_with_Hot_Pepper,480.0,34.0,47.0,13.0,Kofi_Brokeman_(Roasted_Plantain_with_Groundnut),211.0,7.0,36.0,6.0,1418.0,78.0,178.0,33.0
80,Male,71.5,1.65,Muscle Gain,Tea/Milo/Coffee_with_bread,266.0,6.0,36.0,6.0,Banku_with_Okra_Soup,611.0,37.0,64.0,10.0,Tuo_Zaafi_with_Meat_Stew,774.0,34.0,78.0,9.0,Atsoomo_(Chin-Chin),307.38,5.91,36.59,10.85,1958.38,82.91,214.59,35.85
81,Male,60.1,1.6,Weight Loss,Oatmeal,261.0,12.0,45.0,3.0,Tuo_Zaafi_with_Meat_Stew,534.0,37.0,75.0,8.0,Angwamu_(Oil_Rice)_with_Hot_Pepper_and_Egg,615.79,38.98,64.77,13.31,Nkatie_Cake_(Groundnut_Cake),301.0,9.0,20.0,9.0,1711.79,96.98,204.77,33.31
56,Female,72.9,1.58,Muscle Gain,White_porridge_and_bread,375.0,7.0,63.0,5.0,Jollof_Rice_with_Chicken,619.2,39.43,64.97,13.31,Plain_Rice_with_Chicken,765.0,56.0,68.0,15.0,Kofi_Brokeman_(Roasted_Plantain_with_Groundnut),311.0,8.0,42.0,8.0,2070.2,110.43,237.97,41.31
40,Male,71.9,1.66,Muscle Gain,Tom_Brown_and_bread,364.0,13.0,60.0,6.0,Banku_with_Okra_Soup,680.0,43.0,66.0,11.0,Waakye_and_Fish_with_egg,777.0,61.0,80.0,10.0,Agbelikaklo_with_Coconut,402.0,6.0,51.0,9.0,2223.0,123.0,257.0,36.0
58,Female,61.8,1.6,Weight Loss,Tom_Brown_and_bread,389.0,7.0,52.0,4.0,Banku_and_Tilapia_with_Hot_Pepper,505.0,38.0,51.0,10.0,Red-Red_(Beans_and_Plantain_with_red_oil),463.0,29.0,52.0,15.0,Atsoomo_(Chin-Chin),307.38,5.91,36.59,10.85,1664.38,79.91,191.59,39.85
69,Male,64.1,1.66,Weight Loss,Koko_with_Bofroat_(corn_dough_porridge_with_buffloaf),381.0,8.0,60.0,6.0,Kenkey_and_Fried_Fish_with_Hot_Pepper,553.0,35.0,57.0,14.0,Waakye_and_Fish_with_egg,545.0,47.0,62.0,6.0,Atsoomo_(Chin-Chin),307.38,5.91,36.59,10.85,1786.38,95.91,215.59,36.85
41,Male,79.4,1.64,Muscle Gain,Tea/Milo/Coffee_with_bread,371.0,7.0,36.0,9.0,Plain_Rice_with_Chicken,764.0,58.0,76.0,19.0,Kenkey_and_Fried_Fish_with_Hot_Pepper,589.0,39.0,55.0,18.0,Atsoomo_(Chin-Chin),307.38,5.91,36.59,10.85,2031.38,109.91,203.59,56.85
38,Female,62.1,1.66,Weight Loss,Hausa_Koko_(millet_porridge)_with_Koose,315.0,12.0,40.0,6.0,Tuo_Zaafi_with_Meat_Stew,716.0,33.0,59.0,8.0,Angwamu_(Oil_Rice)_with_Hot_Pepper_and_Egg,615.79,38.98,64.77,13.31,Roasted/Boiled_Maize_with_Coconut,278.0,6.0,38.0,4.0,1924.79,89.98,201.77,31.31
67,Male,62.3,1.67,Weight Loss,Oatmeal,336.42,9.46,47.78,5.3,Red-Red_(Beans_and_Plantain_with_red_oil),562.0,28.0,53.0,10.0,Angwamu_(Oil_Rice)_with_Hot_Pepper_and_Egg,615.79,38.98,64.77,13.31,Atsoomo_(Chin-Chin),307.38,5.91,36.59,10.85,1821.59,82.35,202.14,39.46
68,Male,73.5,1.7,Muscle Gain,Hausa_Koko_(millet_porridge)_with_Koose,413.0,15.0,41.0,5.0,Banku_and_Tilapia_with_Hot_Pepper,705.0,49.0,61.0,13.0,Boiled_Plantain/Yam_and_Garden_egg_stew,504.0,26.0,64.0,9.0,Atsoomo_(Chin-Chin),307.38,5.91,36.59,10.85,1929.38,95.91,202.59,37.85
17,Male,55.1,1.38,Muscle Gain,Koko_with_Bofroat_(corn_dough_porridge_with_buffloaf),421.0,15.0,51.0,8.0,Banku_and_Tilapia_with_Hot_Pepper,627.0,60.0,60.0,12.0,Tuo_Zaafi_with_Meat_Stew,625.0,49.0,79.0,15.0,Atsoomo_(Chin-Chin),338.0,4.0,33.0,20.0,2011.0,128.0,223.0,55.0
31,Female,57.4,1.61,Weight Loss,Koko_with_Bofroat_(corn_dough_porridge_with_buffloaf),426.0,9.0,55.0,8.0,Tuo_Zaafi_with_Meat_Stew,689.0,35.0,66.0,10.0,Banku_and_Tilapia_with_Hot_Pepper,596.0,37.0,65.0,12.0,Atsoomo_(Chin-Chin),307.38,5.91,36.59,10.85,2018.38,86.91,222.59,40.85
47,Female,69.8,1.64,Muscle Gain,Tea/Milo/Coffee_with_bread,348.0,6.0,43.0,8.0,Jollof_Rice_with_Chicken,668.0,43.0,76.0,20.0,Red-Red_(Beans_and_Plantain_with_red_oil),486.0,36.0,48.0,19.0,Atsoomo_(Chin-Chin),307.38,5.91,36.59,10.85,1809.38,90.91,203.59,57.85
40,Female,78.3,1.63,Muscle Gain,Tea/Milo/Coffee_with_bread,309.0,7.0,45.0,6.0,Tuo_Zaafi_with_Meat_Stew,623.0,34.0,70.0,14.0,Angwamu_(Oil_Rice)_with_Hot_Pepper_and_Egg,570.0,32.0,67.0,19.0,Atsoomo_(Chin-Chin),307.38,5.91,36.59,10.85,1809.38,78.91,218.59,49.85
30,Female,54.5,1.6,Weight Loss,Koko_with_Bofroat_(corn_dough_porridge_with_buffloaf),374.0,10.0,49.0,7.0,Plain_Rice_with_Chicken,563.0,50.0,59.0,14.0,Angwamu_(Oil_Rice)_with_Hot_Pepper_and_Egg,613.0,25.0,50.0,14.0,Atsoomo_(Chin-Chin),339.0,4.0,30.0,17.0,1889.0,89.0,188.0,52.0
53,Male,79.6,1.63,Muscle Gain,Oatmeal,336.42,9.46,47.78,5.3,Red-Red_(Beans_and_Plantain_with_red_oil),655.0,40.0,50.0,16.0,Fufu_with_Light_Soup_with_Goat_Meat,811.0,42.0,83.0,15.0,Atsoomo_(Chin-Chin),307.38,5.91,36.59,10.85,2109.8,97.37,217.37,47.15
9,Female,37.3,1.04,Weight Loss,Hausa_Koko_(millet_porridge)_with_Koose,316.0,14.0,45.0,6.0,Kenkey_and_Fried_Fish_with_Hot_Pepper,508.0,36.0,53.0,14.0,Jollof_Rice_with_Chicken,551.0,48.0,73.0,13.0,Atsoomo_(Chin-Chin),307.38,5.91,36.59,10.85,1682.38,103.91,207.59,43.85
17,Male,46.5,1.36,Weight Loss,Koko_with_Bofroat_(corn_dough_porridge_with_buffloaf),389.0,14.0,45.0,6.0,Boiled_Plantain/Yam_and_Garden_egg_stew,479.0,27.0,57.0,7.0,Banku_with_Okra_Soup,453.0,42.0,75.0,8.0,Agbelikaklo_with_Coconut,234.0,6.0,39.0,8.0,1555.0,89.0,216.0,29.0
49,Male,72.4,1.74,Muscle Gain,Koko_with_Bofroat_(corn_dough_porridge_with_buffloaf),517.0,10.0,66.0,10.0,Red-Red_(Beans_and_Plantain_with_red_oil),533.0,40.0,47.0,17.0,Kenkey_and_Fried_Fish_with_Hot_Pepper,690.0,45.0,54.0,18.0,Agbelikaklo_with_Coconut,352.0,4.0,55.0,8.0,2092.0,99.0,222.0,53.0
25,Male,64.9,1.71,Weight Loss,White_porridge_and_bread,333.0,7.0,43.0,4.0,Banku_and_Tilapia_with_Hot_Pepper,616.0,42.0,51.0,12.0,Boiled_Plantain/Yam_and_Garden_egg_stew,578.0,18.0,66.0,6.0,Atsoomo_(Chin-Chin),307.38,5.91,36.59,10.85,1834.38,72.91,196.59,32.85
63,Male,73.5,1.69,Muscle Gain,Tom_Brown_and_bread,413.0,9.0,66.0,4.0,Banku_with_Okra_Soup,743.0,33.0,79.0,11.0,Fufu_with_Light_Soup_with_Goat_Meat,723.0,40.0,72.0,11.0,Atsoomo_(Chin-Chin),307.38,5.91,36.59,10.85,2186.38,87.91,253.59,36.85
29,Male,81.9,1.74,Muscle Gain,Hausa_Koko_(millet_porridge)_with_Koose,397.0,13.0,43.0,7.0,Banku_with_Okra_Soup,762.0,34.0,73.0,12.0,Kenkey_and_Fried_Fish_with_Hot_Pepper,743.0,49.0,61.0,19.0,Kofi_Brokeman_(Roasted_Plantain_with_Groundnut),368.0,8.0,37.0,9.0,2270.0,104.0,214.0,47.0
70,Male,76.1,1.65,Muscle Gain,Tom_Brown_and_bread,352.0,8.0,56.0,5.0,Fufu_with_Light_Soup_with_Goat_Meat,691.0,43.0,76.0,12.0,Banku_with_Okra_Soup,721.0,37.0,70.0,10.0,Nkatie_Cake_(Groundnut_Cake),334.0,13.0,28.0,17.0,2098.0,101.0,230.0,44.0
54,Female,60.1,1.67,Weight Loss,Tea/Milo/Coffee_with_bread,241.0,6.0,36.0,7.0,Banku_and_Tilapia_with_Hot_Pepper,557.0,33.0,66.0,10.0,Kenkey_and_Fried_Fish_with_Hot_Pepper,510.0,30.0,48.0,17.0,Atsoomo_(Chin-Chin),307.38,5.91,36.59,10.85,1615.38,74.91,186.59,44.85
17,Female,51.6,1.3,Muscle Gain,Oatmeal,336.42,9.46,47.78,5.3,Jollof_Rice_with_Chicken,619.2,39.43,64.97,13.31,Boiled_Plantain/Yam_and_Garden_egg_stew,470.0,24.0,59.0,8.0,Atsoomo_(Chin-Chin),307.38,5.91,36.59,10.85,1733.0,78.8,208.34,37.46
16,Female,51.7,1.26,Muscle Gain,Hausa_Koko_(millet_porridge)_with_Koose,306.0,14.0,47.0,7.0,Angwamu_(Oil_Rice)_with_Hot_Pepper_and_Egg,435.0,36.0,57.0,20.0,Waakye_and_Fish_with_egg,515.0,51.0,75.0,13.0,Atsoomo_(Chin-Chin),307.38,5.91,36.59,10.85,1563.38,106.91,215.59,50.85
85,Female,55.0,1.51,Weight Loss,Oatmeal,285.0,10.0,45.0,3.0,Jollof_Rice_with_Chicken,582.0,36.0,71.0,14.0,Plain_Rice_with_Chicken,658.0,46.0,61.0,11.0,Roasted/Boiled_Maize_with_Coconut,239.0,6.0,36.0,4.0,1764.0,98.0,213.0,32.0
70,Female,68.7,1.54,Muscle Gain,Hausa_Koko_(millet_porridge)_with_Koose,317.0,12.0,45.0,6.0,Jollof_Rice_with_Chicken,635.0,52.0,89.0,17.0,Red-Red_(Beans_and_Plantain_with_red_oil),561.0,34.0,48.0,15.0,Plantain_Chips,244.0,3.0,43.0,8.0,1757.0,101.0,225.0,46.0
50,Female,55.9,1.56,Weight Loss,Rice_water_and_bread,317.0,7.0,43.0,4.0,Banku_with_Okra_Soup,537.0,29.0,72.0,8.0,Plain_Rice_with_Chicken,739.0,39.0,60.0,15.0,Atsoomo_(Chin-Chin),307.38,5.91,36.59,10.85,1900.38,80.91,211.59,37.85
30,Female,66.1,1.67,Muscle Gain,Koko_with_Bofroat_(corn_dough_porridge_with_buffloaf),485.0,12.0,60.0,9.0,Red-Red_(Beans_and_Plantain_with_red_oil),617.0,30.0,47.0,17.0,Fufu_with_Light_Soup_with_Goat_Meat,751.0,43.0,86.0,16.0,Atsoomo_(Chin-Chin),307.38,5.91,36.59,10.85,2160.38,90.91,229.59,52.85
45,Female,59.5,1.64,Weight Loss,Oatmeal,336.42,9.46,47.78,5.3,Jollof_Rice_with_Chicken,732.0,38.0,80.0,17.0,Angwamu_(Oil_Rice)_with_Hot_Pepper_and_Egg,615.79,38.98,64.77,13.31,Atsoomo_(Chin-Chin),307.38,5.91,36.59,10.85,1991.59,92.35,229.14,46.46
19,Female,52.4,1.62,Weight Loss,White_porridge_and_bread,346.0,7.0,50.0,4.0,Boiled_Plantain/Yam_and_Garden_egg_stew,493.0,22.0,63.0,8.0,Banku_with_Okra_Soup,646.0,33.0,63.0,8.0,Atsoomo_(Chin-Chin),307.38,5.91,36.59,10.85,1792.38,67.91,212.59,30.85
24,Male,61.3,1.78,Weight Loss,Oatmeal,322.0,9.0,39.0,4.0,Jollof_Rice_with_Chicken,829.0,39.0,83.0,17.0,Kenkey_and_Fried_Fish_with_Hot_Pepper,649.0,38.0,53.0,15.0,Atsoomo_(Chin-Chin),307.38,5.91,36.59,10.85,2107.38,91.91,211.59,46.85
35,Female,55.5,1.59,Weight Loss,White_porridge_and_bread,275.0,6.0,42.0,4.0,Tuo_Zaafi_with_Meat_Stew,546.0,33.0,60.0,11.0,Banku_with_Okra_Soup,551.0,28.0,58.0,9.0,Atsoomo_(Chin-Chin),307.38,5.91,36.59,10.85,1679.38,72.91,196.59,34.85
36,Male,83.3,1.7,Muscle Gain,Rice_water_and_bread,378.0,8.0,62.0,5.0,Plain_Rice_with_Chicken,834.0,58.0,65.0,19.0,Banku_and_Tilapia_with_Hot_Pepper,614.0,55.0,68.0,13.0,Plantain_Chips,343.0,3.0,43.0,10.0,2169.0,124.0,238.0,47.0
19,Male,82.0,1.66,Muscle Gain,Oatmeal,336.42,9.46,47.78,5.3,Tuo_Zaafi_with_Meat_Stew,662.0,45.0,79.0,14.0,Fufu_with_Light_Soup_with_Goat_Meat,719.0,39.0,86.0,15.0,Agbelikaklo_with_Coconut,327.0,6.0,53.0,11.0,2044.42,99.46,265.78,45.3
42,Male,57.1,1.72,Weight Loss,White_porridge_and_bread,303.0,6.0,47.0,4.0,Red-Red_(Beans_and_Plantain_with_red_oil),532.0,34.0,55.0,13.0,Kenkey_and_Fried_Fish_with_Hot_Pepper,664.0,34.0,55.0,14.0,Atsoomo_(Chin-Chin),307.38,5.91,36.59,10.85,1806.38,79.91,193.59,41.85
73,Male,62.7,1.64,Weight Loss,Tea/Milo/Coffee_with_bread,315.0,5.0,38.0,4.0,Fufu_with_Light_Soup_with_Goat_Meat,654.0,39.0,81.0,9.0,Jollof_Rice_with_Chicken,654.0,44.0,65.0,11.0,Atsoomo_(Chin-Chin),307.38,5.91,36.59,10.85,1930.38,93.91,220.59,34.85
67,Female,71.3,1.59,Muscle Gain,White_porridge_and_bread,326.0,6.0,50.0,4.0,Fufu_with_Light_Soup_with_Goat_Meat,562.0,38.0,81.0,11.0,Red-Red_(Beans_and_Plantain_with_red_oil),463.0,37.0,50.0,16.0,Atsoomo_(Chin-Chin),307.38,5.91,36.59,10.85,1658.38,86.91,217.59,41.85
57,Female,60.6,1.6,Weight Loss,Hausa_Koko_(millet_porridge)_with_Koose,353.0,10.0,45.0,6.0,Kenkey_and_Fried_Fish_with_Hot_Pepper,506.0,30.0,60.0,14.0,Waakye_and_Fish_with_egg,616.0,41.0,62.0,10.0,Atsoomo_(Chin-Chin),307.38,5.91,36.59,10.85,1782.38,86.91,203.59,40.85
51,Male,68.0,1.81,Weight Loss,Koko_with_Bofroat_(corn_dough_porridge_with_buffloaf),418.0,8.0,46.0,8.0,Fufu_with_Light_Soup_with_Goat_Meat,616.0,33.0,81.0,12.0,Boiled_Plantain/Yam_and_Garden_egg_stew,499.0,22.0,59.0,7.0,Atsoomo_(Chin-Chin),307.38,5.91,36.59,10.85,1840.38,68.91,222.59,37.85
44,Female,60.6,1.61,Weight Loss,Koko_with_Bofroat_(corn_dough_porridge_with_buffloaf),360.0,10.0,56.0,6.0,Kenkey_and_Fried_Fish_with_Hot_Pepper,590.0,35.0,56.0,16.0,Jollof_Rice_with_Chicken,683.0,45.0,81.0,16.0,Atsoomo_(Chin-Chin),307.38,5.91,36.59,10.85,1940.38,95.91,229.59,48.85
13,Female,34.5,1.13,Weight Loss,Hausa_Koko_(millet_porridge)_with_Koose,315.0,12.0,44.0,6.0,Fufu_with_Light_Soup_with_Goat_Meat,563.0,45.0,75.0,10.0,Plain_Rice_with_Chicken,456.0,45.0,68.0,14.0,Atsoomo_(Chin-Chin),307.38,5.91,36.59,10.85,1641.38,107.91,223.59,40.85
80,Female,53.1,1.55,Weight Loss,Tea/Milo/Coffee_with_bread,282.0,5.0,30.0,5.0,Tuo_Zaafi_with_Meat_Stew,520.0,32.0,69.0,8.0,Red-Red_(Beans_and_Plantain_with_red_oil),444.0,28.0,51.0,12.0,Atsoomo_(Chin-Chin),307.38,5.91,36.59,10.85,1553.38,70.91,186.59,35.85
35,Female,58.2,1.57,Weight Loss,Rice_water_and_bread,342.0,6.0,54.0,3.0,Fufu_with_Light_Soup_with_Goat_Meat,692.0,39.0,75.0,11.0,Waakye_and_Fish_with_egg,541.0,45.0,54.0,10.0,Atsoomo_(Chin-Chin),307.38,5.91,36.59,10.85,1882.38,95.91,219.59,34.85
84,Male,70.5,1.62,Muscle Gain,Koko_with_Bofroat_(corn_dough_porridge_with_buffloaf),460.0,13.0,66.0,9.0,Jollof_Rice_with_Chicken,619.2,39.43,64.97,13.31,Kenkey_and_Fried_Fish_with_Hot_Pepper,698.0,45.0,62.0,15.0,Atsoomo_(Chin-Chin),307.38,5.91,36.59,10.85,2084.58,103.34,229.56,48.16
15,Female,38.5,1.24,Weight Loss,Oatmeal,208.0,10.0,39.0,3.0,Banku_with_Okra_Soup,427.0,33.0,57.0,9.0,Plain_Rice_with_Chicken,584.0,56.0,54.0,13.0,Roasted/Boiled_Maize_with_Coconut,211.0,7.0,37.0,7.0,1430.0,106.0,187.0,32.0
78,Female,54.4,1.56,Weight Loss,Koko_with_Bofroat_(corn_dough_porridge_with_buffloaf),354.0,10.0,56.0,4.0,Red-Red_(Beans_and_Plantain_with_red_oil),504.0,25.0,43.0,11.0,Kenkey_and_Fried_Fish_with_Hot_Pepper,451.0,36.0,48.0,13.0,Atsoomo_(Chin-Chin),307.38,5.91,36.59,10.85,1616.38,76.91,183.59,38.85
30,Female,73.3,1.66,Muscle Gain,Hausa_Koko_(millet_porridge)_with_Koose,376.0,12.0,42.0,8.0,Jollof_Rice_with_Chicken,619.2,39.43,64.97,13.31,Jollof_Rice_with_Chicken,878.0,42.0,91.0,19.0,Atsoomo_(Chin-Chin),307.38,5.91,36.59,10.85,2180.58,99.34,234.56,51.16
76,Female,58.0,1.55,Weight Loss,Rice_water_and_bread,302.0,7.0,54.0,2.0,Tuo_Zaafi_with_Meat_Stew,543.0,28.0,74.0,8.0,Angwamu_(Oil_Rice)_with_Hot_Pepper_and_Egg,436.0,28.0,58.0,13.0,Atsoomo_(Chin-Chin),307.38,5.91,36.59,10.85,1588.38,68.91,222.59,33.85
52,Male,64.0,1.62,Weight Loss,Koko_with_Bofroat_(corn_dough_porridge_with_buffloaf),423.0,12.0,56.0,7.0,Red-Red_(Beans_and_Plantain_with_red_oil),596.0,27.0,55.0,13.0,Boiled_Plantain/Yam_and_Garden_egg_stew,502.0,22.0,61.0,7.0,Plantain_Chips,321.0,3.0,36.0,8.0,1842.0,64.0,208.0,35.0
14,Female,35.7,1.19,Weight Loss,Tea/Milo/Coffee_with_bread,217.0,6.0,33.0,5.0,Kenkey_and_Fried_Fish_with_Hot_Pepper,507.0,48.0,58.0,16.0,Fufu_with_Light_Soup_with_Goat_Meat,491.0,43.0,81.0,9.0,Atsoomo_(Chin-Chin),307.38,5.91,36.59,10.85,1522.38,102.91,208.59,40.85
84,Female,55.1,1.52,Weight Loss,Rice_water_and_bread,244.0,7.0,45.0,3.0,Red-Red_(Beans_and_Plantain_with_red_oil),419.0,27.0,50.0,13.0,Angwamu_(Oil_Rice)_with_Hot_Pepper_and_Egg,564.0,28.0,46.0,13.0,Agbelikaklo_with_Coconut,235.0,5.0,50.0,5.0,1462.0,67.0,191.0,34.0
77,Male,61.8,1.61,Weight Loss,White_porridge_and_bread,354.0,6.0,50.0,4.0,Waakye_and_Fish_with_egg,657.0,45.0,54.0,8.0,Banku_with_Okra_Soup,562.0,33.0,66.0,6.0,Atsoomo_(Chin-Chin),386.0,4.0,28.0,14.0,1959.0,88.0,198.0,32.0
59,Male,78.3,1.74,Muscle Gain,Hausa_Koko_(millet_porridge)_with_Koose,445.0,15.0,48.0,6.0,Jollof_Rice_with_Chicken,619.2,39.43,64.97,13.31,Angwamu_(Oil_Rice)_with_Hot_Pepper_and_Egg,615.79,38.98,64.77,13.31,Atsoomo_(Chin-Chin),307.38,5.91,36.59,10.85,1987.37,99.32,214.33,43.47
20,Female,60.4,1.67,Weight Loss,Koko_with_Bofroat_(corn_dough_porridge_with_buffloaf),402.0,11.0,48.0,8.0,Tuo_Zaafi_with_Meat_Stew,711.0,31.0,72.0,10.0,Angwamu_(Oil_Rice)_with_Hot_Pepper_and_Egg,615.79,38.98,64.77,13.31,Atsoomo_(Chin-Chin),307.38,5.91,36.59,10.85,2036.17,86.89,221.36,42.16
17,Male,49.0,1.37,Weight Loss,Tea/Milo/Coffee_with_bread,218.0,7.0,38.0,6.0,Banku_and_Tilapia_with_Hot_Pepper,568.0,47.0,50.0,10.0,Angwamu_(Oil_Rice)_with_Hot_Pepper_and_Egg,447.0,34.0,59.0,15.0,Atsoomo_(Chin-Chin),307.38,5.91,36.59,10.85,1540.38,93.91,183.59,41.85
27,Female,73.3,1.6,Muscle Gain,Oatmeal,309.0,12.0,40.0,5.0,Jollof_Rice_with_Chicken,619.2,39.43,64.97,13.31,Jollof_Rice_with_Chicken,869.0,45.0,74.0,22.0,Atsoomo_(Chin-Chin),307.38,5.91,36.59,10.85,2104.58,102.34,215.56,51.16
78,Female,68.7,1.52,Muscle Gain,Oatmeal,298.0,10.0,38.0,4.0,Jollof_Rice_with_Chicken,770.0,44.0,74.0,15.0,Angwamu_(Oil_Rice)_with_Hot_Pepper_and_Egg,615.79,38.98,64.77,13.31,Atsoomo_(Chin-Chin),307.38,5.91,36.59,10.85,1991.17,98.89,213.36,43.16
34,Male,77.4,1.69,Muscle Gain,Koko_with_Bofroat_(corn_dough_porridge_with_buffloaf),497.0,10.0,62.0,10.0,Angwamu_(Oil_Rice)_with_Hot_Pepper_and_Egg,752.0,33.0,58.0,25.0,Jollof_Rice_with_Chicken,836.0,55.0,73.0,22.0,Atsoomo_(Chin-Chin),307.38,5.91,36.59,10.85,2392.38,103.91,229.59,67.85
85,Male,55.6,1.62,Weight Loss,Koko_with_Bofroat_(corn_dough_porridge_with_buffloaf),416.0,8.0,49.0,5.0,Waakye_and_Fish_with_egg,678.0,50.0,56.0,6.0,Angwamu_(Oil_Rice)_with_Hot_Pepper_and_Egg,615.79,38.98,64.77,13.31,Atsoomo_(Chin-Chin),307.38,5.91,36.59,10.85,2017.17,102.89,206.36,35.16
13,Male,46.2,1.19,Muscle Gain,Koko_with_Bofroat_(corn_dough_porridge_with_buffloaf),390.0,13.0,61.0,8.0,Kenkey_and_Fried_Fish_with_Hot_Pepper,609.0,58.0,64.0,17.0,Boiled_Plantain/Yam_and_Garden_egg_stew,457.0,27.0,65.0,11.0,Kofi_Brokeman_(Roasted_Plantain_with_Groundnut),283.0,8.0,41.0,10.0,1739.0,106.0,231.0,46.0
22,Female,62.6,1.63,Weight Loss,Tea/Milo/Coffee_with_bread,287.0,5.0,40.0,5.0,Banku_and_Tilapia_with_Hot_Pepper,548.0,33.0,54.0,12.0,Banku_with_Okra_Soup,572.0,29.0,66.0,8.0,Kofi_Brokeman_(Roasted_Plantain_with_Groundnut),269.0,7.0,33.0,8.0,1676.0,74.0,193.0,33.0
51,Female,66.6,1.61,Weight Loss,White_porridge_and_bread,329.0,6.0,48.0,4.0,Banku_with_Okra_Soup,510.0,30.0,65.0,10.0,Kenkey_and_Fried_Fish_with_Hot_Pepper,616.0,30.0,55.0,15.0,Kofi_Brokeman_(Roasted_Plantain_with_Groundnut),237.0,7.0,30.0,8.0,1692.0,73.0,198.0,37.0
26,Female,72.3,1.62,Muscle Gain,Hausa_Koko_(millet_porridge)_with_Koose,347.0,13.0,50.0,8.0,Jollof_Rice_with_Chicken,757.0,40.0,91.0,22.0,Banku_with_Okra_Soup,566.0,30.0,85.0,10.0,Atsoomo_(Chin-Chin),307.38,5.91,36.59,10.85,1977.38,88.91,262.59,50.85
44,Male,78.1,1.64,Muscle Gain,Tom_Brown_and_bread,375.0,9.0,51.0,5.0,Banku_and_Tilapia_with_Hot_Pepper,669.0,52.0,61.0,14.0,Banku_with_Okra_Soup,663.0,43.0,73.0,11.0,Nkatie_Cake_(Groundnut_Cake),393.0,13.0,27.0,17.0,2100.0,117.0,212.0,47.0
5,Female,30,1.0,Weight Loss,Tea/Milo/Coffee_with_bread,256.0,7.0,34.0,6.0,Jollof_Rice_with_Chicken,528.0,44.0,83.0,17.0,Waakye_and_Fish_with_egg,508.0,55.0,54.0,10.0,Atsoomo_(Chin-Chin),307.38,5.91,36.59,10.85,1599.38,111.91,207.59,43.85
25,Male,68.2,1.74,Weight Loss,Rice_water_and_bread,282.0,7.0,55.0,3.0,Plain_Rice_with_Chicken,657.0,42.0,70.0,13.0,Boiled_Plantain/Yam_and_Garden_egg_stew,482.0,24.0,63.0,7.0,Atsoomo_(Chin-Chin),307.38,5.91,36.59,10.85,1728.38,78.91,224.59,33.85
46,Female,53.8,1.58,Weight Loss,Tom_Brown_and_bread,316.0,8.0,57.0,4.0,Kenkey_and_Fried_Fish_with_Hot_Pepper,611.0,39.0,47.0,16.0,Banku_and_Tilapia_with_Hot_Pepper,496.0,39.0,53.0,10.0,Atsoomo_(Chin-Chin),307.38,5.91,36.59,10.85,1730.38,91.91,193.59,40.85
20,Male,81.2,1.71,Muscle Gain,Koko_with_Bofroat_(corn_dough_porridge_with_buffloaf),497.0,10.0,64.0,9.0,Kenkey_and_Fried_Fish_with_Hot_Pepper,711.0,48.0,60.0,19.0,Banku_and_Tilapia_with_Hot_Pepper,634.0,43.0,65.0,16.0,Atsoomo_(Chin-Chin),307.38,5.91,36.59,10.85,2149.38,106.91,225.59,54.85
54,Male,65.7,1.74,Weight Loss,Tea/Milo/Coffee_with_bread,312.0,6.0,37.0,5.0,Boiled_Plantain/Yam_and_Garden_egg_stew,570.0,18.0,58.0,8.0,Waakye_and_Fish_with_egg,603.0,40.0,63.0,8.0,Atsoomo_(Chin-Chin),307.38,5.91,36.59,10.85,1792.38,69.91,194.59,31.85
32,Male,67.6,1.63,Weight Loss,Tea/Milo/Coffee_with_bread,295.0,5.0,39.0,5.0,Boiled_Plantain/Yam_and_Garden_egg_stew,460.0,22.0,60.0,7.0,Jollof_Rice_with_Chicken,672.0,44.0,66.0,14.0,Atsoomo_(Chin-Chin),307.38,5.91,36.59,10.85,1734.38,76.91,201.59,36.85
84,Female,64.2,1.54,Muscle Gain,Rice_water_and_bread,266.0,9.0,56.0,4.0,Banku_with_Okra_Soup,587.0,30.0,64.0,10.0,Kenkey_and_Fried_Fish_with_Hot_Pepper,619.0,39.0,61.0,18.0,Atsoomo_(Chin-Chin),342.0,4.0,34.0,18.0,1814.0,82.0,215.0,50.0
33,Female,68.7,1.62,Muscle Gain,Oatmeal,336.42,9.46,47.78,5.3,Banku_with_Okra_Soup,607.0,37.0,65.0,11.0,Angwamu_(Oil_Rice)_with_Hot_Pepper_and_Egg,638.0,33.0,55.0,24.0,Atsoomo_(Chin-Chin),307.38,5.91,36.59,10.85,1888.8,85.37,204.37,51.15
70,Female,58.2,1.59,Weight Loss,Oatmeal,214.0,10.0,45.0,2.0,Waakye_and_Fish_with_egg,512.0,44.0,53.0,8.0,Jollof_Rice_with_Chicken,549.0,43.0,65.0,13.0,Atsoomo_(Chin-Chin),307.38,5.91,36.59,10.85,1582.38,102.91,199.59,33.85
28,Male,67.6,1.72,Weight Loss,Rice_water_and_bread,294.0,8.0,48.0,4.0,Boiled_Plantain/Yam_and_Garden_egg_stew,558.0,19.0,63.0,8.0,Plain_Rice_with_Chicken,680.0,41.0,63.0,14.0,Atsoomo_(Chin-Chin),307.38,5.91,36.59,10.85,1839.38,73.91,210.59,36.85
28,Male,69.7,1.59,Weight Loss,Oatmeal,336.42,9.46,47.78,5.3,Angwamu_(Oil_Rice)_with_Hot_Pepper_and_Egg,577.0,29.0,54.0,19.0,Tuo_Zaafi_with_Meat_Stew,720.0,31.0,62.0,9.0,Atsoomo_(Chin-Chin),307.38,5.91,36.59,10.85,1940.8,75.37,200.37,44.15
33,Female,63.9,1.56,Muscle Gain,Hausa_Koko_(millet_porridge)_with_Koose,393.0,15.0,46.0,7.0,Boiled_Plantain/Yam_and_Garden_egg_stew,587.0,26.0,56.0,10.0,Angwamu_(Oil_Rice)_with_Hot_Pepper_and_Egg,615.79,38.98,64.77,13.31,Atsoomo_(Chin-Chin),307.38,5.91,36.59,10.85,1903.17,85.89,203.36,41.16
7,Male,38.7,1.03,Weight Loss,Oatmeal,233.0,13.0,36.0,4.0,Waakye_and_Fish_with_egg,590.0,56.0,60.0,10.0,Angwamu_(Oil_Rice)_with_Hot_Pepper_and_Egg,471.0,34.0,54.0,19.0,Atsoomo_(Chin-Chin),307.38,5.91,36.59,10.85,1601.38,108.91,186.59,43.85
27,Male,62.6,1.65,Weight Loss,Rice_water_and_bread,346.0,7.0,48.0,3.0,Banku_and_Tilapia_with_Hot_Pepper,602.0,39.0,54.0,12.0,Jollof_Rice_with_Chicken,679.0,39.0,69.0,13.0,Atsoomo_(Chin-Chin),307.38,5.91,36.59,10.85,1934.38,90.91,207.59,38.85
71,Male,76.9,1.66,Muscle Gain,Oatmeal,266.0,9.0,46.0,3.0,Tuo_Zaafi_with_Meat_Stew,589.0,36.0,81.0,10.0,Banku_and_Tilapia_with_Hot_Pepper,619.0,50.0,66.0,11.0,Atsoomo_(Chin-Chin),354.0,3.0,30.0,17.0,1828.0,98.0,223.0,41.0
61,Male,64.4,1.7,Weight Loss,Rice_water_and_bread,261.0,7.0,51.0,2.0,Tuo_Zaafi_with_Meat_Stew,603.0,29.0,75.0,8.0,Fufu_with_Light_Soup_with_Goat_Meat,733.0,37.0,63.0,8.0,Atsoomo_(Chin-Chin),307.38,5.91,36.59,10.85,1904.38,78.91,225.59,28.85
31,Male,80.6,1.7,Muscle Gain,Oatmeal,336.42,9.46,47.78,5.3,Jollof_Rice_with_Chicken,619.2,39.43,64.97,13.31,Banku_with_Okra_Soup,825.0,44.0,72.0,12.0,Kofi_Brokeman_(Roasted_Plantain_with_Groundnut),281.0,7.0,35.0,9.0,2061.62,99.89,219.75,39.61
17,Male,45.3,1.38,Weight Loss,Koko_with_Bofroat_(corn_dough_porridge_with_buffloaf),381.0,11.0,59.0,8.0,Banku_and_Tilapia_with_Hot_Pepper,585.0,56.0,66.0,10.0,Boiled_Plantain/Yam_and_Garden_egg_stew,368.0,27.0,66.0,7.0,Atsoomo_(Chin-Chin),307.38,5.91,36.59,10.85,1641.38,99.91,227.59,35.85
44,Male,83.2,1.77,Muscle Gain,Tea/Milo/Coffee_with_bread,358.0,7.0,44.0,8.0,Jollof_Rice_with_Chicken,619.2,39.43,64.97,13.31,Waakye_and_Fish_with_egg,723.0,61.0,79.0,12.0,Atsoomo_(Chin-Chin),307.38,5.91,36.59,10.85,2007.58,113.34,224.56,44.16
26,Female,76.7,1.67,Muscle Gain,Tom_Brown_and_bread,398.0,8.0,65.0,5.0,Tuo_Zaafi_with_Meat_Stew,646.0,34.0,79.0,15.0,Jollof_Rice_with_Chicken,658.0,52.0,88.0,17.0,Atsoomo_(Chin-Chin),307.38,5.91,36.59,10.85,2009.38,99.91,268.59,47.85
5,Male,30,1.0,Weight Loss,White_porridge_and_bread,310.0,8.0,53.0,4.0,Red-Red_(Beans_and_Plantain_with_red_oil),466.0,34.0,48.0,13.0,Banku_with_Okra_Soup,466.0,37.0,56.0,10.0,Atsoomo_(Chin-Chin),307.38,5.91,36.59,10.85,1549.38,84.91,193.59,37.85
43,Female,72.4,1.59,Muscle Gain,Rice_water_and_bread,294.0,9.0,47.0,4.0,Fufu_with_Light_Soup_with_Goat_Meat,695.0,44.0,76.0,13.0,Tuo_Zaafi_with_Meat_Stew,766.0,37.0,63.0,15.0,Atsoomo_(Chin-Chin),307.38,5.91,36.59,10.85,2062.38,95.91,222.59,42.85
8,Female,33.4,1.02,Weight Loss,Tea/Milo/Coffee_with_bread,224.0,7.0,30.0,5.0,Jollof_Rice_with_Chicken,532.0,46.0,73.0,16.0,Waakye_and_Fish_with_egg,444.0,43.0,55.0,9.0,Atsoomo_(Chin-Chin),307.38,5.91,36.59,10.85,1507.38,101.91,194.59,40.85
41,Female,69.0,1.53,Muscle Gain,White_porridge_and_bread,389.0,7.0,54.0,5.0,Waakye_and_Fish_with_egg,761.0,51.0,73.0,12.0,Angwamu_(Oil_Rice)_with_Hot_Pepper_and_Egg,615.79,38.98,64.77,13.31,Roasted/Boiled_Maize_with_Coconut,237.0,7.0,38.0,7.0,2002.79,103.98,229.77,37.31
78,Female,69.4,1.51,Muscle Gain,Koko_with_Bofroat_(corn_dough_porridge_with_buffloaf),401.0,10.0,52.0,6.0,Fufu_with_Light_Soup_with_Goat_Meat,699.0,42.0,75.0,11.0,Red-Red_(Beans_and_Plantain_with_red_oil),427.0,37.0,47.0,13.0,Atsoomo_(Chin-Chin),307.38,5.91,36.59,10.85,1834.38,94.91,210.59,40.85
39,Male,59.2,1.7,Weight Loss,White_porridge_and_bread,387.0,8.0,45.0,4.0,Kenkey_and_Fried_Fish_with_Hot_Pepper,566.0,42.0,48.0,15.0,Waakye_and_Fish_with_egg,711.0,45.0,72.0,9.0,Atsoomo_(Chin-Chin),307.38,5.91,36.59,10.85,1971.38,100.91,201.59,38.85
37,Female,75.6,1.66,Muscle Gain,Oatmeal,336.42,9.46,47.78,5.3,Angwamu_(Oil_Rice)_with_Hot_Pepper_and_Egg,567.0,30.0,66.0,20.0,Tuo_Zaafi_with_Meat_Stew,761.0,37.0,74.0,13.0,Atsoomo_(Chin-Chin),307.38,5.91,36.59,10.85,1971.8,82.37,224.37,49.15
12,Male,50.9,1.28,Weight Loss,Tea/Milo/Coffee_with_bread,224.0,6.0,38.0,7.0,Kenkey_and_Fried_Fish_with_Hot_Pepper,564.0,42.0,48.0,16.0,Red-Red_(Beans_and_Plantain_with_red_oil),496.0,40.0,49.0,13.0,Atsoomo_(Chin-Chin),307.38,5.91,36.59,10.85,1591.38,93.91,171.59,46.85
53,Male,65.4,1.75,Weight Loss,Tea/Milo/Coffee_with_bread,277.0,5.0,36.0,5.0,Jollof_Rice_with_Chicken,724.0,48.0,72.0,14.0,Tuo_Zaafi_with_Meat_Stew,774.0,36.0,73.0,9.0,Atsoomo_(Chin-Chin),307.38,5.91,36.59,10.85,2082.38,94.91,217.59,38.85
72,Female,56.5,1.55,Weight Loss,Oatmeal,259.0,10.0,36.0,3.0,Fufu_with_Light_Soup_with_Goat_Meat,646.0,38.0,71.0,8.0,Plain_Rice_with_Chicken,650.0,49.0,72.0,13.0,Atsoomo_(Chin-Chin),353.0,4.0,34.0,12.0,1908.0,101.0,213.0,36.0
43,Female,54.6,1.59,Weight Loss,Koko_with_Bofroat_(corn_dough_porridge_with_buffloaf),445.0,9.0,58.0,7.0,Banku_and_Tilapia_with_Hot_Pepper,615.0,39.0,53.0,9.0,Jollof_Rice_with_Chicken,762.0,35.0,78.0,17.0,Atsoomo_(Chin-Chin),307.38,5.91,36.59,10.85,2129.38,88.91,225.59,43.85
22,Male,83.7,1.7,Muscle Gain,Hausa_Koko_(millet_porridge)_with_Koose,400.0,14.0,49.0,9.0,Fufu_with_Light_Soup_with_Goat_Meat,869.0,49.0,79.0,13.0,Banku_with_Okra_Soup,722.0,34.0,65.0,12.0,Atsoomo_(Chin-Chin),307.38,5.91,36.59,10.85,2298.38,102.91,229.59,44.85
30,Female,67.3,1.66,Muscle Gain,Hausa_Koko_(millet_porridge)_with_Koose,330.0,13.0,44.0,6.0,Angwamu_(Oil_Rice)_with_Hot_Pepper_and_Egg,598.0,26.0,66.0,24.0,Kenkey_and_Fried_Fish_with_Hot_Pepper,552.0,37.0,68.0,21.0,Atsoomo_(Chin-Chin),355.0,4.0,39.0,21.0,1835.0,80.0,217.0,72.0
43,Male,85.8,1.77,Muscle Gain,Oatmeal,327.0,14.0,51.0,5.0,Angwamu_(Oil_Rice)_with_Hot_Pepper_and_Egg,609.0,33.0,54.0,22.0,Banku_with_Okra_Soup,631.0,39.0,79.0,10.0,Atsoomo_(Chin-Chin),307.38,5.91,36.59,10.85,1874.38,91.91,220.59,47.85
6,Male,34.0,1.0,Weight Loss,Oatmeal,336.42,9.46,47.78,5.3,Fufu_with_Light_Soup_with_Goat_Meat,642.0,48.0,80.0,11.0,Boiled_Plantain/Yam_and_Garden_egg_stew,386.0,28.0,55.0,8.0,Atsoomo_(Chin-Chin),307.38,5.91,36.59,10.85,1671.8,91.37,219.37,35.15
28,Male,80.4,1.69,Muscle Gain,White_porridge_and_bread,415.0,8.0,61.0,5.0,Plain_Rice_with_Chicken,709.0,52.0,65.0,19.0,Tuo_Zaafi_with_Meat_Stew,716.0,45.0,68.0,13.0,Atsoomo_(Chin-Chin),307.38,5.91,36.59,10.85,2147.38,110.91,230.59,47.85
34,Female,68.7,1.58,Muscle Gain,Tea/Milo/Coffee_with_bread,310.0,7.0,45.0,6.0,Jollof_Rice_with_Chicken,757.0,45.0,96.0,20.0,Banku_and_Tilapia_with_Hot_Pepper,614.0,45.0,60.0,16.0,Atsoomo_(Chin-Chin),307.38,5.91,36.59,10.85,1988.38,102.91,237.59,52.85
12,Male,60.6,1.31,Muscle Gain,Oatmeal,282.0,10.0,49.0,4.0,Angwamu_(Oil_Rice)_with_Hot_Pepper_and_Egg,471.0,36.0,67.0,22.0,Banku_with_Okra_Soup,573.0,43.0,68.0,13.0,Atsoomo_(Chin-Chin),307.38,5.91,36.59,10.85,1633.38,94.91,220.59,49.85
50,Female,55.6,1.6,Weight Loss,Oatmeal,281.0,8.0,37.0,4.0,Jollof_Rice_with_Chicken,691.0,36.0,79.0,13.0,Boiled_Plantain/Yam_and_Garden_egg_stew,543.0,22.0,63.0,7.0,Atsoomo_(Chin-Chin),307.38,5.91,36.59,10.85,1822.38,71.91,215.59,34.85
44,Male,81.2,1.6,Muscle Gain,Hausa_Koko_(millet_porridge)_with_Koose,405.0,14.0,39.0,7.0,Kenkey_and_Fried_Fish_with_Hot_Pepper,768.0,42.0,51.0,19.0,Tuo_Zaafi_with_Meat_Stew,859.0,45.0,80.0,13.0,Roasted/Boiled_Maize_with_Coconut,344.0,6.0,38.0,7.0,2376.0,107.0,208.0,46.0
38,Male,75.6,1.65,Muscle Gain,Oatmeal,336.42,9.46,47.78,5.3,Fufu_with_Light_Soup_with_Goat_Meat,764.0,49.0,75.0,16.0,Waakye_and_Fish_with_egg,741.0,48.0,79.0,10.0,Plantain_Chips,350.0,3.0,44.0,10.0,2191.42,109.46,245.78,41.3
43,Male,63.9,1.74,Weight Loss,White_porridge_and_bread,350.0,7.0,55.0,4.0,Waakye_and_Fish_with_egg,601.0,42.0,68.0,10.0,Tuo_Zaafi_with_Meat_Stew,729.0,38.0,72.0,11.0,Atsoomo_(Chin-Chin),307.38,5.91,36.59,10.85,1987.38,92.91,231.59,35.85
82,Male,61.6,1.64,Weight Loss,Koko_with_Bofroat_(corn_dough_porridge_with_buffloaf),405.0,12.0,58.0,6.0,Angwamu_(Oil_Rice)_with_Hot_Pepper_and_Egg,503.0,27.0,57.0,13.0,Waakye_and_Fish_with_egg,666.0,48.0,55.0,8.0,Plantain_Chips,235.0,3.0,35.0,8.0,1809.0,90.0,205.0,35.0
25,Male,64.6,1.73,Weight Loss,Koko_with_Bofroat_(corn_dough_porridge_with_buffloaf),398.0,9.0,54.0,6.0,Banku_with_Okra_Soup,674.0,27.0,74.0,9.0,Plain_Rice_with_Chicken,764.0,48.0,63.0,16.0,Atsoomo_(Chin-Chin),337.0,4.0,33.0,13.0,2173.0,88.0,224.0,44.0
6,Female,39.6,1.0,Muscle Gain,Rice_water_and_bread,238.0,10.0,51.0,5.0,Tuo_Zaafi_with_Meat_Stew,496.0,45.0,82.0,15.0,Plain_Rice_with_Chicken,613.0,64.0,79.0,19.0,Atsoomo_(Chin-Chin),323.0,4.0,31.0,19.0,1670.0,123.0,243.0,58.0
52,Female,61.9,1.68,Weight Loss,Tom_Brown_and_bread,367.0,7.0,49.0,4.0,Angwamu_(Oil_Rice)_with_Hot_Pepper_and_Egg,567.0,25.0,54.0,14.0,Plain_Rice_with_Chicken,635.0,44.0,69.0,15.0,Atsoomo_(Chin-Chin),307.38,5.91,36.59,10.85,1876.38,81.91,208.59,43.85
19,Female,61.2,1.62,Weight Loss,White_porridge_and_bread,332.0,6.0,54.0,4.0,Plain_Rice_with_Chicken,649.0,39.0,63.0,13.0,Angwamu_(Oil_Rice)_with_Hot_Pepper_and_Egg,604.0,28.0,51.0,15.0,Atsoomo_(Chin-Chin),307.38,5.91,36.59,10.85,1892.38,78.91,204.59,42.85
25,Male,70.2,1.64,Muscle Gain,Rice_water_and_bread,402.0,8.0,59.0,4.0,Angwamu_(Oil_Rice)_with_Hot_Pepper_and_Egg,651.0,33.0,66.0,24.0,Banku_with_Okra_Soup,760.0,39.0,81.0,12.0,Atsoomo_(Chin-Chin),409.0,4.0,38.0,17.0,2222.0,84.0,244.0,57.0
66,Female,56.9,1.56,Weight Loss,Tea/Milo/Coffee_with_bread,284.0,6.0,36.0,5.0,Red-Red_(Beans_and_Plantain_with_red_oil),390.0,27.0,50.0,11.0,Jollof_Rice_with_Chicken,711.0,43.0,65.0,12.0,Nkatie_Cake_(Groundnut_Cake),258.0,10.0,24.0,12.0,1643.0,86.0,175.0,40.0
59,Male,65.3,1.71,Weight Loss,Oatmeal,336.42,9.46,47.78,5.3,Plain_Rice_with_Chicken,760.0,47.0,54.0,13.0,Angwamu_(Oil_Rice)_with_Hot_Pepper_and_Egg,615.79,38.98,64.77,13.31,Nkatie_Cake_(Groundnut_Cake),386.0,9.0,20.0,14.0,2098.21,104.44,186.55,45.61
57,Male,77.8,1.77,Muscle Gain,Oatmeal,287.0,9.0,47.0,4.0,Boiled_Plantain/Yam_and_Garden_egg_stew,613.0,21.0,71.0,8.0,Angwamu_(Oil_Rice)_with_Hot_Pepper_and_Egg,615.79,38.98,64.77,13.31,Atsoomo_(Chin-Chin),359.0,3.0,34.0,19.0,1874.79,71.98,216.77,44.31
65,Male,77.1,1.66,Muscle Gain,Tom_Brown_and_bread,358.0,10.0,63.0,5.0,Tuo_Zaafi_with_Meat_Stew,733.0,46.0,77.0,11.0,Boiled_Plantain/Yam_and_Garden_egg_stew,569.0,27.0,61.0,8.0,Atsoomo_(Chin-Chin),307.38,5.91,36.59,10.85,1967.38,88.91,237.59,34.85
49,Female,68.7,1.56,Muscle Gain,Koko_with_Bofroat_(corn_dough_porridge_with_buffloaf),380.0,12.0,59.0,9.0,Red-Red_(Beans_and_Plantain_with_red_oil),568.0,31.0,53.0,16.0,Banku_and_Tilapia_with_Hot_Pepper,683.0,43.0,58.0,14.0,Atsoomo_(Chin-Chin),307.38,5.91,36.59,10.85,1938.38,91.91,206.59,49.85
10,Male,44.4,1.21,Weight Loss,Oatmeal,336.42,9.46,47.78,5.3,Jollof_Rice_with_Chicken,619.2,39.43,64.97,13.31,Kenkey_and_Fried_Fish_with_Hot_Pepper,531.0,44.0,58.0,15.0,Plantain_Chips,227.0,3.0,36.0,8.0,1713.62,95.89,206.75,41.61
13,Male,47.3,1.24,Muscle Gain,Rice_water_and_bread,250.0,9.0,61.0,4.0,Banku_with_Okra_Soup,510.0,42.0,76.0,11.0,Kenkey_and_Fried_Fish_with_Hot_Pepper,618.0,57.0,61.0,21.0,Roasted/Boiled_Maize_with_Coconut,215.0,8.0,40.0,7.0,1593.0,116.0,238.0,43.0
56,Male,62.0,1.76,Weight Loss,Oatmeal,346.0,8.0,36.0,3.0,Jollof_Rice_with_Chicken,619.2,39.43,64.97,13.31,Waakye_and_Fish_with_egg,739.0,39.0,61.0,8.0,Kofi_Brokeman_(Roasted_Plantain_with_Groundnut),313.0,7.0,40.0,6.0,2017.2,93.43,201.97,30.31
39,Female,52.9,1.62,Weight Loss,Tom_Brown_and_bread,371.0,10.0,54.0,4.0,Jollof_Rice_with_Chicken,619.2,39.43,64.97,13.31,Boiled_Plantain/Yam_and_Garden_egg_stew,494.0,17.0,54.0,8.0,Atsoomo_(Chin-Chin),307.38,5.91,36.59,10.85,1791.58,72.34,209.56,36.16
76,Female,54.1,1.52,Weight Loss,Oatmeal,336.42,9.46,47.78,5.3,Plain_Rice_with_Chicken,503.0,41.0,59.0,10.0,Kenkey_and_Fried_Fish_with_Hot_Pepper,513.0,40.0,46.0,14.0,Atsoomo_(Chin-Chin),307.38,5.91,36.59,10.85,1659.8,96.37,189.37,40.15
61,Female,73.6,1.62,Muscle Gain,Rice_water_and_bread,283.0,9.0,57.0,4.0,Jollof_Rice_with_Chicken,619.2,39.43,64.97,13.31,Angwamu_(Oil_Rice)_with_Hot_Pepper_and_Egg,518.0,30.0,55.0,18.0,Atsoomo_(Chin-Chin),307.38,5.91,36.59,10.85,1727.58,84.34,213.56,46.16
37,Male,71.9,1.79,Muscle Gain,Hausa_Koko_(millet_porridge)_with_Koose,382.0,14.0,38.0,8.0,Waakye_and_Fish_with_egg,671.0,58.0,59.0,12.0,Plain_Rice_with_Chicken,854.0,56.0,76.0,19.0,Atsoomo_(Chin-Chin),307.38,5.91,36.59,10.85,2214.38,133.91,209.59,49.85
66,Male,74.0,1.7,Muscle Gain,Tea/Milo/Coffee_with_bread,305.0,6.0,43.0,5.0,Fufu_with_Light_Soup_with_Goat_Meat,800.0,42.0,77.0,11.0,Banku_and_Tilapia_with_Hot_Pepper,565.0,45.0,57.0,12.0,Atsoomo_(Chin-Chin),307.38,5.91,36.59,10.85,1977.38,98.91,213.59,38.85
67,Male,75.4,1.67,Muscle Gain,White_porridge_and_bread,363.0,7.0,47.0,4.0,Angwamu_(Oil_Rice)_with_Hot_Pepper_and_Egg,645.0,36.0,55.0,17.0,Jollof_Rice_with_Chicken,867.0,49.0,88.0,15.0,Atsoomo_(Chin-Chin),307.38,5.91,36.59,10.85,2182.38,97.91,226.59,46.85
42,Female,56.0,1.63,Weight Loss,Oatmeal,286.0,9.0,37.0,4.0,Angwamu_(Oil_Rice)_with_Hot_Pepper_and_Egg,551.0,22.0,60.0,16.0,Red-Red_(Beans_and_Plantain_with_red_oil),477.0,25.0,44.0,13.0,Atsoomo_(Chin-Chin),307.38,5.91,36.59,10.85,1621.38,61.91,177.59,43.85
19,Male,61.1,1.73,Weight Loss,Rice_water_and_bread,321.0,8.0,42.0,4.0,Boiled_Plantain/Yam_and_Garden_egg_stew,510.0,22.0,52.0,7.0,Fufu_with_Light_Soup_with_Goat_Meat,627.0,42.0,80.0,13.0,Atsoomo_(Chin-Chin),307.38,5.91,36.59,10.85,1765.38,77.91,210.59,34.85
50,Female,51.6,1.66,Weight Loss,Koko_with_Bofroat_(corn_dough_porridge_with_buffloaf),423.0,8.0,61.0,8.0,Tuo_Zaafi_with_Meat_Stew,599.0,31.0,60.0,9.0,Red-Red_(Beans_and_Plantain_with_red_oil),439.0,27.0,50.0,12.0,Kofi_Brokeman_(Roasted_Plantain_with_Groundnut),284.0,7.0,37.0,7.0,1745.0,73.0,208.0,36.0
84,Male,73.7,1.62,Muscle Gain,Oatmeal,336.42,9.46,47.78,5.3,Fufu_with_Light_Soup_with_Goat_Meat,682.0,48.0,76.0,11.0,Banku_with_Okra_Soup,738.0,39.0,71.0,9.0,Atsoomo_(Chin-Chin),307.38,5.91,36.59,10.85,2063.8,102.37,231.37,36.15
57,Female,75.8,1.54,Muscle Gain,Hausa_Koko_(millet_porridge)_with_Koose,413.0,13.0,40.0,9.0,Banku_with_Okra_Soup,631.0,32.0,78.0,10.0,Fufu_with_Light_Soup_with_Goat_Meat,794.0,39.0,91.0,16.0,Agbelikaklo_with_Coconut,353.0,4.0,46.0,9.0,2191.0,88.0,255.0,44.0
11,Male,59.8,1.24,Muscle Gain,Hausa_Koko_(millet_porridge)_with_Koose,295.0,15.0,40.0,7.0,Fufu_with_Light_Soup_with_Goat_Meat,677.0,48.0,77.0,14.0,Plain_Rice_with_Chicken,709.0,63.0,65.0,18.0,Kofi_Brokeman_(Roasted_Plantain_with_Groundnut),281.0,7.0,38.0,10.0,1962.0,133.0,220.0,49.0
65,Male,61.1,1.65,Weight Loss,Oatmeal,294.0,11.0,35.0,2.0,Jollof_Rice_with_Chicken,776.0,49.0,68.0,12.0,Fufu_with_Light_Soup_with_Goat_Meat,546.0,38.0,75.0,8.0,Atsoomo_(Chin-Chin),307.38,5.91,36.59,10.85,1923.38,103.91,214.59,32.85
7,Female,39.7,1.0,Muscle Gain,Tea/Milo/Coffee_with_bread,253.0,7.0,41.0,7.0,Banku_and_Tilapia_with_Hot_Pepper,548.0,57.0,57.0,16.0,Angwamu_(Oil_Rice)_with_Hot_Pepper_and_Egg,431.0,37.0,51.0,19.0,Nkatie_Cake_(Groundnut_Cake),265.0,12.0,27.0,18.0,1497.0,113.0,176.0,60.0
38,Male,78.4,1.63,Muscle Gain,Tea/Milo/Coffee_with_bread,353.0,6.0,37.0,7.0,Jollof_Rice_with_Chicken,895.0,45.0,72.0,21.0,Tuo_Zaafi_with_Meat_Stew,855.0,40.0,72.0,14.0,Atsoomo_(Chin-Chin),307.38,5.91,36.59,10.85,2410.38,96.91,217.59,52.85
7,Male,41.8,1.01,Muscle Gain,Tom_Brown_and_bread,312.0,10.0,62.0,5.0,Tuo_Zaafi_with_Meat_Stew,539.0,55.0,85.0,12.0,Fufu_with_Light_Soup_with_Goat_Meat,576.0,56.0,77.0,15.0,Atsoomo_(Chin-Chin),307.38,5.91,36.59,10.85,1734.38,126.91,260.59,42.85
62,Female,69.1,1.57,Muscle Gain,Hausa_Koko_(millet_porridge)_with_Koose,360.0,13.0,51.0,6.0,Waakye_and_Fish_with_egg,574.0,43.0,62.0,10.0,Angwamu_(Oil_Rice)_with_Hot_Pepper_and_Egg,615.79,38.98,64.77,13.31,Agbelikaklo_with_Coconut,339.0,6.0,56.0,7.0,1888.79,100.98,233.77,36.31
69,Male,58.3,1.65,Weight Loss,White_porridge_and_bread,354.0,6.0,45.0,4.0,Jollof_Rice_with_Chicken,749.0,44.0,82.0,12.0,Angwamu_(Oil_Rice)_with_Hot_Pepper_and_Egg,615.79,38.98,64.77,13.31,Atsoomo_(Chin-Chin),307.38,5.91,36.59,10.85,2026.17,94.89,228.36,40.16
13,Female,44.1,1.15,Muscle Gain,Tom_Brown_and_bread,313.0,10.0,53.0,6.0,Jollof_Rice_with_Chicken,689.0,64.0,75.0,20.0,Angwamu_(Oil_Rice)_with_Hot_Pepper_and_Egg,420.0,31.0,52.0,20.0,Atsoomo_(Chin-Chin),307.38,5.91,36.59,10.85,1729.38,110.91,216.59,56.85
56,Female,68.0,1.64,Muscle Gain,Rice_water_and_bread,305.0,8.0,59.0,5.0,Boiled_Plantain/Yam_and_Garden_egg_stew,511.0,21.0,66.0,10.0,Angwamu_(Oil_Rice)_with_Hot_Pepper_and_Egg,615.79,38.98,64.77,13.31,Atsoomo_(Chin-Chin),307.38,5.91,36.59,10.85,1739.17,73.89,226.36,39.16
41,Male,73.6,1.72,Muscle Gain,Oatmeal,336.42,9.46,47.78,5.3,Fufu_with_Light_Soup_with_Goat_Meat,854.0,49.0,81.0,16.0,Boiled_Plantain/Yam_and_Garden_egg_stew,630.0,21.0,56.0,10.0,Atsoomo_(Chin-Chin),307.38,5.91,36.59,10.85,2127.8,85.37,221.37,42.15
21,Female,76.9,1.69,Muscle Gain,Rice_water_and_bread,323.0,8.0,50.0,4.0,Banku_and_Tilapia_with_Hot_Pepper,574.0,42.0,73.0,15.0,Boiled_Plantain/Yam_and_Garden_egg_stew,606.0,24.0,65.0,10.0,Atsoomo_(Chin-Chin),307.38,5.91,36.59,10.85,1810.38,79.91,224.59,39.85
25,Female,57.6,1.56,Weight Loss,Hausa_Koko_(millet_porridge)_with_Koose,402.0,12.0,36.0,5.0,Jollof_Rice_with_Chicken,658.0,43.0,65.0,15.0,Banku_and_Tilapia_with_Hot_Pepper,555.0,38.0,53.0,11.0,Atsoomo_(Chin-Chin),307.38,5.91,36.59,10.85,1922.38,98.91,190.59,41.85
15,Male,45.3,1.3,Weight Loss,Koko_with_Bofroat_(corn_dough_porridge_with_buffloaf),339.0,13.0,61.0,7.0,Waakye_and_Fish_with_egg,613.0,53.0,66.0,10.0,Fufu_with_Light_Soup_with_Goat_Meat,653.0,48.0,61.0,13.0,Atsoomo_(Chin-Chin),319.0,4.0,27.0,13.0,1924.0,118.0,215.0,43.0
13,Female,37.6,1.15,Weight Loss,White_porridge_and_bread,275.0,8.0,51.0,4.0,Banku_and_Tilapia_with_Hot_Pepper,406.0,43.0,55.0,9.0,Plain_Rice_with_Chicken,542.0,51.0,67.0,13.0,Atsoomo_(Chin-Chin),307.38,5.91,36.59,10.85,1530.38,107.91,209.59,36.85
46,Female,62.0,1.67,Weight Loss,Tom_Brown_and_bread,376.0,8.0,56.0,4.0,Kenkey_and_Fried_Fish_with_Hot_Pepper,569.0,31.0,53.0,13.0,Waakye_and_Fish_with_egg,703.0,38.0,59.0,10.0,Atsoomo_(Chin-Chin),307.38,5.91,36.59,10.85,1955.38,82.91,204.59,37.85
44,Male,59.4,1.7,Weight Loss,Oatmeal,305.0,9.0,36.0,4.0,Boiled_Plantain/Yam_and_Garden_egg_stew,511.0,18.0,63.0,7.0,Red-Red_(Beans_and_Plantain_with_red_oil),510.0,33.0,43.0,14.0,Atsoomo_(Chin-Chin),307.38,5.91,36.59,10.85,1633.38,65.91,178.59,35.85
76,Male,58.1,1.67,Weight Loss,Hausa_Koko_(millet_porridge)_with_Koose,306.0,12.0,36.0,4.0,Plain_Rice_with_Chicken,676.0,42.0,57.0,12.0,Waakye_and_Fish_with_egg,553.0,50.0,64.0,8.0,Atsoomo_(Chin-Chin),307.38,5.91,36.59,10.85,1842.38,109.91,193.59,34.85
56,Male,74.6,1.67,Muscle Gain,Hausa_Koko_(millet_porridge)_with_Koose,387.0,15.0,47.0,8.0,Jollof_Rice_with_Chicken,619.2,39.43,64.97,13.31,Boiled_Plantain/Yam_and_Garden_egg_stew,657.0,27.0,61.0,11.0,Atsoomo_(Chin-Chin),307.38,5.91,36.59,10.85,1970.58,87.34,209.56,43.16
43,Female,63.0,1.53,Muscle Gain,Koko_with_Bofroat_(corn_dough_porridge_with_buffloaf),480.0,10.0,56.0,10.0,Jollof_Rice_with_Chicken,619.2,39.43,64.97,13.31,Red-Red_(Beans_and_Plantain_with_red_oil),470.0,31.0,59.0,18.0,Plantain_Chips,300.0,3.0,40.0,11.0,1869.2,83.43,219.97,52.31
41,Female,61.6,1.52,Weight Loss,Oatmeal,296.0,10.0,39.0,3.0,Fufu_with_Light_Soup_with_Goat_Meat,686.0,33.0,75.0,10.0,Red-Red_(Beans_and_Plantain_with_red_oil),482.0,29.0,54.0,12.0,Atsoomo_(Chin-Chin),307.38,5.91,36.59,10.85,1771.38,77.91,204.59,35.85
68,Male,77.5,1.69,Muscle Gain,Koko_with_Bofroat_(corn_dough_porridge_with_buffloaf),393.0,13.0,57.0,9.0,Jollof_Rice_with_Chicken,619.2,39.43,64.97,13.31,Jollof_Rice_with_Chicken,828.0,56.0,85.0,14.0,Atsoomo_(Chin-Chin),307.38,5.91,36.59,10.85,2147.58,114.34,243.56,47.16
32,Male,63.7,1.66,Weight Loss,Koko_with_Bofroat_(corn_dough_porridge_with_buffloaf),475.0,12.0,61.0,8.0,Boiled_Plantain/Yam_and_Garden_egg_stew,592.0,19.0,61.0,7.0,Banku_and_Tilapia_with_Hot_Pepper,543.0,37.0,59.0,13.0,Atsoomo_(Chin-Chin),307.38,5.91,36.59,10.85,1917.38,73.91,217.59,38.85
37,Male,60.7,1.76,Weight Loss,Rice_water_and_bread,284.0,8.0,48.0,4.0,Banku_and_Tilapia_with_Hot_Pepper,647.0,37.0,51.0,10.0,Waakye_and_Fish_with_egg,751.0,40.0,56.0,8.0,Atsoomo_(Chin-Chin),307.38,5.91,36.59,10.85,1989.38,90.91,191.59,32.85
29,Male,79.3,1.69,Muscle Gain,Oatmeal,350.0,10.0,44.0,5.0,Kenkey_and_Fried_Fish_with_Hot_Pepper,667.0,40.0,62.0,19.0,Boiled_Plantain/Yam_and_Garden_egg_stew,588.0,27.0,68.0,11.0,Atsoomo_(Chin-Chin),307.38,5.91,36.59,10.85,1912.38,82.91,210.59,45.85
77,Female,57.0,1.55,Weight Loss,Hausa_Koko_(millet_porridge)_with_Koose,314.0,10.0,36.0,4.0,Fufu_with_Light_Soup_with_Goat_Meat,539.0,37.0,81.0,11.0,Kenkey_and_Fried_Fish_with_Hot_Pepper,493.0,33.0,58.0,11.0,Atsoomo_(Chin-Chin),307.38,5.91,36.59,10.85,1653.38,85.91,211.59,36.85
81,Female,65.3,1.52,Muscle Gain,Rice_water_and_bread,287.0,8.0,56.0,3.0,Plain_Rice_with_Chicken,691.0,57.0,67.0,14.0,Tuo_Zaafi_with_Meat_Stew,585.0,37.0,75.0,11.0,Atsoomo_(Chin-Chin),307.38,5.91,36.59,10.85,1870.38,107.91,234.59,38.85
79,Female,57.6,1.54,Weight Loss,Hausa_Koko_(millet_porridge)_with_Koose,299.0,12.0,38.0,4.0,Jollof_Rice_with_Chicken,706.0,34.0,86.0,12.0,Banku_with_Okra_Soup,467.0,27.0,68.0,7.0,Atsoomo_(Chin-Chin),307.38,5.91,36.59,10.85,1779.38,78.91,228.59,33.85
42,Male,61.2,1.75,Weight Loss,Tea/Milo/Coffee_with_bread,282.0,5.0,39.0,7.0,Banku_with_Okra_Soup,631.0,29.0,63.0,9.0,Angwamu_(Oil_Rice)_with_Hot_Pepper_and_Egg,561.0,24.0,54.0,19.0,Nkatie_Cake_(Groundnut_Cake),306.0,12.0,18.0,12.0,1780.0,70.0,174.0,47.0
34,Male,73.6,1.64,Muscle Gain,White_porridge_and_bread,376.0,7.0,59.0,6.0,Angwamu_(Oil_Rice)_with_Hot_Pepper_and_Egg,760.0,33.0,63.0,23.0,Angwamu_(Oil_Rice)_with_Hot_Pepper_and_Egg,615.79,38.98,64.77,13.31,Atsoomo_(Chin-Chin),307.38,5.91,36.59,10.85,2059.17,84.89,223.36,53.16
34,Female,58.5,1.54,Weight Loss,Koko_with_Bofroat_(corn_dough_porridge_with_buffloaf),426.0,8.0,50.0,8.0,Waakye_and_Fish_with_egg,710.0,36.0,66.0,10.0,Jollof_Rice_with_Chicken,789.0,35.0,72.0,15.0,Atsoomo_(Chin-Chin),307.38,5.91,36.59,10.85,2232.38,84.91,224.59,43.85
52,Male,58.7,1.71,Weight Loss,Tea/Milo/Coffee_with_bread,297.0,5.0,36.0,7.0,Kenkey_and_Fried_Fish_with_Hot_Pepper,576.0,42.0,50.0,15.0,Fufu_with_Light_Soup_with_Goat_Meat,661.0,40.0,77.0,12.0,Atsoomo_(Chin-Chin),307.38,5.91,36.59,10.85,1841.38,92.91,199.59,44.85
46,Female,61.0,1.55,Weight Loss,Tea/Milo/Coffee_with_bread,253.0,6.0,30.0,6.0,Waakye_and_Fish_with_egg,700.0,45.0,65.0,10.0,Plain_Rice_with_Chicken,693.0,43.0,64.0,12.0,Atsoomo_(Chin-Chin),307.38,5.91,36.59,10.85,1953.38,99.91,195.59,38.85
16,Male,57.4,1.35,Muscle Gain,Rice_water_and_bread,299.0,9.0,56.0,5.0,Jollof_Rice_with_Chicken,619.2,39.43,64.97,13.31,Kenkey_and_Fried_Fish_with_Hot_Pepper,601.0,56.0,60.0,22.0,Atsoomo_(Chin-Chin),307.38,5.91,36.59,10.85,1826.58,110.34,217.56,51.16
36,Female,65.3,1.61,Weight Loss,White_porridge_and_bread,313.0,6.0,53.0,4.0,Jollof_Rice_with_Chicken,619.2,39.43,64.97,13.31,Waakye_and_Fish_with_egg,658.0,39.0,71.0,8.0,Atsoomo_(Chin-Chin),307.38,5.91,36.59,10.85,1897.58,90.34,225.56,36.16
8,Male,49.5,1.09,Muscle Gain,Oatmeal,336.42,9.46,47.78,5.3,Jollof_Rice_with_Chicken,686.0,63.0,81.0,21.0,Banku_with_Okra_Soup,660.0,48.0,68.0,11.0,Kofi_Brokeman_(Roasted_Plantain_with_Groundnut),251.0,9.0,39.0,10.0,1933.42,129.46,235.78,47.3
16,Male,48.4,1.32,Weight Loss,Oatmeal,242.0,13.0,36.0,4.0,Fufu_with_Light_Soup_with_Goat_Meat,510.0,41.0,74.0,10.0,Banku_and_Tilapia_with_Hot_Pepper,553.0,50.0,54.0,12.0,Atsoomo_(Chin-Chin),307.38,5.91,36.59,10.85,1612.38,109.91,200.59,36.85
64,Male,78.2,1.7,Muscle Gain,Tom_Brown_and_bread,328.0,13.0,55.0,5.0,Kenkey_and_Fried_Fish_with_Hot_Pepper,546.0,43.0,65.0,14.0,Angwamu_(Oil_Rice)_with_Hot_Pepper_and_Egg,611.0,34.0,67.0,19.0,Atsoomo_(Chin-Chin),369.0,4.0,33.0,17.0,1854.0,94.0,220.0,55.0
43,Male,60.4,1.64,Weight Loss,White_porridge_and_bread,386.0,6.0,45.0,4.0,Banku_and_Tilapia_with_Hot_Pepper,567.0,36.0,55.0,12.0,Angwamu_(Oil_Rice)_with_Hot_Pepper_and_Egg,615.79,38.98,64.77,13.31,Kofi_Brokeman_(Roasted_Plantain_with_Groundnut),254.0,6.0,37.0,8.0,1822.79,86.98,201.77,37.31
11,Female,40.3,1.19,Weight Loss,Hausa_Koko_(millet_porridge)_with_Koose,305.0,14.0,45.0,5.0,Angwamu_(Oil_Rice)_with_Hot_Pepper_and_Egg,451.0,28.0,61.0,14.0,Banku_with_Okra_Soup,536.0,37.0,76.0,10.0,Kofi_Brokeman_(Roasted_Plantain_with_Groundnut),200.0,7.0,38.0,7.0,1492.0,86.0,220.0,36.0
60,Male,85.1,1.67,Muscle Gain,Tea/Milo/Coffee_with_bread,316.0,7.0,36.0,8.0,Tuo_Zaafi_with_Meat_Stew,661.0,39.0,83.0,14.0,Angwamu_(Oil_Rice)_with_Hot_Pepper_and_Egg,683.0,32.0,51.0,20.0,Atsoomo_(Chin-Chin),307.38,5.91,36.59,10.85,1967.38,83.91,206.59,52.85
39,Female,55.6,1.65,Weight Loss,Tom_Brown_and_bread,380.0,9.0,53.0,4.0,Banku_and_Tilapia_with_Hot_Pepper,524.0,35.0,50.0,12.0,Jollof_Rice_with_Chicken,739.0,42.0,80.0,15.0,Atsoomo_(Chin-Chin),307.38,5.91,36.59,10.85,1950.38,91.91,219.59,41.85
10,Female,40.9,1.1,Weight Loss,Hausa_Koko_(millet_porridge)_with_Koose,274.0,13.0,35.0,6.0,Banku_and_Tilapia_with_Hot_Pepper,452.0,38.0,57.0,13.0,Angwamu_(Oil_Rice)_with_Hot_Pepper_and_Egg,615.79,38.98,64.77,13.31,Atsoomo_(Chin-Chin),307.38,5.91,36.59,10.85,1649.17,95.89,193.36,43.16
15,Female,50.8,1.23,Muscle Gain,Tom_Brown_and_bread,293.0,12.0,67.0,5.0,Tuo_Zaafi_with_Meat_Stew,595.0,46.0,85.0,12.0,Angwamu_(Oil_Rice)_with_Hot_Pepper_and_Egg,545.0,33.0,51.0,24.0,Atsoomo_(Chin-Chin),307.38,5.91,36.59,10.85,1740.38,96.91,239.59,51.85
48,Female,58.0,1.54,Weight Loss,Tom_Brown_and_bread,382.0,9.0,58.0,4.0,Banku_with_Okra_Soup,551.0,28.0,74.0,9.0,Boiled_Plantain/Yam_and_Garden_egg_stew,464.0,19.0,49.0,7.0,Atsoomo_(Chin-Chin),307.38,5.91,36.59,10.85,1704.38,61.91,217.59,30.85
82,Female,56.3,1.55,Weight Loss,Tea/Milo/Coffee_with_bread,261.0,5.0,39.0,4.0,Banku_with_Okra_Soup,466.0,32.0,71.0,6.0,Fufu_with_Light_Soup_with_Goat_Meat,652.0,33.0,77.0,9.0,Atsoomo_(Chin-Chin),307.38,5.91,36.59,10.85,1686.38,75.91,223.59,29.85
52,Male,60.8,1.71,Weight Loss,Oatmeal,326.0,12.0,41.0,4.0,Boiled_Plantain/Yam_and_Garden_egg_stew,603.0,22.0,64.0,8.0,Angwamu_(Oil_Rice)_with_Hot_Pepper_and_Egg,635.0,24.0,45.0,17.0,Atsoomo_(Chin-Chin),307.38,5.91,36.59,10.85,1871.38,63.91,186.59,39.85
44,Male,68.3,1.77,Muscle Gain,Hausa_Koko_(millet_porridge)_with_Koose,379.0,14.0,50.0,7.0,Tuo_Zaafi_with_Meat_Stew,836.0,37.0,70.0,13.0,Kenkey_and_Fried_Fish_with_Hot_Pepper,722.0,50.0,65.0,18.0,Atsoomo_(Chin-Chin),307.38,5.91,36.59,10.85,2244.38,106.91,221.59,48.85
40,Female,75.7,1.57,Muscle Gain,Koko_with_Bofroat_(corn_dough_porridge_with_buffloaf),382.0,12.0,55.0,8.0,Angwamu_(Oil_Rice)_with_Hot_Pepper_and_Egg,534.0,28.0,63.0,22.0,Red-Red_(Beans_and_Plantain_with_red_oil),614.0,28.0,46.0,18.0,Plantain_Chips,320.0,3.0,48.0,13.0,1850.0,71.0,212.0,61.0
59,Male,67.1,1.74,Weight Loss,Rice_water_and_bread,320.0,9.0,45.0,3.0,Waakye_and_Fish_with_egg,778.0,50.0,72.0,8.0,Plain_Rice_with_Chicken,691.0,41.0,66.0,13.0,Atsoomo_(Chin-Chin),307.38,5.91,36.59,10.85,2096.38,105.91,219.59,34.85
58,Male,70.7,1.64,Weight Loss,White_porridge_and_bread,369.0,7.0,44.0,4.0,Red-Red_(Beans_and_Plantain_with_red_oil),572.0,28.0,46.0,14.0,Banku_with_Okra_Soup,602.0,33.0,57.0,9.0,Atsoomo_(Chin-Chin),307.38,5.91,36.59,10.85,1850.38,73.91,183.59,37.85
24,Male,63.9,1.72,Weight Loss,Koko_with_Bofroat_(corn_dough_porridge_with_buffloaf),468.0,8.0,52.0,7.0,Boiled_Plantain/Yam_and_Garden_egg_stew,574.0,18.0,49.0,8.0,Angwamu_(Oil_Rice)_with_Hot_Pepper_and_Egg,615.79,38.98,64.77,13.31,Plantain_Chips,276.0,3.0,35.0,10.0,1933.79,67.98,200.77,38.31
73,Female,66.7,1.59,Muscle Gain,Rice_water_and_bread,302.0,9.0,55.0,4.0,Banku_and_Tilapia_with_Hot_Pepper,537.0,44.0,56.0,12.0,Angwamu_(Oil_Rice)_with_Hot_Pepper_and_Egg,545.0,32.0,67.0,18.0,Atsoomo_(Chin-Chin),383.0,4.0,31.0,17.0,1767.0,89.0,209.0,51.0
60,Female,78.6,1.52,Muscle Gain,Rice_water_and_bread,335.0,7.0,58.0,5.0,Red-Red_(Beans_and_Plantain_with_red_oil),531.0,32.0,56.0,19.0,Boiled_Plantain/Yam_and_Garden_egg_stew,495.0,25.0,59.0,9.0,Atsoomo_(Chin-Chin),307.38,5.91,36.59,10.85,1668.38,69.91,209.59,43.85
15,Male,43.0,1.31,Weight Loss,Koko_with_Bofroat_(corn_dough_porridge_with_buffloaf),303.0,13.0,49.0,7.0,Boiled_Plantain/Yam_and_Garden_egg_stew,484.0,24.0,63.0,7.0,Waakye_and_Fish_with_egg,607.0,59.0,69.0,8.0,Roasted/Boiled_Maize_with_Coconut,204.0,7.0,31.0,5.0,1598.0,103.0,212.0,27.0
63,Male,63.5,1.71,Weight Loss,Oatmeal,237.0,9.0,37.0,2.0,Waakye_and_Fish_with_egg,673.0,49.0,68.0,8.0,Boiled_Plantain/Yam_and_Garden_egg_stew,437.0,19.0,51.0,6.0,Atsoomo_(Chin-Chin),307.38,5.91,36.59,10.85,1654.38,82.91,192.59,26.85
53,Female,65.7,1.63,Muscle Gain,Oatmeal,295.0,9.0,41.0,5.0,Banku_with_Okra_Soup,723.0,39.0,86.0,13.0,Plain_Rice_with_Chicken,712.0,54.0,73.0,15.0,Plantain_Chips,333.0,3.0,40.0,10.0,2063.0,105.0,240.0,43.0
67,Male,61.2,1.66,Weight Loss,Oatmeal,336.42,9.46,47.78,5.3,Tuo_Zaafi_with_Meat_Stew,643.0,30.0,59.0,9.0,Jollof_Rice_with_Chicken,667.0,49.0,81.0,13.0,Atsoomo_(Chin-Chin),307.38,5.91,36.59,10.85,1953.8,94.37,224.37,38.15
17,Male,48.2,1.34,Weight Loss,Tea/Milo/Coffee_with_bread,237.0,6.0,34.0,6.0,Angwamu_(Oil_Rice)_with_Hot_Pepper_and_Egg,425.0,27.0,55.0,18.0,Red-Red_(Beans_and_Plantain_with_red_oil),418.0,30.0,45.0,12.0,Atsoomo_(Chin-Chin),307.38,5.91,36.59,10.85,1387.38,68.91,170.59,46.85
6,Male,39.4,1.0,Muscle Gain,Oatmeal,336.42,9.46,47.78,5.3,Waakye_and_Fish_with_egg,687.0,56.0,67.0,13.0,Fufu_with_Light_Soup_with_Goat_Meat,618.0,52.0,86.0,15.0,Atsoomo_(Chin-Chin),307.38,5.91,36.59,10.85,1948.8,123.37,237.37,44.15
22,Male,64.5,1.61,Weight Loss,White_porridge_and_bread,392.0,7.0,54.0,4.0,Jollof_Rice_with_Chicken,864.0,41.0,72.0,15.0,Red-Red_(Beans_and_Plantain_with_red_oil),586.0,29.0,45.0,12.0,Atsoomo_(Chin-Chin),307.38,5.91,36.59,10.85,2149.38,82.91,207.59,41.85
6,Female,38.3,1.0,Muscle Gain,Oatmeal,336.42,9.46,47.78,5.3,Kenkey_and_Fried_Fish_with_Hot_Pepper,568.0,40.0,65.0,22.0,Banku_with_Okra_Soup,561.0,37.0,81.0,12.0,Atsoomo_(Chin-Chin),307.38,5.91,36.59,10.85,1772.8,92.37,230.37,50.15
37,Female,70.8,1.66,Muscle Gain,Tom_Brown_and_bread,367.0,10.0,64.0,5.0,Waakye_and_Fish_with_egg,683.0,55.0,59.0,12.0,Angwamu_(Oil_Rice)_with_Hot_Pepper_and_Egg,639.0,26.0,53.0,21.0,Atsoomo_(Chin-Chin),307.38,5.91,36.59,10.85,1996.38,96.91,212.59,48.85
8,Male,41.3,1.07,Weight Loss,Koko_with_Bofroat_(corn_dough_porridge_with_buffloaf),376.0,13.0,56.0,8.0,Banku_with_Okra_Soup,562.0,39.0,69.0,9.0,Boiled_Plantain/Yam_and_Garden_egg_stew,378.0,28.0,49.0,8.0,Atsoomo_(Chin-Chin),307.38,5.91,36.59,10.85,1623.38,85.91,210.59,35.85
13,Male,41.9,1.23,Weight Loss,White_porridge_and_bread,259.0,8.0,41.0,4.0,Angwamu_(Oil_Rice)_with_Hot_Pepper_and_Egg,528.0,36.0,56.0,18.0,Banku_with_Okra_Soup,520.0,41.0,74.0,10.0,Atsoomo_(Chin-Chin),307.38,5.91,36.59,10.85,1614.38,90.91,207.59,42.85
39,Male,83.4,1.75,Muscle Gain,Oatmeal,356.0,13.0,46.0,5.0,Banku_with_Okra_Soup,777.0,33.0,78.0,10.0,Tuo_Zaafi_with_Meat_Stew,734.0,39.0,75.0,12.0,Atsoomo_(Chin-Chin),307.38,5.91,36.59,10.85,2174.38,90.91,235.59,37.85
32,Male,70.5,1.81,Muscle Gain,Oatmeal,377.0,13.0,41.0,5.0,Jollof_Rice_with_Chicken,619.2,39.43,64.97,13.31,Fufu_with_Light_Soup_with_Goat_Meat,752.0,48.0,76.0,14.0,Roasted/Boiled_Maize_with_Coconut,295.0,7.0,40.0,8.0,2043.2,107.43,221.97,40.31
74,Male,58.8,1.62,Weight Loss,Oatmeal,247.0,9.0,45.0,3.0,Kenkey_and_Fried_Fish_with_Hot_Pepper,614.0,38.0,52.0,13.0,Banku_with_Okra_Soup,572.0,31.0,74.0,6.0,Atsoomo_(Chin-Chin),307.38,5.91,36.59,10.85,1740.38,83.91,207.59,32.85
33,Female,64.0,1.52,Weight Loss,Rice_water_and_bread,321.0,6.0,51.0,4.0,Plain_Rice_with_Chicken,556.0,39.0,69.0,14.0,Kenkey_and_Fried_Fish_with_Hot_Pepper,511.0,37.0,55.0,16.0,Atsoomo_(Chin-Chin),307.38,5.91,36.59,10.85,1695.38,87.91,211.59,44.85
80,Male,72.4,1.6,Muscle Gain,White_porridge_and_bread,343.0,9.0,58.0,4.0,Jollof_Rice_with_Chicken,707.0,45.0,96.0,16.0,Boiled_Plantain/Yam_and_Garden_egg_stew,486.0,26.0,56.0,9.0,Atsoomo_(Chin-Chin),307.38,5.91,36.59,10.85,1843.38,85.91,246.59,39.85
58,Male,80.9,1.68,Muscle Gain,Hausa_Koko_(millet_porridge)_with_Koose,468.0,16.0,46.0,8.0,Angwamu_(Oil_Rice)_with_Hot_Pepper_and_Egg,694.0,31.0,53.0,20.0,Boiled_Plantain/Yam_and_Garden_egg_stew,662.0,28.0,56.0,10.0,Atsoomo_(Chin-Chin),307.38,5.91,36.59,10.85,2131.38,80.91,191.59,48.85
5,Female,32.9,1.0,Muscle Gain,Koko_with_Bofroat_(corn_dough_porridge_with_buffloaf),392.0,10.0,61.0,8.0,Boiled_Plantain/Yam_and_Garden_egg_stew,367.0,28.0,71.0,11.0,Banku_and_Tilapia_with_Hot_Pepper,523.0,51.0,63.0,15.0,Atsoomo_(Chin-Chin),307.38,5.91,36.59,10.85,1589.38,94.91,231.59,44.85
21,Male,75.8,1.69,Muscle Gain,Rice_water_and_bread,333.0,8.0,61.0,5.0,Banku_and_Tilapia_with_Hot_Pepper,731.0,46.0,59.0,16.0,Angwamu_(Oil_Rice)_with_Hot_Pepper_and_Egg,615.79,38.98,64.77,13.31,Plantain_Chips,370.0,3.0,40.0,13.0,2049.79,95.98,224.77,47.31
32,Female,77.1,1.58,Muscle Gain,Tea/Milo/Coffee_with_bread,347.0,7.0,44.0,7.0,Jollof_Rice_with_Chicken,805.0,43.0,80.0,19.0,Banku_with_Okra_Soup,662.0,33.0,77.0,12.0,Plantain_Chips,290.0,3.0,45.0,13.0,2104.0,86.0,246.0,51.0
52,Female,55.2,1.62,Weight Loss,Rice_water_and_bread,309.0,8.0,50.0,4.0,Jollof_Rice_with_Chicken,619.2,39.43,64.97,13.31,Angwamu_(Oil_Rice)_with_Hot_Pepper_and_Egg,582.0,26.0,61.0,15.0,Atsoomo_(Chin-Chin),307.38,5.91,36.59,10.85,1817.58,79.34,212.56,43.16
65,Male,64.3,1.66,Weight Loss,Oatmeal,336.42,9.46,47.78,5.3,Waakye_and_Fish_with_egg,531.0,39.0,56.0,8.0,Angwamu_(Oil_Rice)_with_Hot_Pepper_and_Egg,488.0,26.0,45.0,13.0,Agbelikaklo_with_Coconut,336.0,5.0,41.0,4.0,1691.42,79.46,189.78,30.3
51,Male,67.4,1.71,Weight Loss,Oatmeal,336.42,9.46,47.78,5.3,Kenkey_and_Fried_Fish_with_Hot_Pepper,676.0,38.0,61.0,16.0,Red-Red_(Beans_and_Plantain_with_red_oil),530.0,26.0,54.0,12.0,Atsoomo_(Chin-Chin),307.38,5.91,36.59,10.85,1849.8,79.37,199.37,44.15
74,Female,56.8,1.55,Weight Loss,Oatmeal,336.42,9.46,47.78,5.3,Jollof_Rice_with_Chicken,605.0,38.0,86.0,13.0,Banku_with_Okra_Soup,516.0,26.0,69.0,8.0,Plantain_Chips,277.0,3.0,45.0,7.0,1734.42,76.46,247.78,33.3
53,Male,71.1,1.76,Weight Loss,Hausa_Koko_(millet_porridge)_with_Koose,441.0,12.0,43.0,6.0,Jollof_Rice_with_Chicken,707.0,47.0,86.0,17.0,Angwamu_(Oil_Rice)_with_Hot_Pepper_and_Egg,545.0,30.0,57.0,15.0,Atsoomo_(Chin-Chin),307.38,5.91,36.59,10.85,2000.38,94.91,222.59,48.85
17,Male,49.5,1.37,Weight Loss,Tea/Milo/Coffee_with_bread,211.0,6.0,35.0,6.0,Jollof_Rice_with_Chicken,619.2,39.43,64.97,13.31,Tuo_Zaafi_with_Meat_Stew,532.0,46.0,56.0,12.0,Atsoomo_(Chin-Chin),307.38,5.91,36.59,10.85,1669.58,97.34,192.56,42.16
45,Male,57.7,1.71,Weight Loss,Koko_with_Bofroat_(corn_dough_porridge_with_buffloaf),488.0,8.0,60.0,7.0,Banku_with_Okra_Soup,748.0,30.0,65.0,9.0,Banku_and_Tilapia_with_Hot_Pepper,673.0,40.0,50.0,12.0,Plantain_Chips,319.0,3.0,36.0,9.0,2228.0,81.0,211.0,37.0
49,Male,65.8,1.72,Weight Loss,Oatmeal,336.42,9.46,47.78,5.3,Jollof_Rice_with_Chicken,619.2,39.43,64.97,13.31,Jollof_Rice_with_Chicken,872.0,39.0,70.0,13.0,Atsoomo_(Chin-Chin),307.38,5.91,36.59,10.85,2135.0,93.8,219.34,42.46
35,Female,59.1,1.59,Weight Loss,White_porridge_and_bread,361.0,7.0,50.0,4.0,Banku_and_Tilapia_with_Hot_Pepper,625.0,40.0,54.0,12.0,Angwamu_(Oil_Rice)_with_Hot_Pepper_and_Egg,615.79,38.98,64.77,13.31,Atsoomo_(Chin-Chin),307.38,5.91,36.59,10.85,1909.17,91.89,205.36,40.16
11,Male,48.5,1.26,Weight Loss,Tea/Milo/Coffee_with_bread,264.0,6.0,40.0,6.0,Jollof_Rice_with_Chicken,619.2,39.43,64.97,13.31,Jollof_Rice_with_Chicken,649.0,47.0,67.0,15.0,Atsoomo_(Chin-Chin),307.38,5.91,36.59,10.85,1839.58,98.34,208.56,45.16
6,Male,35.4,1.0,Weight Loss,White_porridge_and_bread,309.0,7.0,54.0,4.0,Jollof_Rice_with_Chicken,619.2,39.43,64.97,13.31,Jollof_Rice_with_Chicken,553.0,57.0,75.0,16.0,Atsoomo_(Chin-Chin),307.38,5.91,36.59,10.85,1788.58,109.34,230.56,44.16
15,Female,49.1,1.22,Muscle Gain,Rice_water_and_bread,237.0,10.0,51.0,4.0,Fufu_with_Light_Soup_with_Goat_Meat,530.0,51.0,87.0,13.0,Boiled_Plantain/Yam_and_Garden_egg_stew,441.0,25.0,69.0,10.0,Atsoomo_(Chin-Chin),307.38,5.91,36.59,10.85,1515.38,91.91,243.59,37.85
25,Male,81.5,1.75,Muscle Gain,Hausa_Koko_(millet_porridge)_with_Koose,359.0,16.0,40.0,7.0,Red-Red_(Beans_and_Plantain_with_red_oil),621.0,33.0,56.0,18.0,Angwamu_(Oil_Rice)_with_Hot_Pepper_and_Egg,615.79,38.98,64.77,13.31,Atsoomo_(Chin-Chin),307.38,5.91,36.59,10.85,1903.17,93.89,197.36,49.16
35,Male,63.0,1.75,Weight Loss,Tom_Brown_and_bread,359.0,9.0,61.0,4.0,Jollof_Rice_with_Chicken,829.0,49.0,67.0,13.0,Red-Red_(Beans_and_Plantain_with_red_oil),475.0,26.0,45.0,14.0,Atsoomo_(Chin-Chin),307.38,5.91,36.59,10.85,1970.38,89.91,209.59,41.85
46,Male,76.5,1.75,Muscle Gain,Tom_Brown_and_bread,409.0,10.0,52.0,5.0,Banku_and_Tilapia_with_Hot_Pepper,778.0,49.0,55.0,16.0,Jollof_Rice_with_Chicken,811.0,54.0,78.0,17.0,Atsoomo_(Chin-Chin),307.38,5.91,36.59,10.85,2305.38,118.91,221.59,48.85
46,Female,64.8,1.63,Muscle Gain,Tom_Brown_and_bread,419.0,9.0,54.0,6.0,Banku_and_Tilapia_with_Hot_Pepper,617.0,42.0,62.0,14.0,Fufu_with_Light_Soup_with_Goat_Meat,811.0,43.0,74.0,16.0,Atsoomo_(Chin-Chin),429.0,3.0,40.0,22.0,2276.0,97.0,230.0,58.0
64,Male,77.4,1.72,Muscle Gain,Tea/Milo/Coffee_with_bread,304.0,7.0,41.0,6.0,Tuo_Zaafi_with_Meat_Stew,715.0,42.0,71.0,11.0,Jollof_Rice_with_Chicken,740.0,46.0,81.0,18.0,Roasted/Boiled_Maize_with_Coconut,291.0,6.0,35.0,6.0,2050.0,101.0,228.0,41.0
68,Male,63.5,1.68,Weight Loss,Hausa_Koko_(millet_porridge)_with_Koose,311.0,14.0,37.0,4.0,Angwamu_(Oil_Rice)_with_Hot_Pepper_and_Egg,624.0,23.0,45.0,13.0,Banku_and_Tilapia_with_Hot_Pepper,511.0,36.0,54.0,8.0,Atsoomo_(Chin-Chin),307.38,5.91,36.59,10.85,1753.38,78.91,172.59,35.85
62,Male,61.2,1.7,Weight Loss,Koko_with_Bofroat_(corn_dough_porridge_with_buffloaf),431.0,11.0,57.0,6.0,Red-Red_(Beans_and_Plantain_with_red_oil),554.0,31.0,53.0,12.0,Waakye_and_Fish_with_egg,636.0,48.0,55.0,8.0,Atsoomo_(Chin-Chin),307.38,5.91,36.59,10.85,1928.38,95.91,201.59,36.85
76,Male,70.6,1.63,Muscle Gain,Rice_water_and_bread,367.0,9.0,48.0,3.0,Waakye_and_Fish_with_egg,600.0,45.0,67.0,8.0,Angwamu_(Oil_Rice)_with_Hot_Pepper_and_Egg,565.0,33.0,65.0,16.0,Atsoomo_(Chin-Chin),307.38,5.91,36.59,10.85,1839.38,92.91,216.59,37.85
42,Male,82.0,1.76,Muscle Gain,Oatmeal,319.0,13.0,39.0,5.0,Red-Red_(Beans_and_Plantain_with_red_oil),530.0,39.0,61.0,20.0,Plain_Rice_with_Chicken,767.0,56.0,76.0,20.0,Atsoomo_(Chin-Chin),307.38,5.91,36.59,10.85,1923.38,113.91,212.59,55.85
62,Male,77.5,1.7,Muscle Gain,Tom_Brown_and_bread,382.0,13.0,63.0,4.0,Banku_with_Okra_Soup,665.0,34.0,83.0,11.0,Waakye_and_Fish_with_egg,723.0,57.0,77.0,8.0,Atsoomo_(Chin-Chin),307.38,5.91,36.59,10.85,2077.38,109.91,259.59,33.85
56,Female,57.0,1.55,Weight Loss,Koko_with_Bofroat_(corn_dough_porridge_with_buffloaf),434.0,10.0,48.0,6.0,Kenkey_and_Fried_Fish_with_Hot_Pepper,595.0,34.0,51.0,13.0,Banku_and_Tilapia_with_Hot_Pepper,661.0,43.0,51.0,12.0,Atsoomo_(Chin-Chin),307.38,5.91,36.59,10.85,1997.38,92.91,186.59,41.85
8,Female,38.2,1.01,Weight Loss,Tea/Milo/Coffee_with_bread,253.0,7.0,33.0,4.0,Waakye_and_Fish_with_egg,484.0,56.0,54.0,10.0,Banku_and_Tilapia_with_Hot_Pepper,512.0,44.0,54.0,12.0,Atsoomo_(Chin-Chin),307.38,5.91,36.59,10.85,1556.38,112.91,177.59,36.85
50,Male,71.5,1.67,Muscle Gain,Hausa_Koko_(millet_porridge)_with_Koose,448.0,13.0,42.0,9.0,Kenkey_and_Fried_Fish_with_Hot_Pepper,660.0,40.0,60.0,20.0,Banku_with_Okra_Soup,778.0,39.0,79.0,11.0,Atsoomo_(Chin-Chin),307.38,5.91,36.59,10.85,2193.38,97.91,217.59,50.85
57,Female,73.3,1.66,Muscle Gain,Tea/Milo/Coffee_with_bread,335.0,6.0,44.0,8.0,Plain_Rice_with_Chicken,653.0,57.0,80.0,18.0,Banku_with_Okra_Soup,597.0,33.0,69.0,10.0,Agbelikaklo_with_Coconut,324.0,6.0,47.0,11.0,1909.0,102.0,240.0,47.0
53,Female,63.6,1.63,Weight Loss,Tom_Brown_and_bread,307.0,9.0,53.0,4.0,Plain_Rice_with_Chicken,682.0,47.0,54.0,14.0,Kenkey_and_Fried_Fish_with_Hot_Pepper,604.0,30.0,47.0,17.0,Atsoomo_(Chin-Chin),307.38,5.91,36.59,10.85,1900.38,91.91,190.59,45.85
8,Female,34.2,1.0,Weight Loss,Oatmeal,192.0,12.0,43.0,3.0,Waakye_and_Fish_with_egg,428.0,43.0,58.0,8.0,Banku_and_Tilapia_with_Hot_Pepper,422.0,45.0,63.0,10.0,Roasted/Boiled_Maize_with_Coconut,217.0,6.0,37.0,5.0,1259.0,106.0,201.0,26.0
60,Female,60.0,1.54,Weight Loss,Oatmeal,336.42,9.46,47.78,5.3,Fufu_with_Light_Soup_with_Goat_Meat,631.0,31.0,61.0,12.0,Jollof_Rice_with_Chicken,681.0,43.0,68.0,13.0,Atsoomo_(Chin-Chin),307.38,5.91,36.59,10.85,1955.8,89.37,213.37,41.15
21,Male,69.7,1.71,Muscle Gain,Koko_with_Bofroat_(corn_dough_porridge_with_buffloaf),447.0,13.0,54.0,11.0,Jollof_Rice_with_Chicken,619.2,39.43,64.97,13.31,Red-Red_(Beans_and_Plantain_with_red_oil),514.0,34.0,62.0,16.0,Atsoomo_(Chin-Chin),307.38,5.91,36.59,10.85,1887.58,92.34,217.56,51.16
40,Male,60.8,1.73,Weight Loss,White_porridge_and_bread,342.0,5.0,44.0,4.0,Fufu_with_Light_Soup_with_Goat_Meat,718.0,34.0,67.0,12.0,Tuo_Zaafi_with_Meat_Stew,746.0,34.0,77.0,9.0,Atsoomo_(Chin-Chin),307.38,5.91,36.59,10.85,2113.38,78.91,224.59,35.85
81,Male,72.8,1.64,Muscle Gain,White_porridge_and_bread,335.0,8.0,49.0,5.0,Angwamu_(Oil_Rice)_with_Hot_Pepper_and_Egg,653.0,31.0,51.0,21.0,Tuo_Zaafi_with_Meat_Stew,772.0,46.0,76.0,10.0,Atsoomo_(Chin-Chin),307.38,5.91,36.59,10.85,2067.38,90.91,212.59,46.85
37,Female,74.7,1.56,Muscle Gain,Tea/Milo/Coffee_with_bread,339.0,7.0,40.0,8.0,Plain_Rice_with_Chicken,796.0,60.0,65.0,16.0,Tuo_Zaafi_with_Meat_Stew,729.0,32.0,84.0,11.0,Atsoomo_(Chin-Chin),374.0,3.0,30.0,21.0,2238.0,102.0,219.0,56.0
66,Female,72.5,1.58,Muscle Gain,Tea/Milo/Coffee_with_bread,262.0,7.0,36.0,5.0,Banku_and_Tilapia_with_Hot_Pepper,542.0,42.0,56.0,11.0,Angwamu_(Oil_Rice)_with_Hot_Pepper_and_Egg,615.79,38.98,64.77,13.31,Atsoomo_(Chin-Chin),307.38,5.91,36.59,10.85,1727.17,93.89,193.36,40.16
11,Female,41.7,1.16,Weight Loss,Tea/Milo/Coffee_with_bread,223.0,6.0,39.0,5.0,Jollof_Rice_with_Chicken,581.0,45.0,67.0,17.0,Fufu_with_Light_Soup_with_Goat_Meat,465.0,39.0,64.0,11.0,Atsoomo_(Chin-Chin),307.38,5.91,36.59,10.85,1576.38,95.91,206.59,43.85
77,Female,69.7,1.58,Muscle Gain,Koko_with_Bofroat_(corn_dough_porridge_with_buffloaf),451.0,12.0,68.0,8.0,Banku_and_Tilapia_with_Hot_Pepper,552.0,50.0,63.0,11.0,Tuo_Zaafi_with_Meat_Stew,544.0,43.0,73.0,10.0,Atsoomo_(Chin-Chin),307.38,5.91,36.59,10.85,1854.38,110.91,240.59,39.85
19,Female,74.6,1.63,Muscle Gain,White_porridge_and_bread,382.0,7.0,55.0,6.0,Tuo_Zaafi_with_Meat_Stew,684.0,36.0,70.0,13.0,Plain_Rice_with_Chicken,687.0,50.0,60.0,16.0,Atsoomo_(Chin-Chin),307.38,5.91,36.59,10.85,2060.38,98.91,221.59,45.85
26,Female,68.5,1.6,Muscle Gain,Oatmeal,301.0,13.0,44.0,5.0,Banku_and_Tilapia_with_Hot_Pepper,587.0,45.0,66.0,15.0,Angwamu_(Oil_Rice)_with_Hot_Pepper_and_Egg,667.0,26.0,58.0,24.0,Atsoomo_(Chin-Chin),307.38,5.91,36.59,10.85,1862.38,89.91,204.59,54.85
73,Male,76.5,1.67,Muscle Gain,Tea/Milo/Coffee_with_bread,272.0,6.0,36.0,5.0,Red-Red_(Beans_and_Plantain_with_red_oil),493.0,37.0,50.0,12.0,Boiled_Plantain/Yam_and_Garden_egg_stew,514.0,26.0,55.0,7.0,Atsoomo_(Chin-Chin),307.38,5.91,36.59,10.85,1586.38,74.91,177.59,34.85
59,Male,61.3,1.76,Weight Loss,Hausa_Koko_(millet_porridge)_with_Koose,357.0,13.0,35.0,5.0,Jollof_Rice_with_Chicken,619.2,39.43,64.97,13.31,Red-Red_(Beans_and_Plantain_with_red_oil),528.0,34.0,45.0,13.0,Atsoomo_(Chin-Chin),307.38,5.91,36.59,10.85,1811.58,92.34,181.56,42.16
8,Male,37.6,1.1,Weight Loss,Rice_water_and_bread,301.0,7.0,45.0,4.0,Banku_and_Tilapia_with_Hot_Pepper,510.0,46.0,61.0,12.0,Kenkey_and_Fried_Fish_with_Hot_Pepper,444.0,48.0,51.0,14.0,Atsoomo_(Chin-Chin),314.0,4.0,34.0,14.0,1569.0,105.0,191.0,44.0
34,Male,82.2,1.69,Muscle Gain,Oatmeal,336.42,9.46,47.78,5.3,Red-Red_(Beans_and_Plantain_with_red_oil),588.0,31.0,50.0,19.0,Waakye_and_Fish_with_egg,837.0,61.0,77.0,12.0,Atsoomo_(Chin-Chin),307.38,5.91,36.59,10.85,2068.8,107.37,211.37,47.15
35,Female,64.0,1.57,Weight Loss,Tea/Milo/Coffee_with_bread,320.0,5.0,40.0,5.0,Kenkey_and_Fried_Fish_with_Hot_Pepper,619.0,38.0,61.0,17.0,Angwamu_(Oil_Rice)_with_Hot_Pepper_and_Egg,615.79,38.98,64.77,13.31,Atsoomo_(Chin-Chin),307.38,5.91,36.59,10.85,1862.17,87.89,202.36,46.16
14,Male,39.3,1.25,Weight Loss,Hausa_Koko_(millet_porridge)_with_Koose,315.0,15.0,41.0,5.0,Banku_with_Okra_Soup,544.0,35.0,63.0,8.0,Angwamu_(Oil_Rice)_with_Hot_Pepper_and_Egg,499.0,36.0,51.0,20.0,Atsoomo_(Chin-Chin),307.38,5.91,36.59,10.85,1665.38,91.91,191.59,43.85
53,Female,67.2,1.56,Muscle Gain,Oatmeal,266.0,12.0,41.0,5.0,Jollof_Rice_with_Chicken,851.0,42.0,75.0,22.0,Banku_with_Okra_Soup,628.0,39.0,71.0,12.0,Atsoomo_(Chin-Chin),307.38,5.91,36.59,10.85,2052.38,98.91,223.59,49.85
13,Female,47.2,1.16,Muscle Gain,Rice_water_and_bread,237.0,12.0,59.0,5.0,Red-Red_(Beans_and_Plantain_with_red_oil),486.0,43.0,48.0,15.0,Boiled_Plantain/Yam_and_Garden_egg_stew,378.0,31.0,72.0,10.0,Roasted/Boiled_Maize_with_Coconut,207.0,7.0,42.0,8.0,1308.0,93.0,221.0,38.0
59,Female,63.6,1.64,Muscle Gain,Koko_with_Bofroat_(corn_dough_porridge_with_buffloaf),429.0,10.0,59.0,9.0,Angwamu_(Oil_Rice)_with_Hot_Pepper_and_Egg,579.0,27.0,64.0,24.0,Tuo_Zaafi_with_Meat_Stew,589.0,34.0,69.0,14.0,Atsoomo_(Chin-Chin),307.38,5.91,36.59,10.85,1904.38,76.91,228.59,57.85
11,Female,54.0,1.17,Muscle Gain,Tea/Milo/Coffee_with_bread,245.0,8.0,45.0,6.0,Banku_and_Tilapia_with_Hot_Pepper,466.0,52.0,73.0,16.0,Boiled_Plantain/Yam_and_Garden_egg_stew,360.0,24.0,74.0,9.0,Atsoomo_(Chin-Chin),307.38,5.91,36.59,10.85,1378.38,89.91,228.59,41.85
8,Female,35.5,1.02,Weight Loss,Hausa_Koko_(millet_porridge)_with_Koose,241.0,15.0,39.0,5.0,Waakye_and_Fish_with_egg,434.0,46.0,64.0,9.0,Red-Red_(Beans_and_Plantain_with_red_oil),340.0,37.0,48.0,15.0,Atsoomo_(Chin-Chin),307.38,5.91,36.59,10.85,1322.38,103.91,187.59,39.85
66,Female,72.8,1.56,Muscle Gain,Oatmeal,292.0,9.0,45.0,3.0,Boiled_Plantain/Yam_and_Garden_egg_stew,409.0,24.0,66.0,6.0,Banku_and_Tilapia_with_Hot_Pepper,520.0,48.0,58.0,12.0,Atsoomo_(Chin-Chin),307.38,5.91,36.59,10.85,1528.38,86.91,205.59,31.85
17,Male,45.4,1.39,Weight Loss,Tea/Milo/Coffee_with_bread,259.0,7.0,39.0,7.0,Kenkey_and_Fried_Fish_with_Hot_Pepper,466.0,41.0,56.0,17.0,Banku_with_Okra_Soup,504.0,36.0,72.0,8.0,Atsoomo_(Chin-Chin),307.38,5.91,36.59,10.85,1536.38,89.91,203.59,42.85
53,Female,61.0,1.65,Weight Loss,Hausa_Koko_(millet_porridge)_with_Koose,400.0,13.0,34.0,6.0,Fufu_with_Light_Soup_with_Goat_Meat,599.0,39.0,80.0,10.0,Boiled_Plantain/Yam_and_Garden_egg_stew,520.0,17.0,52.0,6.0,Atsoomo_(Chin-Chin),307.38,5.91,36.59,10.85,1826.38,74.91,202.59,32.85
27,Female,68.7,1.58,Muscle Gain,Tea/Milo/Coffee_with_bread,305.0,6.0,35.0,7.0,Jollof_Rice_with_Chicken,619.2,39.43,64.97,13.31,Kenkey_and_Fried_Fish_with_Hot_Pepper,667.0,46.0,59.0,18.0,Atsoomo_(Chin-Chin),307.38,5.91,36.59,10.85,1898.58,97.34,195.56,49.16
50,Male,79.9,1.68,Muscle Gain,White_porridge_and_bread,377.0,8.0,60.0,5.0,Tuo_Zaafi_with_Meat_Stew,796.0,42.0,77.0,11.0,Angwamu_(Oil_Rice)_with_Hot_Pepper_and_Egg,615.79,38.98,64.77,13.31,Plantain_Chips,348.0,3.0,39.0,11.0,2136.79,91.98,240.77,40.31
64,Female,59.7,1.61,Weight Loss,Hausa_Koko_(millet_porridge)_with_Koose,334.0,12.0,41.0,4.0,Plain_Rice_with_Chicken,540.0,43.0,53.0,13.0,Angwamu_(Oil_Rice)_with_Hot_Pepper_and_Egg,615.79,38.98,64.77,13.31,Nkatie_Cake_(Groundnut_Cake),302.0,10.0,19.0,11.0,1791.79,103.98,177.77,41.31
33,Female,78.7,1.65,Muscle Gain,Oatmeal,336.42,9.46,47.78,5.3,Banku_and_Tilapia_with_Hot_Pepper,587.0,45.0,59.0,14.0,Kenkey_and_Fried_Fish_with_Hot_Pepper,562.0,37.0,66.0,18.0,Kofi_Brokeman_(Roasted_Plantain_with_Groundnut),290.0,7.0,41.0,9.0,1775.42,98.46,213.78,46.3
20,Male,65.4,1.62,Weight Loss,White_porridge_and_bread,382.0,7.0,44.0,4.0,Plain_Rice_with_Chicken,771.0,50.0,68.0,14.0,Boiled_Plantain/Yam_and_Garden_egg_stew,601.0,19.0,55.0,8.0,Atsoomo_(Chin-Chin),307.38,5.91,36.59,10.85,2061.38,81.91,203.59,36.85
26,Female,72.9,1.59,Muscle Gain,Tom_Brown_and_bread,341.0,8.0,61.0,6.0,Banku_with_Okra_Soup,561.0,31.0,66.0,12.0,Fufu_with_Light_Soup_with_Goat_Meat,689.0,38.0,76.0,13.0,Atsoomo_(Chin-Chin),307.38,5.91,36.59,10.85,1898.38,82.91,239.59,41.85
46,Female,68.2,1.66,Muscle Gain,Rice_water_and_bread,370.0,8.0,58.0,4.0,Waakye_and_Fish_with_egg,651.0,51.0,65.0,13.0,Fufu_with_Light_Soup_with_Goat_Meat,619.0,38.0,77.0,14.0,Kofi_Brokeman_(Roasted_Plantain_with_Groundnut),265.0,7.0,34.0,11.0,1905.0,104.0,234.0,42.0
53,Male,81.3,1.64,Muscle Gain,Tea/Milo/Coffee_with_bread,360.0,6.0,38.0,7.0,Kenkey_and_Fried_Fish_with_Hot_Pepper,782.0,43.0,51.0,21.0,Jollof_Rice_with_Chicken,814.0,54.0,74.0,20.0,Roasted/Boiled_Maize_with_Coconut,319.0,6.0,35.0,7.0,2275.0,109.0,198.0,55.0
28,Male,68.2,1.69,Weight Loss,Oatmeal,352.0,11.0,37.0,3.0,Plain_Rice_with_Chicken,695.0,55.0,58.0,16.0,Waakye_and_Fish_with_egg,731.0,52.0,62.0,8.0,Atsoomo_(Chin-Chin),307.38,5.91,36.59,10.85,2085.38,123.91,193.59,37.85
36,Female,53.7,1.66,Weight Loss,Koko_with_Bofroat_(corn_dough_porridge_with_buffloaf),364.0,9.0,57.0,8.0,Waakye_and_Fish_with_egg,563.0,40.0,57.0,9.0,Tuo_Zaafi_with_Meat_Stew,694.0,31.0,64.0,12.0,Roasted/Boiled_Maize_with_Coconut,280.0,6.0,39.0,7.0,1901.0,86.0,217.0,36.0
35,Female,64.9,1.6,Weight Loss,Oatmeal,272.0,10.0,39.0,4.0,Boiled_Plantain/Yam_and_Garden_egg_stew,517.0,20.0,62.0,8.0,Red-Red_(Beans_and_Plantain_with_red_oil),488.0,30.0,43.0,16.0,Atsoomo_(Chin-Chin),307.38,5.91,36.59,10.85,1584.38,65.91,180.59,38.85
20,Male,64.9,1.73,Weight Loss,Koko_with_Bofroat_(corn_dough_porridge_with_buffloaf),391.0,8.0,61.0,8.0,Jollof_Rice_with_Chicken,863.0,37.0,71.0,16.0,Tuo_Zaafi_with_Meat_Stew,620.0,35.0,73.0,10.0,Nkatie_Cake_(Groundnut_Cake),304.0,9.0,19.0,14.0,2178.0,89.0,224.0,48.0
19,Male,75.5,1.77,Muscle Gain,Oatmeal,336.42,9.46,47.78,5.3,Banku_with_Okra_Soup,767.0,34.0,79.0,10.0,Angwamu_(Oil_Rice)_with_Hot_Pepper_and_Egg,615.79,38.98,64.77,13.31,Atsoomo_(Chin-Chin),307.38,5.91,36.59,10.85,2026.59,88.35,228.14,39.46
76,Female,53.9,1.56,Weight Loss,White_porridge_and_bread,289.0,7.0,51.0,3.0,Waakye_and_Fish_with_egg,533.0,42.0,72.0,7.0,Angwamu_(Oil_Rice)_with_Hot_Pepper_and_Egg,524.0,22.0,60.0,15.0,Atsoomo_(Chin-Chin),307.38,5.91,36.59,10.85,1653.38,76.91,219.59,35.85
29,Female,75.2,1.7,Muscle Gain,Oatmeal,336.42,9.46,47.78,5.3,Kenkey_and_Fried_Fish_with_Hot_Pepper,621.0,42.0,58.0,21.0,Boiled_Plantain/Yam_and_Garden_egg_stew,473.0,26.0,65.0,11.0,Atsoomo_(Chin-Chin),307.38,5.91,36.59,10.85,1737.8,83.37,207.37,48.15
32,Male,81.4,1.7,Muscle Gain,Oatmeal,323.0,10.0,39.0,5.0,Angwamu_(Oil_Rice)_with_Hot_Pepper_and_Egg,566.0,28.0,58.0,20.0,Kenkey_and_Fried_Fish_with_Hot_Pepper,624.0,42.0,61.0,20.0,Atsoomo_(Chin-Chin),307.38,5.91,36.59,10.85,1820.38,85.91,194.59,55.85
11,Female,43.1,1.17,Weight Loss,White_porridge_and_bread,223.0,8.0,54.0,4.0,Boiled_Plantain/Yam_and_Garden_egg_stew,432.0,26.0,51.0,8.0,Waakye_and_Fish_with_egg,537.0,55.0,65.0,8.0,Atsoomo_(Chin-Chin),307.38,5.91,36.59,10.85,1499.38,94.91,206.59,30.85
5,Female,30,1.0,Weight Loss,Koko_with_Bofroat_(corn_dough_porridge_with_buffloaf),304.0,12.0,50.0,7.0,Waakye_and_Fish_with_egg,515.0,49.0,65.0,8.0,Angwamu_(Oil_Rice)_with_Hot_Pepper_and_Egg,412.0,25.0,48.0,16.0,Atsoomo_(Chin-Chin),307.38,5.91,36.59,10.85,1538.38,91.91,199.59,41.85
78,Female,69.0,1.52,Muscle Gain,Tom_Brown_and_bread,323.0,9.0,52.0,4.0,Waakye_and_Fish_with_egg,584.0,43.0,71.0,10.0,Kenkey_and_Fried_Fish_with_Hot_Pepper,570.0,37.0,53.0,16.0,Plantain_Chips,287.0,3.0,47.0,8.0,1764.0,92.0,223.0,38.0
44,Female,78.2,1.59,Muscle Gain,Koko_with_Bofroat_(corn_dough_porridge_with_buffloaf),478.0,12.0,54.0,9.0,Red-Red_(Beans_and_Plantain_with_red_oil),469.0,33.0,63.0,17.0,Banku_with_Okra_Soup,647.0,37.0,64.0,12.0,Plantain_Chips,298.0,3.0,39.0,10.0,1892.0,85.0,220.0,48.0
15,Male,45.9,1.28,Weight Loss,Oatmeal,336.42,9.46,47.78,5.3,Banku_and_Tilapia_with_Hot_Pepper,475.0,48.0,56.0,10.0,Jollof_Rice_with_Chicken,672.0,53.0,68.0,16.0,Atsoomo_(Chin-Chin),307.38,5.91,36.59,10.85,1790.8,116.37,208.37,42.15
44,Male,69.9,1.7,Muscle Gain,Oatmeal,336.42,9.46,47.78,5.3,Tuo_Zaafi_with_Meat_Stew,796.0,36.0,77.0,15.0,Banku_with_Okra_Soup,675.0,39.0,73.0,11.0,Atsoomo_(Chin-Chin),307.38,5.91,36.59,10.85,2114.8,90.37,234.37,42.15
19,Female,70.0,1.61,Muscle Gain,Koko_with_Bofroat_(corn_dough_porridge_with_buffloaf),478.0,12.0,56.0,9.0,Waakye_and_Fish_with_egg,651.0,55.0,79.0,11.0,Fufu_with_Light_Soup_with_Goat_Meat,715.0,39.0,71.0,16.0,Atsoomo_(Chin-Chin),335.0,4.0,31.0,22.0,2179.0,110.0,237.0,58.0
41,Female,70.7,1.69,Muscle Gain,Tea/Milo/Coffee_with_bread,308.0,6.0,40.0,8.0,Kenkey_and_Fried_Fish_with_Hot_Pepper,698.0,45.0,54.0,21.0,Banku_with_Okra_Soup,564.0,40.0,84.0,13.0,Atsoomo_(Chin-Chin),307.38,5.91,36.59,10.85,1877.38,96.91,214.59,52.85
67,Male,59.1,1.67,Weight Loss,Rice_water_and_bread,323.0,7.0,44.0,2.0,Jollof_Rice_with_Chicken,628.0,39.0,72.0,12.0,Red-Red_(Beans_and_Plantain_with_red_oil),510.0,29.0,50.0,10.0,Roasted/Boiled_Maize_with_Coconut,266.0,6.0,39.0,4.0,1727.0,81.0,205.0,28.0
40,Female,60.6,1.67,Weight Loss,Oatmeal,307.0,10.0,44.0,4.0,Jollof_Rice_with_Chicken,619.2,39.43,64.97,13.31,Angwamu_(Oil_Rice)_with_Hot_Pepper_and_Egg,532.0,22.0,47.0,17.0,Atsoomo_(Chin-Chin),307.38,5.91,36.59,10.85,1765.58,77.34,192.56,45.16
52,Male,61.9,1.6,Weight Loss,Koko_with_Bofroat_(corn_dough_porridge_with_buffloaf),478.0,11.0,57.0,8.0,Fufu_with_Light_Soup_with_Goat_Meat,771.0,37.0,68.0,10.0,Angwamu_(Oil_Rice)_with_Hot_Pepper_and_Egg,615.79,38.98,64.77,13.31,Atsoomo_(Chin-Chin),307.38,5.91,36.59,10.85,2172.17,92.89,226.36,42.16
55,Male,70.0,1.77,Muscle Gain,Tea/Milo/Coffee_with_bread,322.0,7.0,34.0,7.0,Jollof_Rice_with_Chicken,777.0,52.0,82.0,22.0,Angwamu_(Oil_Rice)_with_Hot_Pepper_and_Egg,570.0,32.0,65.0,22.0,Atsoomo_(Chin-Chin),307.38,5.91,36.59,10.85,1976.38,96.91,217.59,61.85
41,Female,64.1,1.61,Muscle Gain,Rice_water_and_bread,372.0,8.0,52.0,4.0,Tuo_Zaafi_with_Meat_Stew,650.0,42.0,76.0,13.0,Kenkey_and_Fried_Fish_with_Hot_Pepper,554.0,43.0,61.0,22.0,Atsoomo_(Chin-Chin),307.38,5.91,36.59,10.85,1883.38,98.91,225.59,49.85
23,Male,60.1,1.74,Weight Loss,Oatmeal,269.0,12.0,43.0,4.0,Angwamu_(Oil_Rice)_with_Hot_Pepper_and_Egg,517.0,27.0,61.0,15.0,Fufu_with_Light_Soup_with_Goat_Meat,748.0,42.0,81.0,11.0,Atsoomo_(Chin-Chin),307.38,5.91,36.59,10.85,1841.38,86.91,221.59,40.85
9,Female,49.8,1.05,Muscle Gain,Hausa_Koko_(millet_porridge)_with_Koose,349.0,15.0,47.0,7.0,Jollof_Rice_with_Chicken,619.2,39.43,64.97,13.31,Jollof_Rice_with_Chicken,562.0,61.0,76.0,20.0,Atsoomo_(Chin-Chin),307.38,5.91,36.59,10.85,1837.58,121.34,224.56,51.16
70,Male,73.6,1.68,Muscle Gain,Tea/Milo/Coffee_with_bread,283.0,6.0,40.0,5.0,Banku_and_Tilapia_with_Hot_Pepper,594.0,46.0,65.0,12.0,Banku_with_Okra_Soup,686.0,43.0,76.0,10.0,Atsoomo_(Chin-Chin),307.38,5.91,36.59,10.85,1870.38,100.91,217.59,37.85
51,Male,77.6,1.65,Muscle Gain,White_porridge_and_bread,399.0,7.0,52.0,5.0,Fufu_with_Light_Soup_with_Goat_Meat,795.0,40.0,75.0,16.0,Jollof_Rice_with_Chicken,959.0,44.0,91.0,21.0,Atsoomo_(Chin-Chin),307.38,5.91,36.59,10.85,2460.38,96.91,254.59,52.85
8,Female,47.2,1.0,Muscle Gain,White_porridge_and_bread,283.0,8.0,53.0,6.0,Plain_Rice_with_Chicken,508.0,55.0,76.0,20.0,Fufu_with_Light_Soup_with_Goat_Meat,628.0,45.0,74.0,16.0,Atsoomo_(Chin-Chin),307.38,5.91,36.59,10.85,1726.38,113.91,239.59,52.85
58,Male,59.0,1.72,Weight Loss,Koko_with_Bofroat_(corn_dough_porridge_with_buffloaf),496.0,8.0,61.0,7.0,Red-Red_(Beans_and_Plantain_with_red_oil),502.0,31.0,49.0,16.0,Plain_Rice_with_Chicken,720.0,51.0,61.0,13.0,Atsoomo_(Chin-Chin),307.38,5.91,36.59,10.85,2025.38,95.91,207.59,46.85
67,Male,72.6,1.71,Muscle Gain,White_porridge_and_bread,336.0,8.0,59.0,4.0,Fufu_with_Light_Soup_with_Goat_Meat,746.0,44.0,81.0,14.0,Kenkey_and_Fried_Fish_with_Hot_Pepper,696.0,40.0,51.0,17.0,Kofi_Brokeman_(Roasted_Plantain_with_Groundnut),261.0,7.0,38.0,7.0,2039.0,99.0,229.0,42.0
71,Female,69.7,1.53,Muscle Gain,Tea/Milo/Coffee_with_bread,259.0,7.0,34.0,6.0,Jollof_Rice_with_Chicken,619.2,39.43,64.97,13.31,Kenkey_and_Fried_Fish_with_Hot_Pepper,503.0,46.0,68.0,18.0,Atsoomo_(Chin-Chin),307.38,5.91,36.59,10.85,1688.58,98.34,203.56,48.16
83,Male,61.4,1.62,Weight Loss,Koko_with_Bofroat_(corn_dough_porridge_with_buffloaf),393.0,11.0,51.0,5.0,Jollof_Rice_with_Chicken,792.0,45.0,76.0,12.0,Angwamu_(Oil_Rice)_with_Hot_Pepper_and_Egg,615.79,38.98,64.77,13.31,Atsoomo_(Chin-Chin),307.38,5.91,36.59,10.85,2108.17,100.89,228.36,41.16
30,Male,78.7,1.72,Muscle Gain,White_porridge_and_bread,424.0,8.0,56.0,5.0,Boiled_Plantain/Yam_and_Garden_egg_stew,631.0,28.0,74.0,10.0,Fufu_with_Light_Soup_with_Goat_Meat,818.0,40.0,80.0,13.0,Atsoomo_(Chin-Chin),307.38,5.91,36.59,10.85,2180.38,81.91,246.59,38.85
26,Male,75.5,1.69,Muscle Gain,Koko_with_Bofroat_(corn_dough_porridge_with_buffloaf),542.0,10.0,60.0,11.0,Jollof_Rice_with_Chicken,619.2,39.43,64.97,13.31,Plain_Rice_with_Chicken,812.0,49.0,77.0,20.0,Plantain_Chips,308.0,3.0,41.0,11.0,2281.2,101.43,242.97,55.31
63,Male,77.4,1.7,Muscle Gain,Oatmeal,336.42,9.46,47.78,5.3,Banku_and_Tilapia_with_Hot_Pepper,618.0,48.0,65.0,13.0,Kenkey_and_Fried_Fish_with_Hot_Pepper,587.0,48.0,60.0,14.0,Kofi_Brokeman_(Roasted_Plantain_with_Groundnut),309.0,7.0,38.0,7.0,1850.42,112.46,210.78,39.3
46,Female,77.7,1.63,Muscle Gain,Oatmeal,271.0,10.0,39.0,4.0,Fufu_with_Light_Soup_with_Goat_Meat,724.0,44.0,76.0,14.0,Angwamu_(Oil_Rice)_with_Hot_Pepper_and_Egg,620.0,28.0,51.0,20.0,Atsoomo_(Chin-Chin),307.38,5.91,36.59,10.85,1922.38,87.91,202.59,48.85
63,Female,56.4,1.59,Weight Loss,Tea/Milo/Coffee_with_bread,222.0,5.0,37.0,4.0,Fufu_with_Light_Soup_with_Goat_Meat,528.0,38.0,72.0,8.0,Angwamu_(Oil_Rice)_with_Hot_Pepper_and_Egg,530.0,27.0,46.0,16.0,Atsoomo_(Chin-Chin),307.38,5.91,36.59,10.85,1587.38,75.91,191.59,38.85
49,Female,55.7,1.61,Weight Loss,Koko_with_Bofroat_(corn_dough_porridge_with_buffloaf),394.0,10.0,54.0,7.0,Kenkey_and_Fried_Fish_with_Hot_Pepper,491.0,32.0,54.0,14.0,Angwamu_(Oil_Rice)_with_Hot_Pepper_and_Egg,615.79,38.98,64.77,13.31,Atsoomo_(Chin-Chin),307.38,5.91,36.59,10.85,1808.17,86.89,209.36,45.16
29,Female,60.1,1.51,Weight Loss,Tea/Milo/Coffee_with_bread,310.0,5.0,33.0,5.0,Red-Red_(Beans_and_Plantain_with_red_oil),551.0,28.0,50.0,12.0,Banku_with_Okra_Soup,648.0,31.0,63.0,8.0,Atsoomo_(Chin-Chin),307.38,5.91,36.59,10.85,1816.38,69.91,182.59,35.85
12,Female,47.3,1.24,Weight Loss,Oatmeal,216.0,12.0,36.0,3.0,Tuo_Zaafi_with_Meat_Stew,491.0,42.0,72.0,12.0,Banku_and_Tilapia_with_Hot_Pepper,524.0,40.0,56.0,12.0,Atsoomo_(Chin-Chin),307.38,5.91,36.59,10.85,1538.38,99.91,200.59,37.85
10,Male,45.3,1.19,Weight Loss,Oatmeal,336.42,9.46,47.78,5.3,Angwamu_(Oil_Rice)_with_Hot_Pepper_and_Egg,529.0,34.0,60.0,18.0,Waakye_and_Fish_with_egg,468.0,60.0,64.0,8.0,Atsoomo_(Chin-Chin),307.38,5.91,36.59,10.85,1640.8,109.37,208.37,42.15
42,Female,67.6,1.52,Muscle Gain,Hausa_Koko_(millet_porridge)_with_Koose,368.0,13.0,39.0,7.0,Boiled_Plantain/Yam_and_Garden_egg_stew,503.0,24.0,62.0,9.0,Angwamu_(Oil_Rice)_with_Hot_Pepper_and_Egg,577.0,33.0,54.0,23.0,Atsoomo_(Chin-Chin),307.38,5.91,36.59,10.85,1755.38,75.91,191.59,49.85
38,Male,75.1,1.66,Muscle Gain,Oatmeal,336.42,9.46,47.78,5.3,Plain_Rice_with_Chicken,799.0,50.0,75.0,20.0,Jollof_Rice_with_Chicken,867.0,44.0,76.0,17.0,Atsoomo_(Chin-Chin),307.38,5.91,36.59,10.85,2309.8,109.37,235.37,53.15
84,Male,73.3,1.61,Muscle Gain,Rice_water_and_bread,366.0,8.0,62.0,4.0,Angwamu_(Oil_Rice)_with_Hot_Pepper_and_Egg,625.0,30.0,60.0,21.0,Waakye_and_Fish_with_egg,734.0,50.0,70.0,9.0,Atsoomo_(Chin-Chin),307.38,5.91,36.59,10.85,2032.38,93.91,228.59,44.85
7,Male,37.2,1.03,Weight Loss,Rice_water_and_bread,232.0,8.0,46.0,3.0,Jollof_Rice_with_Chicken,619.2,39.43,64.97,13.31,Angwamu_(Oil_Rice)_with_Hot_Pepper_and_Egg,615.79,38.98,64.77,13.31,Atsoomo_(Chin-Chin),307.38,5.91,36.59,10.85,1774.37,92.32,212.33,40.47
31,Female,71.6,1.67,Muscle Gain,Oatmeal,336.42,9.46,47.78,5.3,Angwamu_(Oil_Rice)_with_Hot_Pepper_and_Egg,694.0,32.0,53.0,22.0,Waakye_and_Fish_with_egg,664.0,45.0,74.0,11.0,Roasted/Boiled_Maize_with_Coconut,310.0,6.0,41.0,6.0,2004.42,92.46,215.78,44.3
35,Male,58.6,1.69,Weight Loss,Hausa_Koko_(millet_porridge)_with_Koose,413.0,11.0,42.0,6.0,Tuo_Zaafi_with_Meat_Stew,686.0,29.0,66.0,9.0,Angwamu_(Oil_Rice)_with_Hot_Pepper_and_Egg,615.79,38.98,64.77,13.31,Nkatie_Cake_(Groundnut_Cake),322.0,11.0,23.0,12.0,2036.79,89.98,195.77,40.31
9,Female,46.2,1.05,Muscle Gain,Oatmeal,336.42,9.46,47.78,5.3,Jollof_Rice_with_Chicken,644.0,64.0,79.0,17.0,Boiled_Plantain/Yam_and_Garden_egg_stew,420.0,26.0,60.0,11.0,Atsoomo_(Chin-Chin),332.0,4.0,34.0,21.0,1732.42,103.46,220.78,54.3
34,Male,67.9,1.73,Weight Loss,Rice_water_and_bread,363.0,7.0,54.0,4.0,Angwamu_(Oil_Rice)_with_Hot_Pepper_and_Egg,647.0,28.0,54.0,17.0,Waakye_and_Fish_with_egg,729.0,44.0,58.0,9.0,Atsoomo_(Chin-Chin),412.0,3.0,32.0,15.0,2151.0,82.0,198.0,45.0
24,Female,67.9,1.68,Muscle Gain,Hausa_Koko_(millet_porridge)_with_Koose,380.0,15.0,51.0,9.0,Boiled_Plantain/Yam_and_Garden_egg_stew,529.0,25.0,71.0,8.0,Fufu_with_Light_Soup_with_Goat_Meat,778.0,38.0,88.0,16.0,Atsoomo_(Chin-Chin),307.38,5.91,36.59,10.85,1994.38,83.91,246.59,43.85
41,Male,82.0,1.77,Muscle Gain,Tea/Milo/Coffee_with_bread,315.0,6.0,36.0,8.0,Plain_Rice_with_Chicken,893.0,54.0,70.0,15.0,Tuo_Zaafi_with_Meat_Stew,804.0,43.0,84.0,12.0,Atsoomo_(Chin-Chin),307.38,5.91,36.59,10.85,2319.38,108.91,226.59,45.85
69,Male,73.7,1.67,Muscle Gain,Rice_water_and_bread,317.0,8.0,48.0,4.0,Jollof_Rice_with_Chicken,619.2,39.43,64.97,13.31,Banku_and_Tilapia_with_Hot_Pepper,584.0,46.0,74.0,11.0,Roasted/Boiled_Maize_with_Coconut,275.0,6.0,45.0,5.0,1795.2,99.43,231.97,33.31
15,Male,46.0,1.28,Weight Loss,Hausa_Koko_(millet_porridge)_with_Koose,269.0,14.0,35.0,6.0,Kenkey_and_Fried_Fish_with_Hot_Pepper,443.0,41.0,48.0,13.0,Banku_and_Tilapia_with_Hot_Pepper,565.0,48.0,49.0,12.0,Atsoomo_(Chin-Chin),307.38,5.91,36.59,10.85,1584.38,108.91,168.59,41.85
20,Male,61.6,1.76,Weight Loss,Koko_with_Bofroat_(corn_dough_porridge_with_buffloaf),495.0,12.0,55.0,7.0,Tuo_Zaafi_with_Meat_Stew,727.0,31.0,75.0,10.0,Fufu_with_Light_Soup_with_Goat_Meat,623.0,36.0,77.0,12.0,Atsoomo_(Chin-Chin),307.38,5.91,36.59,10.85,2152.38,84.91,243.59,39.85
36,Female,65.5,1.68,Weight Loss,Tea/Milo/Coffee_with_bread,266.0,6.0,31.0,7.0,Jollof_Rice_with_Chicken,619.2,39.43,64.97,13.31,Kenkey_and_Fried_Fish_with_Hot_Pepper,527.0,30.0,54.0,17.0,Atsoomo_(Chin-Chin),307.38,5.91,36.59,10.85,1719.58,81.34,186.56,48.16
6,Female,36.5,1.0,Muscle Gain,Oatmeal,220.0,14.0,50.0,4.0,Kenkey_and_Fried_Fish_with_Hot_Pepper,474.0,52.0,56.0,19.0,Boiled_Plantain/Yam_and_Garden_egg_stew,426.0,28.0,56.0,10.0,Atsoomo_(Chin-Chin),307.38,5.91,36.59,10.85,1427.38,99.91,198.59,43.85
14,Male,39.5,1.29,Weight Loss,Tea/Milo/Coffee_with_bread,277.0,6.0,38.0,6.0,Angwamu_(Oil_Rice)_with_Hot_Pepper_and_Egg,528.0,33.0,53.0,19.0,Red-Red_(Beans_and_Plantain_with_red_oil),431.0,37.0,48.0,12.0,Atsoomo_(Chin-Chin),307.38,5.91,36.59,10.85,1543.38,81.91,175.59,47.85
18,Male,74.3,1.67,Muscle Gain,Tom_Brown_and_bread,432.0,9.0,56.0,5.0,Tuo_Zaafi_with_Meat_Stew,695.0,37.0,74.0,11.0,Plain_Rice_with_Chicken,831.0,56.0,72.0,17.0,Atsoomo_(Chin-Chin),307.38,5.91,36.59,10.85,2265.38,107.91,238.59,43.85
57,Female,64.5,1.64,Muscle Gain,Rice_water_and_bread,361.0,9.0,59.0,5.0,Boiled_Plantain/Yam_and_Garden_egg_stew,482.0,25.0,55.0,10.0,Banku_with_Okra_Soup,720.0,38.0,75.0,12.0,Kofi_Brokeman_(Roasted_Plantain_with_Groundnut),259.0,8.0,42.0,8.0,1822.0,80.0,231.0,35.0
46,Male,83.2,1.77,Muscle Gain,Oatmeal,387.0,9.0,46.0,5.0,Tuo_Zaafi_with_Meat_Stew,861.0,37.0,76.0,15.0,Banku_with_Okra_Soup,805.0,37.0,72.0,11.0,Agbelikaklo_with_Coconut,347.0,6.0,52.0,8.0,2400.0,89.0,246.0,39.0
25,Male,65.7,1.72,Weight Loss,Oatmeal,279.0,11.0,42.0,4.0,Plain_Rice_with_Chicken,812.0,53.0,53.0,13.0,Fufu_with_Light_Soup_with_Goat_Meat,614.0,42.0,69.0,10.0,Atsoomo_(Chin-Chin),307.38,5.91,36.59,10.85,2012.38,111.91,200.59,37.85
83,Female,57.2,1.51,Weight Loss,White_porridge_and_bread,330.0,7.0,45.0,4.0,Jollof_Rice_with_Chicken,619.2,39.43,64.97,13.31,Kenkey_and_Fried_Fish_with_Hot_Pepper,524.0,36.0,61.0,12.0,Plantain_Chips,245.0,3.0,41.0,6.0,1718.2,85.43,211.97,35.31
24,Female,58.4,1.61,Weight Loss,Hausa_Koko_(millet_porridge)_with_Koose,358.0,11.0,42.0,6.0,Angwamu_(Oil_Rice)_with_Hot_Pepper_and_Egg,579.0,22.0,56.0,18.0,Banku_with_Okra_Soup,613.0,27.0,57.0,8.0,Kofi_Brokeman_(Roasted_Plantain_with_Groundnut),299.0,6.0,32.0,8.0,1849.0,66.0,187.0,40.0
74,Female,55.8,1.57,Weight Loss,White_porridge_and_bread,268.0,7.0,54.0,3.0,Waakye_and_Fish_with_egg,510.0,37.0,54.0,7.0,Red-Red_(Beans_and_Plantain_with_red_oil),482.0,31.0,52.0,12.0,Kofi_Brokeman_(Roasted_Plantain_with_Groundnut),216.0,6.0,36.0,5.0,1476.0,81.0,196.0,27.0
69,Female,71.7,1.55,Muscle Gain,White_porridge_and_bread,336.0,7.0,55.0,4.0,Banku_with_Okra_Soup,636.0,32.0,69.0,11.0,Boiled_Plantain/Yam_and_Garden_egg_stew,508.0,26.0,58.0,7.0,Atsoomo_(Chin-Chin),307.38,5.91,36.59,10.85,1787.38,70.91,218.59,32.85
16,Male,55.2,1.31,Muscle Gain,Rice_water_and_bread,270.0,13.0,47.0,5.0,Jollof_Rice_with_Chicken,619.2,39.43,64.97,13.31,Banku_with_Okra_Soup,566.0,42.0,68.0,13.0,Atsoomo_(Chin-Chin),307.38,5.91,36.59,10.85,1762.58,100.34,216.56,42.16
59,Male,83.6,1.64,Muscle Gain,White_porridge_and_bread,336.0,7.0,55.0,5.0,Kenkey_and_Fried_Fish_with_Hot_Pepper,766.0,44.0,56.0,17.0,Banku_with_Okra_Soup,719.0,37.0,68.0,12.0,Nkatie_Cake_(Groundnut_Cake),345.0,13.0,27.0,20.0,2166.0,101.0,206.0,54.0
16,Female,49.4,1.24,Muscle Gain,Oatmeal,336.42,9.46,47.78,5.3,Banku_with_Okra_Soup,584.0,36.0,86.0,12.0,Fufu_with_Light_Soup_with_Goat_Meat,579.0,50.0,70.0,17.0,Atsoomo_(Chin-Chin),307.38,5.91,36.59,10.85,1806.8,101.37,240.37,45.15
18,Female,68.7,1.63,Muscle Gain,Rice_water_and_bread,361.0,9.0,59.0,4.0,Tuo_Zaafi_with_Meat_Stew,732.0,36.0,85.0,14.0,Angwamu_(Oil_Rice)_with_Hot_Pepper_and_Egg,624.0,32.0,53.0,18.0,Atsoomo_(Chin-Chin),307.38,5.91,36.59,10.85,2024.38,82.91,233.59,46.85
40,Female,55.8,1.54,Weight Loss,Hausa_Koko_(millet_porridge)_with_Koose,327.0,11.0,38.0,6.0,Boiled_Plantain/Yam_and_Garden_egg_stew,470.0,21.0,64.0,7.0,Waakye_and_Fish_with_egg,657.0,45.0,53.0,8.0,Kofi_Brokeman_(Roasted_Plantain_with_Groundnut),297.0,6.0,40.0,7.0,1751.0,83.0,195.0,28.0
13,Male,37.4,1.2,Weight Loss,Koko_with_Bofroat_(corn_dough_porridge_with_buffloaf),334.0,13.0,45.0,8.0,Boiled_Plantain/Yam_and_Garden_egg_stew,442.0,22.0,59.0,7.0,Tuo_Zaafi_with_Meat_Stew,608.0,47.0,68.0,10.0,Atsoomo_(Chin-Chin),307.38,5.91,36.59,10.85,1691.38,87.91,208.59,35.85
30,Female,75.7,1.61,Muscle Gain,Oatmeal,331.0,9.0,48.0,5.0,Red-Red_(Beans_and_Plantain_with_red_oil),482.0,32.0,60.0,18.0,Fufu_with_Light_Soup_with_Goat_Meat,662.0,36.0,70.0,14.0,Roasted/Boiled_Maize_with_Coconut,273.0,6.0,42.0,9.0,1748.0,83.0,220.0,46.0
11,Female,53.8,1.16,Muscle Gain,Oatmeal,336.42,9.46,47.78,5.3,Waakye_and_Fish_with_egg,541.0,51.0,73.0,13.0,Angwamu_(Oil_Rice)_with_Hot_Pepper_and_Egg,540.0,36.0,62.0,23.0,Kofi_Brokeman_(Roasted_Plantain_with_Groundnut),220.0,8.0,40.0,9.0,1637.42,104.46,222.78,50.3
29,Male,67.7,1.67,Weight Loss,Hausa_Koko_(millet_porridge)_with_Koose,383.0,14.0,38.0,5.0,Banku_with_Okra_Soup,671.0,29.0,67.0,8.0,Kenkey_and_Fried_Fish_with_Hot_Pepper,587.0,38.0,59.0,15.0,Agbelikaklo_with_Coconut,352.0,5.0,37.0,8.0,1993.0,86.0,201.0,36.0
40,Male,77.5,1.62,Muscle Gain,Koko_with_Bofroat_(corn_dough_porridge_with_buffloaf),463.0,9.0,66.0,10.0,Boiled_Plantain/Yam_and_Garden_egg_stew,608.0,27.0,66.0,10.0,Angwamu_(Oil_Rice)_with_Hot_Pepper_and_Egg,615.79,38.98,64.77,13.31,Atsoomo_(Chin-Chin),307.38,5.91,36.59,10.85,1994.17,80.89,233.36,44.16
37,Female,67.6,1.61,Muscle Gain,Koko_with_Bofroat_(corn_dough_porridge_with_buffloaf),443.0,9.0,67.0,8.0,Plain_Rice_with_Chicken,721.0,49.0,63.0,16.0,Banku_with_Okra_Soup,726.0,30.0,85.0,10.0,Atsoomo_(Chin-Chin),307.38,5.91,36.59,10.85,2197.38,93.91,251.59,44.85
19,Female,61.5,1.64,Weight Loss,Oatmeal,336.42,9.46,47.78,5.3,Banku_and_Tilapia_with_Hot_Pepper,567.0,41.0,53.0,10.0,Angwamu_(Oil_Rice)_with_Hot_Pepper_and_Egg,615.79,38.98,64.77,13.31,Atsoomo_(Chin-Chin),307.38,5.91,36.59,10.85,1826.59,95.35,202.14,39.46
18,Male,56.1,1.8,Weight Loss,White_porridge_and_bread,336.0,7.0,47.0,4.0,Waakye_and_Fish_with_egg,669.0,49.0,63.0,8.0,Kenkey_and_Fried_Fish_with_Hot_Pepper,693.0,38.0,53.0,14.0,Agbelikaklo_with_Coconut,293.0,5.0,39.0,8.0,1991.0,99.0,202.0,34.0
69,Male,73.1,1.68,Muscle Gain,Rice_water_and_bread,342.0,9.0,49.0,3.0,Waakye_and_Fish_with_egg,772.0,48.0,76.0,10.0,Boiled_Plantain/Yam_and_Garden_egg_stew,569.0,28.0,65.0,9.0,Atsoomo_(Chin-Chin),307.38,5.91,36.59,10.85,1990.38,90.91,226.59,32.85
49,Female,72.3,1.59,Muscle Gain,Oatmeal,336.42,9.46,47.78,5.3,Waakye_and_Fish_with_egg,656.0,56.0,61.0,10.0,Boiled_Plantain/Yam_and_Garden_egg_stew,536.0,21.0,70.0,9.0,Atsoomo_(Chin-Chin),307.38,5.91,36.59,10.85,1835.8,92.37,215.37,35.15
14,Male,49.4,1.25,Muscle Gain,Tom_Brown_and_bread,372.0,9.0,54.0,5.0,Kenkey_and_Fried_Fish_with_Hot_Pepper,509.0,46.0,57.0,21.0,Fufu_with_Light_Soup_with_Goat_Meat,534.0,57.0,78.0,13.0,Atsoomo_(Chin-Chin),307.38,5.91,36.59,10.85,1722.38,117.91,225.59,49.85
48,Male,82.9,1.68,Muscle Gain,Koko_with_Bofroat_(corn_dough_porridge_with_buffloaf),486.0,10.0,57.0,11.0,Fufu_with_Light_Soup_with_Goat_Meat,723.0,43.0,69.0,16.0,Plain_Rice_with_Chicken,897.0,49.0,72.0,19.0,Atsoomo_(Chin-Chin),307.38,5.91,36.59,10.85,2413.38,107.91,234.59,56.85
12,Male,47.2,1.31,Weight Loss,Oatmeal,224.0,13.0,43.0,4.0,Red-Red_(Beans_and_Plantain_with_red_oil),474.0,30.0,53.0,12.0,Kenkey_and_Fried_Fish_with_Hot_Pepper,508.0,49.0,46.0,17.0,Atsoomo_(Chin-Chin),307.38,5.91,36.59,10.85,1513.38,97.91,178.59,43.85
34,Female,68.9,1.64,Muscle Gain,Oatmeal,335.0,9.0,48.0,5.0,Red-Red_(Beans_and_Plantain_with_red_oil),543.0,28.0,60.0,20.0,Kenkey_and_Fried_Fish_with_Hot_Pepper,589.0,46.0,52.0,22.0,Atsoomo_(Chin-Chin),440.0,3.0,31.0,18.0,1907.0,86.0,191.0,65.0
51,Female,69.4,1.54,Muscle Gain,Hausa_Koko_(millet_porridge)_with_Koose,416.0,12.0,48.0,7.0,Jollof_Rice_with_Chicken,619.2,39.43,64.97,13.31,Fufu_with_Light_Soup_with_Goat_Meat,700.0,44.0,81.0,13.0,Roasted/Boiled_Maize_with_Coconut,272.0,7.0,45.0,7.0,2007.2,102.43,238.97,40.31
49,Male,64.7,1.75,Weight Loss,Tom_Brown_and_bread,411.0,8.0,58.0,4.0,Plain_Rice_with_Chicken,764.0,51.0,66.0,16.0,Banku_with_Okra_Soup,690.0,31.0,74.0,9.0,Roasted/Boiled_Maize_with_Coconut,293.0,6.0,36.0,6.0,2158.0,96.0,234.0,35.0
36,Female,75.3,1.53,Muscle Gain,Oatmeal,336.42,9.46,47.78,5.3,Kenkey_and_Fried_Fish_with_Hot_Pepper,552.0,36.0,67.0,19.0,Jollof_Rice_with_Chicken,829.0,43.0,86.0,18.0,Atsoomo_(Chin-Chin),307.38,5.91,36.59,10.85,2024.8,94.37,237.37,53.15
44,Female,66.6,1.52,Muscle Gain,Hausa_Koko_(millet_porridge)_with_Koose,419.0,13.0,41.0,8.0,Kenkey_and_Fried_Fish_with_Hot_Pepper,584.0,37.0,63.0,19.0,Angwamu_(Oil_Rice)_with_Hot_Pepper_and_Egg,609.0,33.0,51.0,22.0,Nkatie_Cake_(Groundnut_Cake),331.0,13.0,24.0,19.0,1943.0,96.0,179.0,68.0
57,Female,74.3,1.65,Muscle Gain,Oatmeal,328.0,10.0,50.0,5.0,Tuo_Zaafi_with_Meat_Stew,652.0,37.0,83.0,14.0,Red-Red_(Beans_and_Plantain_with_red_oil),600.0,34.0,49.0,18.0,Atsoomo_(Chin-Chin),307.38,5.91,36.59,10.85,1887.38,86.91,218.59,47.85
41,Male,65.0,1.76,Weight Loss,Tom_Brown_and_bread,361.0,9.0,61.0,4.0,Jollof_Rice_with_Chicken,819.0,45.0,81.0,15.0,Waakye_and_Fish_with_egg,771.0,40.0,60.0,8.0,Agbelikaklo_with_Coconut,320.0,5.0,46.0,7.0,2271.0,99.0,248.0,34.0
57,Male,65.3,1.67,Weight Loss,Oatmeal,336.42,9.46,47.78,5.3,Plain_Rice_with_Chicken,678.0,44.0,66.0,14.0,Tuo_Zaafi_with_Meat_Stew,785.0,36.0,60.0,12.0,Roasted/Boiled_Maize_with_Coconut,250.0,6.0,36.0,6.0,2049.42,95.46,209.78,37.3
62,Female,60.2,1.61,Weight Loss,Tea/Milo/Coffee_with_bread,263.0,6.0,33.0,4.0,Waakye_and_Fish_with_egg,607.0,45.0,65.0,8.0,Banku_and_Tilapia_with_Hot_Pepper,595.0,42.0,53.0,8.0,Plantain_Chips,282.0,3.0,45.0,8.0,1747.0,96.0,196.0,28.0
50,Male,61.0,1.72,Weight Loss,Tom_Brown_and_bread,367.0,8.0,48.0,4.0,Fufu_with_Light_Soup_with_Goat_Meat,700.0,40.0,72.0,12.0,Plain_Rice_with_Chicken,814.0,45.0,72.0,13.0,Nkatie_Cake_(Groundnut_Cake),353.0,8.0,19.0,16.0,2234.0,101.0,211.0,45.0
13,Female,44.2,1.17,Muscle Gain,Oatmeal,336.42,9.46,47.78,5.3,Plain_Rice_with_Chicken,558.0,72.0,72.0,20.0,Tuo_Zaafi_with_Meat_Stew,558.0,40.0,72.0,15.0,Atsoomo_(Chin-Chin),307.38,5.91,36.59,10.85,1759.8,127.37,228.37,51.15
72,Male,59.3,1.67,Weight Loss,Tea/Milo/Coffee_with_bread,289.0,5.0,35.0,4.0,Jollof_Rice_with_Chicken,782.0,49.0,78.0,12.0,Kenkey_and_Fried_Fish_with_Hot_Pepper,497.0,42.0,47.0,13.0,Atsoomo_(Chin-Chin),307.38,5.91,36.59,10.85,1875.38,101.91,196.59,39.85
53,Female,67.2,1.69,Muscle Gain,Koko_with_Bofroat_(corn_dough_porridge_with_buffloaf),385.0,12.0,63.0,10.0,Fufu_with_Light_Soup_with_Goat_Meat,651.0,42.0,76.0,16.0,Waakye_and_Fish_with_egg,606.0,48.0,59.0,13.0,Atsoomo_(Chin-Chin),307.38,5.91,36.59,10.85,1949.38,107.91,234.59,49.85
63,Female,70.3,1.61,Muscle Gain,Koko_with_Bofroat_(corn_dough_porridge_with_buffloaf),376.0,9.0,53.0,7.0,Kenkey_and_Fried_Fish_with_Hot_Pepper,646.0,46.0,66.0,14.0,Red-Red_(Beans_and_Plantain_with_red_oil),526.0,37.0,59.0,13.0,Atsoomo_(Chin-Chin),307.38,5.91,36.59,10.85,1855.38,97.91,214.59,44.85
31,Male,57.7,1.71,Weight Loss,Hausa_Koko_(millet_porridge)_with_Koose,354.0,12.0,35.0,5.0,Angwamu_(Oil_Rice)_with_Hot_Pepper_and_Egg,518.0,29.0,52.0,20.0,Jollof_Rice_with_Chicken,657.0,42.0,78.0,16.0,Plantain_Chips,319.0,3.0,40.0,8.0,1848.0,86.0,205.0,49.0
80,Male,73.4,1.64,Muscle Gain,Koko_with_Bofroat_(corn_dough_porridge_with_buffloaf),464.0,9.0,51.0,7.0,Tuo_Zaafi_with_Meat_Stew,665.0,42.0,73.0,9.0,Red-Red_(Beans_and_Plantain_with_red_oil),502.0,37.0,59.0,15.0,Atsoomo_(Chin-Chin),307.38,5.91,36.59,10.85,1938.38,93.91,219.59,41.85
29,Female,64.7,1.69,Weight Loss,Hausa_Koko_(millet_porridge)_with_Koose,370.0,12.0,37.0,5.0,Banku_with_Okra_Soup,525.0,30.0,62.0,10.0,Fufu_with_Light_Soup_with_Goat_Meat,644.0,38.0,73.0,10.0,Atsoomo_(Chin-Chin),307.38,5.91,36.59,10.85,1846.38,85.91,208.59,35.85
37,Female,69.3,1.68,Muscle Gain,Rice_water_and_bread,325.0,8.0,49.0,4.0,Banku_and_Tilapia_with_Hot_Pepper,572.0,39.0,62.0,14.0,Red-Red_(Beans_and_Plantain_with_red_oil),611.0,33.0,59.0,19.0,Atsoomo_(Chin-Chin),307.38,5.91,36.59,10.85,1815.38,85.91,206.59,47.85
29,Male,82.3,1.63,Muscle Gain,White_porridge_and_bread,334.0,8.0,62.0,6.0,Banku_and_Tilapia_with_Hot_Pepper,608.0,56.0,56.0,16.0,Jollof_Rice_with_Chicken,928.0,54.0,94.0,18.0,Atsoomo_(Chin-Chin),307.38,5.91,36.59,10.85,2177.38,123.91,248.59,50.85
81,Male,57.6,1.66,Weight Loss,Hausa_Koko_(millet_porridge)_with_Koose,353.0,13.0,38.0,4.0,Jollof_Rice_with_Chicken,619.2,39.43,64.97,13.31,Tuo_Zaafi_with_Meat_Stew,536.0,30.0,69.0,9.0,Plantain_Chips,253.0,3.0,43.0,6.0,1761.2,85.43,214.97,32.31
58,Male,67.1,1.75,Weight Loss,White_porridge_and_bread,400.0,6.0,44.0,4.0,Jollof_Rice_with_Chicken,619.2,39.43,64.97,13.31,Banku_and_Tilapia_with_Hot_Pepper,570.0,36.0,63.0,11.0,Plantain_Chips,316.0,3.0,34.0,8.0,1905.2,84.43,205.97,36.31
63,Male,65.1,1.67,Weight Loss,Rice_water_and_bread,313.0,7.0,48.0,3.0,Boiled_Plantain/Yam_and_Garden_egg_stew,414.0,24.0,50.0,5.0,Jollof_Rice_with_Chicken,778.0,37.0,85.0,14.0,Atsoomo_(Chin-Chin),307.38,5.91,36.59,10.85,1812.38,73.91,219.59,32.85
19,Male,64.1,1.61,Weight Loss,Oatmeal,266.0,12.0,40.0,3.0,Jollof_Rice_with_Chicken,806.0,46.0,78.0,16.0,Boiled_Plantain/Yam_and_Garden_egg_stew,545.0,22.0,54.0,8.0,Atsoomo_(Chin-Chin),307.38,5.91,36.59,10.85,1924.38,85.91,208.59,37.85
56,Male,58.1,1.75,Weight Loss,Rice_water_and_bread,345.0,7.0,45.0,3.0,Jollof_Rice_with_Chicken,851.0,47.0,76.0,13.0,Banku_and_Tilapia_with_Hot_Pepper,726.0,39.0,60.0,12.0,Atsoomo_(Chin-Chin),307.38,5.91,36.59,10.85,2229.38,98.91,217.59,38.85
21,Male,69.0,1.79,Muscle Gain,Hausa_Koko_(millet_porridge)_with_Koose,469.0,16.0,49.0,8.0,Plain_Rice_with_Chicken,677.0,67.0,71.0,20.0,Banku_and_Tilapia_with_Hot_Pepper,764.0,43.0,65.0,14.0,Atsoomo_(Chin-Chin),307.38,5.91,36.59,10.85,2217.38,131.91,221.59,52.85
31,Male,67.7,1.76,Weight Loss,Tom_Brown_and_bread,356.0,8.0,51.0,4.0,Jollof_Rice_with_Chicken,619.2,39.43,64.97,13.31,Banku_and_Tilapia_with_Hot_Pepper,685.0,42.0,53.0,12.0,Atsoomo_(Chin-Chin),307.38,5.91,36.59,10.85,1967.58,95.34,205.56,40.16
26,Male,78.3,1.65,Muscle Gain,White_porridge_and_bread,429.0,8.0,47.0,5.0,Kenkey_and_Fried_Fish_with_Hot_Pepper,690.0,48.0,52.0,20.0,Waakye_and_Fish_with_egg,820.0,58.0,75.0,13.0,Atsoomo_(Chin-Chin),307.38,5.91,36.59,10.85,2246.38,119.91,210.59,48.85
36,Male,76.1,1.8,Muscle Gain,Oatmeal,336.42,9.46,47.78,5.3,Angwamu_(Oil_Rice)_with_Hot_Pepper_and_Egg,693.0,31.0,54.0,24.0,Banku_with_Okra_Soup,790.0,37.0,68.0,11.0,Atsoomo_(Chin-Chin),307.38,5.91,36.59,10.85,2126.8,83.37,206.37,51.15
52,Male,83.4,1.68,Muscle Gain,Oatmeal,355.0,9.0,40.0,4.0,Banku_with_Okra_Soup,792.0,44.0,68.0,11.0,Angwamu_(Oil_Rice)_with_Hot_Pepper_and_Egg,615.79,38.98,64.77,13.31,Kofi_Brokeman_(Roasted_Plantain_with_Groundnut),294.0,7.0,41.0,10.0,2056.79,98.98,213.77,38.31
53,Female,52.2,1.64,Weight Loss,Oatmeal,336.42,9.46,47.78,5.3,Tuo_Zaafi_with_Meat_Stew,683.0,32.0,72.0,11.0,Boiled_Plantain/Yam_and_Garden_egg_stew,545.0,22.0,54.0,8.0,Atsoomo_(Chin-Chin),307.38,5.91,36.59,10.85,1871.8,69.37,210.37,35.15
34,Male,75.0,1.74,Muscle Gain,Hausa_Koko_(millet_porridge)_with_Koose,366.0,15.0,50.0,8.0,Red-Red_(Beans_and_Plantain_with_red_oil),539.0,40.0,50.0,17.0,Jollof_Rice_with_Chicken,909.0,57.0,80.0,19.0,Atsoomo_(Chin-Chin),307.38,5.91,36.59,10.85,2121.38,117.91,216.59,54.85
58,Male,78.2,1.66,Muscle Gain,Tea/Milo/Coffee_with_bread,295.0,6.0,41.0,7.0,Red-Red_(Beans_and_Plantain_with_red_oil),651.0,36.0,51.0,16.0,Banku_and_Tilapia_with_Hot_Pepper,723.0,43.0,67.0,17.0,Roasted/Boiled_Maize_with_Coconut,297.0,7.0,34.0,7.0,1966.0,92.0,193.0,47.0
45,Male,70.9,1.7,Muscle Gain,Tom_Brown_and_bread,375.0,9.0,55.0,6.0,Angwamu_(Oil_Rice)_with_Hot_Pepper_and_Egg,665.0,28.0,66.0,20.0,Plain_Rice_with_Chicken,718.0,55.0,65.0,17.0,Plantain_Chips,352.0,3.0,48.0,10.0,2110.0,95.0,234.0,53.0
55,Female,52.0,1.55,Weight Loss,Oatmeal,336.42,9.46,47.78,5.3,Angwamu_(Oil_Rice)_with_Hot_Pepper_and_Egg,484.0,26.0,60.0,17.0,Jollof_Rice_with_Chicken,645.0,42.0,70.0,14.0,Atsoomo_(Chin-Chin),307.38,5.91,36.59,10.85,1772.8,83.37,214.37,47.15
44,Female,66.9,1.59,Muscle Gain,Oatmeal,282.0,12.0,50.0,4.0,Banku_with_Okra_Soup,634.0,36.0,70.0,13.0,Jollof_Rice_with_Chicken,877.0,46.0,84.0,21.0,Roasted/Boiled_Maize_with_Coconut,260.0,6.0,44.0,8.0,2053.0,100.0,248.0,46.0
66,Male,59.2,1.7,Weight Loss,White_porridge_and_bread,282.0,6.0,52.0,4.0,Waakye_and_Fish_with_egg,698.0,44.0,67.0,7.0,Banku_and_Tilapia_with_Hot_Pepper,565.0,38.0,52.0,10.0,Atsoomo_(Chin-Chin),307.38,5.91,36.59,10.85,1852.38,93.91,207.59,31.85
45,Male,59.1,1.75,Weight Loss,Koko_with_Bofroat_(corn_dough_porridge_with_buffloaf),418.0,8.0,57.0,8.0,Angwamu_(Oil_Rice)_with_Hot_Pepper_and_Egg,526.0,28.0,55.0,16.0,Fufu_with_Light_Soup_with_Goat_Meat,683.0,39.0,81.0,10.0,Atsoomo_(Chin-Chin),307.38,5.91,36.59,10.85,1934.38,80.91,229.59,44.85
7,Female,41.6,1.0,Muscle Gain,Oatmeal,215.0,15.0,49.0,5.0,Jollof_Rice_with_Chicken,625.0,61.0,93.0,18.0,Red-Red_(Beans_and_Plantain_with_red_oil),451.0,33.0,59.0,19.0,Atsoomo_(Chin-Chin),307.38,5.91,36.59,10.85,1598.38,114.91,237.59,52.85
69,Female,56.2,1.58,Weight Loss,Koko_with_Bofroat_(corn_dough_porridge_with_buffloaf),334.0,8.0,55.0,6.0,Plain_Rice_with_Chicken,647.0,51.0,57.0,9.0,Banku_and_Tilapia_with_Hot_Pepper,534.0,34.0,54.0,10.0,Atsoomo_(Chin-Chin),307.38,5.91,36.59,10.85,1822.38,98.91,202.59,35.85
55,Male,76.3,1.79,Muscle Gain,Oatmeal,326.0,14.0,42.0,5.0,Plain_Rice_with_Chicken,783.0,54.0,64.0,16.0,Banku_with_Okra_Soup,776.0,44.0,83.0,12.0,Plantain_Chips,367.0,3.0,49.0,12.0,2252.0,115.0,238.0,45.0
38,Male,84.6,1.76,Muscle Gain,Tom_Brown_and_bread,370.0,9.0,63.0,5.0,Jollof_Rice_with_Chicken,619.2,39.43,64.97,13.31,Angwamu_(Oil_Rice)_with_Hot_Pepper_and_Egg,615.79,38.98,64.77,13.31,Plantain_Chips,370.0,3.0,38.0,12.0,1974.99,90.41,230.74,43.62
12,Male,49.0,1.32,Weight Loss,Rice_water_and_bread,281.0,9.0,45.0,4.0,Angwamu_(Oil_Rice)_with_Hot_Pepper_and_Egg,412.0,34.0,51.0,16.0,Red-Red_(Beans_and_Plantain_with_red_oil),470.0,40.0,54.0,15.0,Atsoomo_(Chin-Chin),261.0,4.0,33.0,15.0,1424.0,87.0,183.0,50.0
45,Male,55.9,1.65,Weight Loss,Hausa_Koko_(millet_porridge)_with_Koose,427.0,11.0,34.0,6.0,Jollof_Rice_with_Chicken,761.0,46.0,80.0,17.0,Plain_Rice_with_Chicken,657.0,52.0,61.0,14.0,Agbelikaklo_with_Coconut,319.0,4.0,43.0,8.0,2164.0,113.0,218.0,45.0
27,Female,74.2,1.68,Muscle Gain,Tea/Milo/Coffee_with_bread,261.0,7.0,35.0,7.0,Tuo_Zaafi_with_Meat_Stew,672.0,36.0,73.0,11.0,Kenkey_and_Fried_Fish_with_Hot_Pepper,547.0,37.0,61.0,19.0,Atsoomo_(Chin-Chin),307.38,5.91,36.59,10.85,1787.38,85.91,205.59,47.85
18,Female,77.5,1.63,Muscle Gain,White_porridge_and_bread,396.0,7.0,51.0,6.0,Plain_Rice_with_Chicken,795.0,54.0,79.0,19.0,Banku_with_Okra_Soup,652.0,37.0,83.0,13.0,Nkatie_Cake_(Groundnut_Cake),363.0,13.0,25.0,19.0,2206.0,111.0,238.0,57.0
59,Female,58.6,1.61,Weight Loss,Rice_water_and_bread,335.0,8.0,54.0,3.0,Jollof_Rice_with_Chicken,619.2,39.43,64.97,13.31,Plain_Rice_with_Chicken,745.0,49.0,68.0,15.0,Atsoomo_(Chin-Chin),307.38,5.91,36.59,10.85,2006.58,102.34,223.56,42.16
47,Male,72.8,1.68,Muscle Gain,Tom_Brown_and_bread,400.0,10.0,57.0,5.0,Banku_and_Tilapia_with_Hot_Pepper,619.0,42.0,57.0,13.0,Kenkey_and_Fried_Fish_with_Hot_Pepper,686.0,40.0,56.0,20.0,Atsoomo_(Chin-Chin),307.38,5.91,36.59,10.85,2012.38,97.91,206.59,48.85
19,Male,67.7,1.74,Weight Loss,Oatmeal,270.0,8.0,36.0,4.0,Banku_with_Okra_Soup,672.0,28.0,63.0,10.0,Kenkey_and_Fried_Fish_with_Hot_Pepper,597.0,34.0,50.0,13.0,Atsoomo_(Chin-Chin),307.38,5.91,36.59,10.85,1846.38,75.91,185.59,37.85
54,Male,59.8,1.65,Weight Loss,Oatmeal,313.0,11.0,36.0,4.0,Fufu_with_Light_Soup_with_Goat_Meat,666.0,33.0,69.0,11.0,Tuo_Zaafi_with_Meat_Stew,689.0,29.0,59.0,11.0,Atsoomo_(Chin-Chin),307.38,5.91,36.59,10.85,1975.38,78.91,200.59,36.85
74,Female,65.6,1.58,Muscle Gain,Oatmeal,259.0,12.0,43.0,3.0,Jollof_Rice_with_Chicken,619.2,39.43,64.97,13.31,Fufu_with_Light_Soup_with_Goat_Meat,603.0,36.0,87.0,11.0,Atsoomo_(Chin-Chin),307.38,5.91,36.59,10.85,1788.58,93.34,231.56,38.16
8,Female,37.6,1.02,Weight Loss,Oatmeal,248.0,13.0,39.0,4.0,Kenkey_and_Fried_Fish_with_Hot_Pepper,432.0,42.0,48.0,15.0,Red-Red_(Beans_and_Plantain_with_red_oil),385.0,32.0,54.0,13.0,Atsoomo_(Chin-Chin),307.38,5.91,36.59,10.85,1372.38,92.91,177.59,42.85
58,Female,60.5,1.55,Weight Loss,Tea/Milo/Coffee_with_bread,283.0,5.0,33.0,5.0,Banku_and_Tilapia_with_Hot_Pepper,566.0,38.0,54.0,12.0,Banku_with_Okra_Soup,628.0,32.0,58.0,8.0,Atsoomo_(Chin-Chin),307.38,5.91,36.59,10.85,1784.38,80.91,181.59,35.85
35,Female,68.7,1.65,Muscle Gain,Koko_with_Bofroat_(corn_dough_porridge_with_buffloaf),408.0,12.0,53.0,10.0,Banku_with_Okra_Soup,727.0,37.0,75.0,11.0,Plain_Rice_with_Chicken,662.0,52.0,60.0,18.0,Atsoomo_(Chin-Chin),307.38,5.91,36.59,10.85,2104.38,106.91,224.59,49.85
13,Male,51.3,1.2,Muscle Gain,Oatmeal,267.0,16.0,44.0,4.0,Plain_Rice_with_Chicken,667.0,75.0,74.0,18.0,Fufu_with_Light_Soup_with_Goat_Meat,674.0,57.0,71.0,15.0,Atsoomo_(Chin-Chin),307.38,5.91,36.59,10.85,1915.38,153.91,225.59,47.85
30,Male,69.5,1.7,Muscle Gain,Hausa_Koko_(millet_porridge)_with_Koose,424.0,15.0,45.0,9.0,Jollof_Rice_with_Chicken,619.2,39.43,64.97,13.31,Banku_with_Okra_Soup,786.0,42.0,66.0,12.0,Atsoomo_(Chin-Chin),307.38,5.91,36.59,10.85,2136.58,102.34,212.56,45.16
9,Male,44.4,1.14,Weight Loss,Koko_with_Bofroat_(corn_dough_porridge_with_buffloaf),330.0,13.0,57.0,7.0,Jollof_Rice_with_Chicken,619.2,39.43,64.97,13.31,Fufu_with_Light_Soup_with_Goat_Meat,616.0,46.0,69.0,12.0,Atsoomo_(Chin-Chin),307.38,5.91,36.59,10.85,1872.58,104.34,227.56,43.16
34,Male,60.6,1.76,Weight Loss,Oatmeal,330.0,12.0,43.0,4.0,Jollof_Rice_with_Chicken,883.0,45.0,74.0,14.0,Tuo_Zaafi_with_Meat_Stew,717.0,30.0,69.0,12.0,Atsoomo_(Chin-Chin),307.38,5.91,36.59,10.85,2237.38,92.91,222.59,40.85
27,Male,67.9,1.74,Muscle Gain,Hausa_Koko_(millet_porridge)_with_Koose,393.0,16.0,44.0,8.0,Banku_and_Tilapia_with_Hot_Pepper,694.0,43.0,73.0,14.0,Red-Red_(Beans_and_Plantain_with_red_oil),569.0,33.0,52.0,19.0,Atsoomo_(Chin-Chin),307.38,5.91,36.59,10.85,1963.38,97.91,205.59,51.85
65,Male,75.7,1.7,Muscle Gain,Rice_water_and_bread,345.0,7.0,59.0,4.0,Tuo_Zaafi_with_Meat_Stew,754.0,39.0,84.0,11.0,Fufu_with_Light_Soup_with_Goat_Meat,600.0,44.0,80.0,13.0,Atsoomo_(Chin-Chin),307.38,5.91,36.59,10.85,2006.38,95.91,259.59,38.85
83,Male,74.1,1.62,Muscle Gain,Hausa_Koko_(millet_porridge)_with_Koose,429.0,16.0,51.0,6.0,Fufu_with_Light_Soup_with_Goat_Meat,812.0,44.0,86.0,12.0,Angwamu_(Oil_Rice)_with_Hot_Pepper_and_Egg,615.79,38.98,64.77,13.31,Nkatie_Cake_(Groundnut_Cake),381.0,9.0,26.0,17.0,2237.79,107.98,227.77,48.31
33,Male,84.7,1.7,Muscle Gain,White_porridge_and_bread,413.0,7.0,46.0,6.0,Jollof_Rice_with_Chicken,619.2,39.43,64.97,13.31,Boiled_Plantain/Yam_and_Garden_egg_stew,588.0,24.0,57.0,10.0,Atsoomo_(Chin-Chin),307.38,5.91,36.59,10.85,1927.58,76.34,204.56,40.16
62,Male,78.0,1.67,Muscle Gain,Hausa_Koko_(millet_porridge)_with_Koose,341.0,15.0,39.0,5.0,Plain_Rice_with_Chicken,695.0,55.0,62.0,16.0,Angwamu_(Oil_Rice)_with_Hot_Pepper_and_Egg,615.79,38.98,64.77,13.31,Roasted/Boiled_Maize_with_Coconut,260.0,7.0,45.0,5.0,1911.79,115.98,210.77,39.31
48,Female,55.8,1.58,Weight Loss,White_porridge_and_bread,291.0,7.0,44.0,4.0,Plain_Rice_with_Chicken,708.0,51.0,68.0,13.0,Angwamu_(Oil_Rice)_with_Hot_Pepper_and_Egg,615.79,38.98,64.77,13.31,Atsoomo_(Chin-Chin),307.38,5.91,36.59,10.85,1922.17,102.89,213.36,41.16
14,Female,44.4,1.16,Muscle Gain,Koko_with_Bofroat_(corn_dough_porridge_with_buffloaf),387.0,14.0,67.0,8.0,Fufu_with_Light_Soup_with_Goat_Meat,609.0,43.0,91.0,14.0,Red-Red_(Beans_and_Plantain_with_red_oil),400.0,38.0,48.0,16.0,Kofi_Brokeman_(Roasted_Plantain_with_Groundnut),238.0,8.0,43.0,9.0,1634.0,103.0,249.0,47.0
57,Male,79.5,1.68,Muscle Gain,Rice_water_and_bread,368.0,8.0,49.0,5.0,Banku_and_Tilapia_with_Hot_Pepper,657.0,44.0,68.0,16.0,Angwamu_(Oil_Rice)_with_Hot_Pepper_and_Egg,615.79,38.98,64.77,13.31,Atsoomo_(Chin-Chin),451.0,4.0,34.0,17.0,2091.79,94.98,215.77,51.31
66,Male,59.6,1.7,Weight Loss,Tom_Brown_and_bread,366.0,8.0,52.0,4.0,Waakye_and_Fish_with_egg,558.0,45.0,71.0,6.0,Banku_and_Tilapia_with_Hot_Pepper,514.0,42.0,60.0,9.0,Atsoomo_(Chin-Chin),307.38,5.91,36.59,10.85,1745.38,100.91,219.59,29.85
82,Female,66.1,1.51,Muscle Gain,Oatmeal,336.42,9.46,47.78,5.3,Angwamu_(Oil_Rice)_with_Hot_Pepper_and_Egg,579.0,25.0,53.0,17.0,Tuo_Zaafi_with_Meat_Stew,644.0,43.0,81.0,11.0,Atsoomo_(Chin-Chin),307.38,5.91,36.59,10.85,1866.8,83.37,218.37,44.15
23,Female,56.2,1.58,Weight Loss,Tea/Milo/Coffee_with_bread,249.0,6.0,39.0,6.0,Jollof_Rice_with_Chicken,619.2,39.43,64.97,13.31,Waakye_and_Fish_with_egg,695.0,38.0,70.0,8.0,Roasted/Boiled_Maize_with_Coconut,253.0,6.0,40.0,6.0,1816.2,89.43,213.97,33.31
30,Female,64.1,1.55,Weight Loss,Oatmeal,316.0,11.0,41.0,4.0,Plain_Rice_with_Chicken,696.0,42.0,56.0,16.0,Angwamu_(Oil_Rice)_with_Hot_Pepper_and_Egg,518.0,26.0,57.0,16.0,Atsoomo_(Chin-Chin),307.38,5.91,36.59,10.85,1837.38,84.91,190.59,46.85
74,Female,69.8,1.57,Muscle Gain,Hausa_Koko_(millet_porridge)_with_Koose,349.0,14.0,48.0,5.0,Boiled_Plantain/Yam_and_Garden_egg_stew,534.0,25.0,68.0,8.0,Red-Red_(Beans_and_Plantain_with_red_oil),532.0,31.0,53.0,12.0,Atsoomo_(Chin-Chin),307.38,5.91,36.59,10.85,1722.38,75.91,205.59,35.85
27,Male,59.4,1.66,Weight Loss,Oatmeal,299.0,9.0,40.0,3.0,Banku_with_Okra_Soup,701.0,28.0,56.0,8.0,Boiled_Plantain/Yam_and_Garden_egg_stew,512.0,18.0,49.0,8.0,Atsoomo_(Chin-Chin),307.38,5.91,36.59,10.85,1819.38,60.91,181.59,29.85
26,Female,65.7,1.61,Muscle Gain,Tea/Milo/Coffee_with_bread,283.0,7.0,37.0,8.0,Jollof_Rice_with_Chicken,873.0,44.0,89.0,18.0,Fufu_with_Light_Soup_with_Goat_Meat,820.0,36.0,78.0,15.0,Atsoomo_(Chin-Chin),307.38,5.91,36.59,10.85,2283.38,92.91,240.59,51.85
24,Female,70.2,1.67,Muscle Gain,Koko_with_Bofroat_(corn_dough_porridge_with_buffloaf),412.0,12.0,60.0,8.0,Banku_and_Tilapia_with_Hot_Pepper,660.0,44.0,73.0,15.0,Kenkey_and_Fried_Fish_with_Hot_Pepper,558.0,45.0,66.0,18.0,Atsoomo_(Chin-Chin),307.38,5.91,36.59,10.85,1937.38,106.91,235.59,51.85
48,Female,54.2,1.52,Weight Loss,Tom_Brown_and_bread,300.0,8.0,61.0,4.0,Banku_and_Tilapia_with_Hot_Pepper,587.0,36.0,55.0,12.0,Angwamu_(Oil_Rice)_with_Hot_Pepper_and_Egg,615.79,38.98,64.77,13.31,Atsoomo_(Chin-Chin),307.38,5.91,36.59,10.85,1810.17,88.89,217.36,40.16
21,Male,69.2,1.78,Weight Loss,White_porridge_and_bread,369.0,6.0,45.0,4.0,Red-Red_(Beans_and_Plantain_with_red_oil),519.0,34.0,43.0,15.0,Banku_with_Okra_Soup,722.0,30.0,59.0,10.0,Atsoomo_(Chin-Chin),307.38,5.91,36.59,10.85,1917.38,75.91,183.59,39.85
49,Male,69.8,1.75,Weight Loss,Koko_with_Bofroat_(corn_dough_porridge_with_buffloaf),380.0,8.0,46.0,7.0,Tuo_Zaafi_with_Meat_Stew,673.0,38.0,72.0,11.0,Waakye_and_Fish_with_egg,682.0,44.0,65.0,8.0,Kofi_Brokeman_(Roasted_Plantain_with_Groundnut),268.0,7.0,31.0,6.0,2003.0,97.0,214.0,32.0
7,Female,39.8,1.0,Muscle Gain,Tea/Milo/Coffee_with_bread,259.0,8.0,42.0,6.0,Kenkey_and_Fried_Fish_with_Hot_Pepper,563.0,48.0,54.0,19.0,Waakye_and_Fish_with_egg,507.0,66.0,62.0,10.0,Atsoomo_(Chin-Chin),307.38,5.91,36.59,10.85,1636.38,127.91,194.59,45.85
59,Female,71.5,1.63,Muscle Gain,Tea/Milo/Coffee_with_bread,268.0,7.0,34.0,7.0,Tuo_Zaafi_with_Meat_Stew,760.0,43.0,65.0,12.0,Kenkey_and_Fried_Fish_with_Hot_Pepper,630.0,42.0,52.0,22.0,Atsoomo_(Chin-Chin),307.38,5.91,36.59,10.85,1965.38,97.91,187.59,51.85
64,Male,64.6,1.7,Weight Loss,Tea/Milo/Coffee_with_bread,289.0,6.0,40.0,4.0,Waakye_and_Fish_with_egg,685.0,47.0,65.0,8.0,Red-Red_(Beans_and_Plantain_with_red_oil),433.0,28.0,43.0,12.0,Atsoomo_(Chin-Chin),307.38,5.91,36.59,10.85,1714.38,86.91,184.59,34.85
9,Female,46.6,1.06,Muscle Gain,Tea/Milo/Coffee_with_bread,242.0,8.0,41.0,8.0,Angwamu_(Oil_Rice)_with_Hot_Pepper_and_Egg,545.0,38.0,54.0,21.0,Banku_with_Okra_Soup,473.0,39.0,74.0,12.0,Atsoomo_(Chin-Chin),307.38,5.91,36.59,10.85,1567.38,90.91,205.59,51.85
11,Male,47.2,1.26,Weight Loss,White_porridge_and_bread,297.0,8.0,52.0,4.0,Tuo_Zaafi_with_Meat_Stew,471.0,46.0,65.0,12.0,Fufu_with_Light_Soup_with_Goat_Meat,488.0,44.0,62.0,12.0,Atsoomo_(Chin-Chin),307.38,5.91,36.59,10.85,1563.38,103.91,215.59,38.85
8,Female,38.8,1.03,Weight Loss,Hausa_Koko_(millet_porridge)_with_Koose,264.0,15.0,43.0,6.0,Jollof_Rice_with_Chicken,483.0,49.0,76.0,16.0,Banku_with_Okra_Soup,532.0,39.0,64.0,10.0,Plantain_Chips,214.0,3.0,40.0,8.0,1493.0,106.0,223.0,40.0
71,Female,67.2,1.59,Muscle Gain,Hausa_Koko_(millet_porridge)_with_Koose,327.0,14.0,42.0,6.0,Banku_with_Okra_Soup,662.0,34.0,84.0,9.0,Waakye_and_Fish_with_egg,530.0,49.0,61.0,10.0,Nkatie_Cake_(Groundnut_Cake),324.0,12.0,27.0,15.0,1843.0,109.0,214.0,40.0
37,Female,53.9,1.64,Weight Loss,Tom_Brown_and_bread,347.0,8.0,48.0,4.0,Jollof_Rice_with_Chicken,619.2,39.43,64.97,13.31,Boiled_Plantain/Yam_and_Garden_egg_stew,456.0,19.0,63.0,8.0,Kofi_Brokeman_(Roasted_Plantain_with_Groundnut),266.0,7.0,37.0,8.0,1688.2,73.43,212.97,33.31
38,Female,71.7,1.52,Muscle Gain,Tea/Milo/Coffee_with_bread,343.0,7.0,45.0,8.0,Banku_and_Tilapia_with_Hot_Pepper,558.0,44.0,55.0,15.0,Waakye_and_Fish_with_egg,756.0,56.0,78.0,12.0,Atsoomo_(Chin-Chin),307.38,5.91,36.59,10.85,1964.38,112.91,214.59,45.85
21,Female,78.1,1.63,Muscle Gain,White_porridge_and_bread,402.0,7.0,56.0,5.0,Waakye_and_Fish_with_egg,667.0,45.0,60.0,11.0,Jollof_Rice_with_Chicken,850.0,43.0,86.0,19.0,Atsoomo_(Chin-Chin),307.38,5.91,36.59,10.85,2226.38,100.91,238.59,45.85
47,Female,72.0,1.55,Muscle Gain,Tom_Brown_and_bread,337.0,9.0,58.0,6.0,Banku_and_Tilapia_with_Hot_Pepper,688.0,38.0,73.0,13.0,Angwamu_(Oil_Rice)_with_Hot_Pepper_and_Egg,616.0,27.0,56.0,23.0,Atsoomo_(Chin-Chin),307.38,5.91,36.59,10.85,1948.38,79.91,223.59,52.85
36,Female,61.8,1.66,Weight Loss,Rice_water_and_bread,313.0,8.0,47.0,3.0,Waakye_and_Fish_with_egg,532.0,44.0,62.0,9.0,Red-Red_(Beans_and_Plantain_with_red_oil),437.0,28.0,48.0,12.0,Atsoomo_(Chin-Chin),307.38,5.91,36.59,10.85,1589.38,85.91,193.59,34.85
42,Male,76.0,1.71,Muscle Gain,Tea/Milo/Coffee_with_bread,388.0,7.0,35.0,8.0,Angwamu_(Oil_Rice)_with_Hot_Pepper_and_Egg,600.0,34.0,58.0,20.0,Plain_Rice_with_Chicken,730.0,50.0,65.0,17.0,Atsoomo_(Chin-Chin),408.0,4.0,37.0,20.0,2126.0,95.0,195.0,65.0
55,Male,74.2,1.78,Muscle Gain,Oatmeal,336.42,9.46,47.78,5.3,Plain_Rice_with_Chicken,717.0,49.0,69.0,16.0,Kenkey_and_Fried_Fish_with_Hot_Pepper,777.0,50.0,66.0,20.0,Plantain_Chips,371.0,3.0,47.0,11.0,2201.42,111.46,229.78,52.3
24,Female,55.4,1.59,Weight Loss,Rice_water_and_bread,273.0,6.0,45.0,3.0,Boiled_Plantain/Yam_and_Garden_egg_stew,543.0,18.0,54.0,7.0,Red-Red_(Beans_and_Plantain_with_red_oil),523.0,24.0,42.0,14.0,Atsoomo_(Chin-Chin),307.38,5.91,36.59,10.85,1646.38,53.91,177.59,34.85
45,Male,81.2,1.64,Muscle Gain,Tom_Brown_and_bread,416.0,8.0,52.0,5.0,Boiled_Plantain/Yam_and_Garden_egg_stew,594.0,28.0,62.0,10.0,Kenkey_and_Fried_Fish_with_Hot_Pepper,602.0,49.0,53.0,17.0,Atsoomo_(Chin-Chin),307.38,5.91,36.59,10.85,1919.38,90.91,203.59,42.85
5,Male,38.5,1.0,Muscle Gain,Oatmeal,336.42,9.46,47.78,5.3,Jollof_Rice_with_Chicken,619.2,39.43,64.97,13.31,Banku_and_Tilapia_with_Hot_Pepper,595.0,58.0,66.0,15.0,Atsoomo_(Chin-Chin),307.38,5.91,36.59,10.85,1858.0,112.8,215.34,44.46
58,Female,62.6,1.55,Weight Loss,Rice_water_and_bread,329.0,8.0,48.0,3.0,Fufu_with_Light_Soup_with_Goat_Meat,667.0,39.0,61.0,11.0,Angwamu_(Oil_Rice)_with_Hot_Pepper_and_Egg,615.79,38.98,64.77,13.31,Atsoomo_(Chin-Chin),307.38,5.91,36.59,10.85,1919.17,91.89,210.36,38.16
39,Female,60.6,1.58,Weight Loss,Oatmeal,308.0,11.0,36.0,4.0,Jollof_Rice_with_Chicken,619.2,39.43,64.97,13.31,Boiled_Plantain/Yam_and_Garden_egg_stew,526.0,20.0,62.0,7.0,Atsoomo_(Chin-Chin),336.0,4.0,27.0,13.0,1789.2,74.43,189.97,37.31
16,Male,47.4,1.36,Weight Loss,Hausa_Koko_(millet_porridge)_with_Koose,353.0,13.0,34.0,6.0,Red-Red_(Beans_and_Plantain_with_red_oil),398.0,37.0,50.0,12.0,Boiled_Plantain/Yam_and_Garden_egg_stew,385.0,24.0,61.0,8.0,Nkatie_Cake_(Groundnut_Cake),321.0,11.0,24.0,14.0,1457.0,85.0,169.0,40.0
67,Male,77.7,1.7,Muscle Gain,Oatmeal,336.42,9.46,47.78,5.3,Jollof_Rice_with_Chicken,619.2,39.43,64.97,13.31,Angwamu_(Oil_Rice)_with_Hot_Pepper_and_Egg,515.0,30.0,54.0,19.0,Atsoomo_(Chin-Chin),307.38,5.91,36.59,10.85,1778.0,84.8,203.34,48.46
59,Male,82.9,1.76,Muscle Gain,Oatmeal,358.0,10.0,42.0,5.0,Tuo_Zaafi_with_Meat_Stew,744.0,34.0,71.0,12.0,Angwamu_(Oil_Rice)_with_Hot_Pepper_and_Egg,615.79,38.98,64.77,13.31,Kofi_Brokeman_(Roasted_Plantain_with_Groundnut),294.0,7.0,37.0,8.0,2011.79,89.98,214.77,38.31
10,Female,52.0,1.1,Muscle Gain,Tea/Milo/Coffee_with_bread,229.0,7.0,45.0,7.0,Plain_Rice_with_Chicken,506.0,57.0,72.0,15.0,Kenkey_and_Fried_Fish_with_Hot_Pepper,529.0,50.0,65.0,22.0,Atsoomo_(Chin-Chin),307.38,5.91,36.59,10.85,1571.38,119.91,218.59,54.85
51,Female,55.0,1.54,Weight Loss,Rice_water_and_bread,280.0,6.0,54.0,4.0,Red-Red_(Beans_and_Plantain_with_red_oil),568.0,28.0,50.0,14.0,Angwamu_(Oil_Rice)_with_Hot_Pepper_and_Egg,615.79,38.98,64.77,13.31,Atsoomo_(Chin-Chin),307.38,5.91,36.59,10.85,1771.17,78.89,205.36,42.16
38,Male,80.0,1.8,Muscle Gain,Tom_Brown_and_bread,466.0,9.0,51.0,6.0,Fufu_with_Light_Soup_with_Goat_Meat,744.0,43.0,87.0,13.0,Kenkey_and_Fried_Fish_with_Hot_Pepper,777.0,46.0,67.0,17.0,Agbelikaklo_with_Coconut,339.0,4.0,55.0,10.0,2326.0,102.0,260.0,46.0
65,Male,78.9,1.66,Muscle Gain,Oatmeal,336.42,9.46,47.78,5.3,Tuo_Zaafi_with_Meat_Stew,740.0,42.0,71.0,12.0,Jollof_Rice_with_Chicken,768.0,56.0,84.0,15.0,Atsoomo_(Chin-Chin),307.38,5.91,36.59,10.85,2151.8,113.37,239.37,43.15
34,Female,74.4,1.66,Muscle Gain,Oatmeal,297.0,9.0,46.0,5.0,Kenkey_and_Fried_Fish_with_Hot_Pepper,559.0,42.0,68.0,22.0,Angwamu_(Oil_Rice)_with_Hot_Pepper_and_Egg,615.79,38.98,64.77,13.31,Atsoomo_(Chin-Chin),307.38,5.91,36.59,10.85,1779.17,95.89,215.36,51.16
27,Male,75.4,1.73,Muscle Gain,Hausa_Koko_(millet_porridge)_with_Koose,485.0,16.0,39.0,8.0,Jollof_Rice_with_Chicken,933.0,54.0,73.0,20.0,Boiled_Plantain/Yam_and_Garden_egg_stew,536.0,22.0,67.0,9.0,Atsoomo_(Chin-Chin),307.38,5.91,36.59,10.85,2261.38,97.91,215.59,47.85
65,Female,56.9,1.6,Weight Loss,Oatmeal,336.42,9.46,47.78,5.3,Red-Red_(Beans_and_Plantain_with_red_oil),404.0,31.0,54.0,10.0,Banku_with_Okra_Soup,598.0,30.0,59.0,8.0,Atsoomo_(Chin-Chin),307.38,5.91,36.59,10.85,1645.8,76.37,197.37,34.15
82,Female,65.6,1.5,Muscle Gain,Hausa_Koko_(millet_porridge)_with_Koose,315.0,15.0,38.0,5.0,Angwamu_(Oil_Rice)_with_Hot_Pepper_and_Egg,501.0,26.0,62.0,16.0,Plain_Rice_with_Chicken,558.0,55.0,68.0,13.0,Atsoomo_(Chin-Chin),307.38,5.91,36.59,10.85,1681.38,101.91,204.59,44.85
43,Male,63.6,1.79,Weight Loss,Rice_water_and_bread,357.0,7.0,45.0,3.0,Angwamu_(Oil_Rice)_with_Hot_Pepper_and_Egg,651.0,23.0,60.0,15.0,Angwamu_(Oil_Rice)_with_Hot_Pepper_and_Egg,615.79,38.98,64.77,13.31,Plantain_Chips,290.0,3.0,43.0,8.0,1913.79,71.98,212.77,39.31
66,Female,56.6,1.56,Weight Loss,White_porridge_and_bread,280.0,6.0,54.0,3.0,Banku_with_Okra_Soup,516.0,27.0,59.0,8.0,Boiled_Plantain/Yam_and_Garden_egg_stew,404.0,22.0,60.0,6.0,Atsoomo_(Chin-Chin),307.38,5.91,36.59,10.85,1507.38,60.91,209.59,27.85
21,Female,68.9,1.54,Muscle Gain,Koko_with_Bofroat_(corn_dough_porridge_with_buffloaf),501.0,10.0,56.0,9.0,Boiled_Plantain/Yam_and_Garden_egg_stew,480.0,21.0,56.0,10.0,Jollof_Rice_with_Chicken,838.0,52.0,81.0,21.0,Plantain_Chips,352.0,3.0,50.0,11.0,2171.0,86.0,243.0,51.0
36,Male,61.3,1.72,Weight Loss,Oatmeal,336.42,9.46,47.78,5.3,Angwamu_(Oil_Rice)_with_Hot_Pepper_and_Egg,682.0,29.0,52.0,16.0,Fufu_with_Light_Soup_with_Goat_Meat,795.0,36.0,70.0,10.0,Atsoomo_(Chin-Chin),307.38,5.91,36.59,10.85,2120.8,80.37,206.37,42.15
62,Female,57.2,1.59,Weight Loss,Oatmeal,336.42,9.46,47.78,5.3,Waakye_and_Fish_with_egg,597.0,41.0,55.0,8.0,Banku_and_Tilapia_with_Hot_Pepper,576.0,33.0,62.0,9.0,Agbelikaklo_with_Coconut,240.0,4.0,42.0,7.0,1749.42,87.46,206.78,29.3
6,Male,41.0,1.01,Muscle Gain,Oatmeal,238.0,16.0,38.0,5.0,Jollof_Rice_with_Chicken,619.2,39.43,64.97,13.31,Jollof_Rice_with_Chicken,655.0,58.0,94.0,18.0,Kofi_Brokeman_(Roasted_Plantain_with_Groundnut),257.0,8.0,44.0,9.0,1769.2,121.43,240.97,45.31
58,Female,67.0,1.55,Muscle Gain,Rice_water_and_bread,311.0,9.0,54.0,5.0,Banku_and_Tilapia_with_Hot_Pepper,685.0,45.0,61.0,14.0,Plain_Rice_with_Chicken,669.0,52.0,79.0,15.0,Atsoomo_(Chin-Chin),307.38,5.91,36.59,10.85,1972.38,111.91,230.59,44.85
26,Male,60.3,1.64,Weight Loss,Rice_water_and_bread,294.0,8.0,42.0,4.0,Jollof_Rice_with_Chicken,732.0,38.0,70.0,16.0,Banku_with_Okra_Soup,666.0,30.0,65.0,8.0,Plantain_Chips,344.0,3.0,43.0,9.0,2036.0,79.0,220.0,37.0
62,Male,62.0,1.7,Weight Loss,Oatmeal,266.0,11.0,36.0,3.0,Angwamu_(Oil_Rice)_with_Hot_Pepper_and_Egg,611.0,26.0,54.0,12.0,Kenkey_and_Fried_Fish_with_Hot_Pepper,575.0,36.0,49.0,12.0,Atsoomo_(Chin-Chin),307.38,5.91,36.59,10.85,1759.38,78.91,175.59,37.85
51,Male,75.2,1.76,Muscle Gain,Hausa_Koko_(millet_porridge)_with_Koose,471.0,14.0,39.0,7.0,Fufu_with_Light_Soup_with_Goat_Meat,757.0,44.0,90.0,16.0,Waakye_and_Fish_with_egg,733.0,46.0,61.0,10.0,Plantain_Chips,387.0,3.0,42.0,12.0,2348.0,107.0,232.0,45.0
43,Male,81.6,1.78,Muscle Gain,Rice_water_and_bread,332.0,7.0,62.0,4.0,Banku_with_Okra_Soup,649.0,36.0,73.0,12.0,Kenkey_and_Fried_Fish_with_Hot_Pepper,763.0,50.0,63.0,21.0,Atsoomo_(Chin-Chin),307.38,5.91,36.59,10.85,2051.38,98.91,234.59,47.85
76,Female,54.8,1.56,Weight Loss,Hausa_Koko_(millet_porridge)_with_Koose,281.0,10.0,36.0,4.0,Kenkey_and_Fried_Fish_with_Hot_Pepper,481.0,29.0,50.0,12.0,Tuo_Zaafi_with_Meat_Stew,572.0,27.0,60.0,8.0,Atsoomo_(Chin-Chin),303.0,3.0,35.0,12.0,1637.0,69.0,181.0,36.0
14,Male,44.5,1.28,Weight Loss,Oatmeal,336.42,9.46,47.78,5.3,Kenkey_and_Fried_Fish_with_Hot_Pepper,506.0,39.0,59.0,13.0,Tuo_Zaafi_with_Meat_Stew,473.0,40.0,76.0,10.0,Kofi_Brokeman_(Roasted_Plantain_with_Groundnut),228.0,8.0,38.0,7.0,1543.42,96.46,220.78,35.3
6,Male,44.2,1.01,Muscle Gain,Hausa_Koko_(millet_porridge)_with_Koose,364.0,19.0,41.0,8.0,Boiled_Plantain/Yam_and_Garden_egg_stew,435.0,32.0,65.0,11.0,Red-Red_(Beans_and_Plantain_with_red_oil),541.0,39.0,47.0,19.0,Kofi_Brokeman_(Roasted_Plantain_with_Groundnut),233.0,9.0,39.0,8.0,1573.0,99.0,192.0,46.0
34,Female,75.1,1.66,Muscle Gain,White_porridge_and_bread,382.0,7.0,54.0,6.0,Plain_Rice_with_Chicken,727.0,45.0,70.0,18.0,Fufu_with_Light_Soup_with_Goat_Meat,634.0,36.0,88.0,13.0,Atsoomo_(Chin-Chin),307.38,5.91,36.59,10.85,2050.38,93.91,248.59,47.85
41,Male,58.0,1.8,Weight Loss,Tom_Brown_and_bread,344.0,8.0,55.0,4.0,Boiled_Plantain/Yam_and_Garden_egg_stew,486.0,19.0,63.0,7.0,Jollof_Rice_with_Chicken,877.0,40.0,80.0,16.0,Atsoomo_(Chin-Chin),307.38,5.91,36.59,10.85,2014.38,72.91,234.59,37.85
61,Female,56.2,1.6,Weight Loss,Tea/Milo/Coffee_with_bread,277.0,5.0,36.0,4.0,Banku_with_Okra_Soup,526.0,27.0,74.0,8.0,Angwamu_(Oil_Rice)_with_Hot_Pepper_and_Egg,615.79,38.98,64.77,13.31,Atsoomo_(Chin-Chin),307.38,5.91,36.59,10.85,1726.17,76.89,211.36,36.16
21,Female,71.7,1.56,Muscle Gain,Koko_with_Bofroat_(corn_dough_porridge_with_buffloaf),471.0,12.0,51.0,11.0,Waakye_and_Fish_with_egg,755.0,42.0,79.0,11.0,Red-Red_(Beans_and_Plantain_with_red_oil),504.0,32.0,58.0,15.0,Kofi_Brokeman_(Roasted_Plantain_with_Groundnut),283.0,7.0,42.0,8.0,2013.0,93.0,230.0,45.0
59,Female,74.2,1.58,Muscle Gain,Oatmeal,336.42,9.46,47.78,5.3,Kenkey_and_Fried_Fish_with_Hot_Pepper,540.0,38.0,60.0,20.0,Boiled_Plantain/Yam_and_Garden_egg_stew,601.0,22.0,63.0,9.0,Atsoomo_(Chin-Chin),307.38,5.91,36.59,10.85,1784.8,75.37,207.37,45.15
49,Female,66.5,1.66,Muscle Gain,Oatmeal,275.0,10.0,46.0,5.0,Plain_Rice_with_Chicken,788.0,56.0,68.0,16.0,Jollof_Rice_with_Chicken,875.0,48.0,76.0,22.0,Atsoomo_(Chin-Chin),307.38,5.91,36.59,10.85,2245.38,119.91,226.59,53.85
22,Male,60.7,1.77,Weight Loss,Tom_Brown_and_bread,366.0,8.0,52.0,4.0,Plain_Rice_with_Chicken,708.0,47.0,60.0,12.0,Fufu_with_Light_Soup_with_Goat_Meat,632.0,41.0,77.0,11.0,Plantain_Chips,276.0,3.0,45.0,8.0,1982.0,99.0,234.0,35.0
44,Female,54.7,1.67,Weight Loss,Koko_with_Bofroat_(corn_dough_porridge_with_buffloaf),428.0,9.0,49.0,7.0,Banku_with_Okra_Soup,598.0,28.0,74.0,8.0,Plain_Rice_with_Chicken,638.0,45.0,61.0,13.0,Atsoomo_(Chin-Chin),307.38,5.91,36.59,10.85,1971.38,87.91,220.59,38.85
41,Female,59.2,1.56,Weight Loss,Koko_with_Bofroat_(corn_dough_porridge_with_buffloaf),453.0,9.0,59.0,8.0,Fufu_with_Light_Soup_with_Goat_Meat,636.0,34.0,79.0,9.0,Waakye_and_Fish_with_egg,652.0,40.0,58.0,8.0,Atsoomo_(Chin-Chin),307.38,5.91,36.59,10.85,2048.38,88.91,232.59,35.85
76,Male,62.8,1.67,Weight Loss,Oatmeal,336.42,9.46,47.78,5.3,Jollof_Rice_with_Chicken,619.2,39.43,64.97,13.31,Angwamu_(Oil_Rice)_with_Hot_Pepper_and_Egg,512.0,25.0,48.0,14.0,Roasted/Boiled_Maize_with_Coconut,238.0,6.0,38.0,4.0,1705.62,79.89,198.75,36.61
45,Female,57.0,1.68,Weight Loss,Tom_Brown_and_bread,378.0,8.0,54.0,4.0,Boiled_Plantain/Yam_and_Garden_egg_stew,476.0,21.0,53.0,8.0,Angwamu_(Oil_Rice)_with_Hot_Pepper_and_Egg,485.0,21.0,51.0,20.0,Plantain_Chips,283.0,3.0,44.0,10.0,1622.0,53.0,202.0,42.0
12,Female,44.4,1.21,Weight Loss,Tea/Milo/Coffee_with_bread,206.0,6.0,32.0,5.0,Red-Red_(Beans_and_Plantain_with_red_oil),439.0,33.0,45.0,13.0,Angwamu_(Oil_Rice)_with_Hot_Pepper_and_Egg,615.79,38.98,64.77,13.31,Atsoomo_(Chin-Chin),279.0,4.0,28.0,17.0,1539.79,81.98,169.77,48.31
35,Male,81.8,1.64,Muscle Gain,Tea/Milo/Coffee_with_bread,305.0,6.0,41.0,8.0,Kenkey_and_Fried_Fish_with_Hot_Pepper,592.0,44.0,57.0,19.0,Tuo_Zaafi_with_Meat_Stew,661.0,44.0,83.0,13.0,Atsoomo_(Chin-Chin),307.38,5.91,36.59,10.85,1865.38,99.91,217.59,50.85
58,Male,56.6,1.67,Weight Loss,Koko_with_Bofroat_(corn_dough_porridge_with_buffloaf),486.0,11.0,53.0,8.0,Fufu_with_Light_Soup_with_Goat_Meat,785.0,35.0,62.0,12.0,Plain_Rice_with_Chicken,621.0,53.0,68.0,15.0,Plantain_Chips,303.0,3.0,37.0,10.0,2195.0,102.0,220.0,45.0
50,Male,72.7,1.77,Muscle Gain,Hausa_Koko_(millet_porridge)_with_Koose,412.0,14.0,40.0,6.0,Red-Red_(Beans_and_Plantain_with_red_oil),687.0,36.0,58.0,20.0,Banku_and_Tilapia_with_Hot_Pepper,750.0,52.0,56.0,14.0,Atsoomo_(Chin-Chin),307.38,5.91,36.59,10.85,2156.38,107.91,190.59,50.85
57,Female,68.2,1.55,Muscle Gain,Hausa_Koko_(millet_porridge)_with_Koose,337.0,15.0,47.0,7.0,Banku_with_Okra_Soup,754.0,32.0,85.0,10.0,Angwamu_(Oil_Rice)_with_Hot_Pepper_and_Egg,615.79,38.98,64.77,13.31,Nkatie_Cake_(Groundnut_Cake),390.0,10.0,26.0,19.0,2096.79,95.98,222.77,49.31
27,Male,58.8,1.8,Weight Loss,Oatmeal,284.0,9.0,38.0,4.0,Angwamu_(Oil_Rice)_with_Hot_Pepper_and_Egg,656.0,24.0,48.0,16.0,Plain_Rice_with_Chicken,729.0,56.0,67.0,16.0,Roasted/Boiled_Maize_with_Coconut,242.0,6.0,39.0,5.0,1911.0,95.0,192.0,41.0
10,Male,41.5,1.19,Weight Loss,Tea/Milo/Coffee_with_bread,213.0,6.0,35.0,5.0,Banku_with_Okra_Soup,471.0,41.0,61.0,10.0,Angwamu_(Oil_Rice)_with_Hot_Pepper_and_Egg,615.79,38.98,64.77,13.31,Plantain_Chips,247.0,3.0,40.0,10.0,1546.79,88.98,200.77,38.31
54,Male,61.8,1.72,Weight Loss,Rice_water_and_bread,366.0,7.0,51.0,3.0,Kenkey_and_Fried_Fish_with_Hot_Pepper,551.0,39.0,54.0,16.0,Banku_and_Tilapia_with_Hot_Pepper,667.0,42.0,65.0,12.0,Nkatie_Cake_(Groundnut_Cake),398.0,9.0,22.0,12.0,1982.0,97.0,192.0,43.0
32,Male,78.4,1.77,Muscle Gain,Hausa_Koko_(millet_porridge)_with_Koose,463.0,15.0,42.0,7.0,Angwamu_(Oil_Rice)_with_Hot_Pepper_and_Egg,570.0,28.0,53.0,19.0,Waakye_and_Fish_with_egg,701.0,54.0,63.0,11.0,Atsoomo_(Chin-Chin),307.38,5.91,36.59,10.85,2041.38,102.91,194.59,47.85
9,Male,41.6,1.14,Weight Loss,Tea/Milo/Coffee_with_bread,235.0,6.0,36.0,7.0,Banku_and_Tilapia_with_Hot_Pepper,529.0,53.0,58.0,9.0,Fufu_with_Light_Soup_with_Goat_Meat,507.0,37.0,81.0,11.0,Atsoomo_(Chin-Chin),307.38,5.91,36.59,10.85,1578.38,101.91,211.59,37.85
16,Male,57.1,1.35,Muscle Gain,Tea/Milo/Coffee_with_bread,278.0,8.0,34.0,8.0,Red-Red_(Beans_and_Plantain_with_red_oil),500.0,36.0,48.0,19.0,Tuo_Zaafi_with_Meat_Stew,636.0,50.0,81.0,15.0,Atsoomo_(Chin-Chin),341.0,3.0,37.0,17.0,1755.0,97.0,200.0,59.0
34,Male,78.5,1.69,Muscle Gain,Oatmeal,332.0,13.0,50.0,5.0,Banku_with_Okra_Soup,635.0,33.0,76.0,12.0,Angwamu_(Oil_Rice)_with_Hot_Pepper_and_Egg,615.79,38.98,64.77,13.31,Atsoomo_(Chin-Chin),307.38,5.91,36.59,10.85,1890.17,90.89,227.36,41.16
19,Male,78.1,1.73,Muscle Gain,Hausa_Koko_(millet_porridge)_with_Koose,366.0,15.0,42.0,8.0,Fufu_with_Light_Soup_with_Goat_Meat,696.0,42.0,73.0,13.0,Angwamu_(Oil_Rice)_with_Hot_Pepper_and_Egg,615.79,38.98,64.77,13.31,Atsoomo_(Chin-Chin),307.38,5.91,36.59,10.85,1985.17,101.89,216.36,45.16
62,Female,71.7,1.58,Muscle Gain,Tom_Brown_and_bread,335.0,12.0,63.0,4.0,Plain_Rice_with_Chicken,557.0,54.0,74.0,12.0,Angwamu_(Oil_Rice)_with_Hot_Pepper_and_Egg,486.0,32.0,68.0,19.0,Atsoomo_(Chin-Chin),307.38,5.91,36.59,10.85,1685.38,103.91,241.59,45.85
21,Male,73.3,1.62,Muscle Gain,White_porridge_and_bread,353.0,8.0,57.0,5.0,Kenkey_and_Fried_Fish_with_Hot_Pepper,696.0,39.0,52.0,20.0,Tuo_Zaafi_with_Meat_Stew,766.0,44.0,78.0,13.0,Atsoomo_(Chin-Chin),307.38,5.91,36.59,10.85,2122.38,96.91,223.59,48.85
7,Male,38.7,1.06,Weight Loss,Rice_water_and_bread,290.0,9.0,48.0,3.0,Jollof_Rice_with_Chicken,567.0,59.0,82.0,15.0,Waakye_and_Fish_with_egg,583.0,47.0,61.0,10.0,Atsoomo_(Chin-Chin),307.38,5.91,36.59,10.85,1747.38,120.91,227.59,38.85
77,Male,75.9,1.67,Muscle Gain,Tom_Brown_and_bread,338.0,10.0,65.0,4.0,Banku_with_Okra_Soup,608.0,39.0,72.0,8.0,Boiled_Plantain/Yam_and_Garden_egg_stew,580.0,21.0,64.0,7.0,Atsoomo_(Chin-Chin),307.38,5.91,36.59,10.85,1833.38,75.91,237.59,29.85
35,Female,65.1,1.6,Muscle Gain,Tea/Milo/Coffee_with_bread,271.0,7.0,36.0,7.0,Waakye_and_Fish_with_egg,608.0,56.0,80.0,13.0,Fufu_with_Light_Soup_with_Goat_Meat,724.0,40.0,72.0,16.0,Atsoomo_(Chin-Chin),307.38,5.91,36.59,10.85,1910.38,108.91,224.59,46.85
73,Male,76.1,1.65,Muscle Gain,White_porridge_and_bread,347.0,8.0,59.0,5.0,Plain_Rice_with_Chicken,684.0,58.0,62.0,12.0,Red-Red_(Beans_and_Plantain_with_red_oil),573.0,33.0,58.0,12.0,Atsoomo_(Chin-Chin),327.0,4.0,39.0,17.0,1931.0,103.0,218.0,46.0
69,Male,58.8,1.66,Weight Loss,White_porridge_and_bread,308.0,6.0,46.0,3.0,Tuo_Zaafi_with_Meat_Stew,701.0,31.0,66.0,8.0,Jollof_Rice_with_Chicken,671.0,47.0,73.0,11.0,Atsoomo_(Chin-Chin),307.38,5.91,36.59,10.85,1987.38,89.91,221.59,32.85
20,Male,62.6,1.64,Weight Loss,Rice_water_and_bread,338.0,8.0,52.0,3.0,Tuo_Zaafi_with_Meat_Stew,668.0,37.0,58.0,10.0,Fufu_with_Light_Soup_with_Goat_Meat,630.0,34.0,77.0,13.0,Plantain_Chips,331.0,3.0,37.0,10.0,1967.0,82.0,224.0,36.0
29,Male,72.9,1.71,Muscle Gain,Rice_water_and_bread,363.0,9.0,47.0,4.0,Jollof_Rice_with_Chicken,619.2,39.43,64.97,13.31,Plain_Rice_with_Chicken,878.0,54.0,79.0,20.0,Atsoomo_(Chin-Chin),307.38,5.91,36.59,10.85,2167.58,108.34,227.56,48.16
42,Female,68.4,1.58,Muscle Gain,Koko_with_Bofroat_(corn_dough_porridge_with_buffloaf),503.0,10.0,54.0,10.0,Boiled_Plantain/Yam_and_Garden_egg_stew,572.0,24.0,57.0,9.0,Tuo_Zaafi_with_Meat_Stew,761.0,37.0,79.0,15.0,Atsoomo_(Chin-Chin),307.38,5.91,36.59,10.85,2143.38,76.91,226.59,44.85
14,Female,50.0,1.19,Muscle Gain,Koko_with_Bofroat_(corn_dough_porridge_with_buffloaf),337.0,14.0,64.0,9.0,Tuo_Zaafi_with_Meat_Stew,625.0,43.0,75.0,16.0,Angwamu_(Oil_Rice)_with_Hot_Pepper_and_Egg,615.79,38.98,64.77,13.31,Atsoomo_(Chin-Chin),307.38,5.91,36.59,10.85,1885.17,101.89,240.36,49.16
22,Male,60.8,1.75,Weight Loss,White_porridge_and_bread,381.0,6.0,50.0,4.0,Boiled_Plantain/Yam_and_Garden_egg_stew,522.0,19.0,50.0,8.0,Fufu_with_Light_Soup_with_Goat_Meat,671.0,37.0,72.0,12.0,Atsoomo_(Chin-Chin),307.38,5.91,36.59,10.85,1881.38,67.91,208.59,34.85
80,Male,72.4,1.61,Muscle Gain,Rice_water_and_bread,304.0,9.0,53.0,4.0,Kenkey_and_Fried_Fish_with_Hot_Pepper,627.0,52.0,61.0,17.0,Angwamu_(Oil_Rice)_with_Hot_Pepper_and_Egg,594.0,28.0,60.0,16.0,Atsoomo_(Chin-Chin),307.38,5.91,36.59,10.85,1832.38,94.91,210.59,47.85
35,Female,59.3,1.67,Weight Loss,Oatmeal,268.0,10.0,41.0,3.0,Banku_and_Tilapia_with_Hot_Pepper,627.0,38.0,63.0,11.0,Jollof_Rice_with_Chicken,597.0,39.0,67.0,15.0,Atsoomo_(Chin-Chin),307.38,5.91,36.59,10.85,1799.38,92.91,207.59,39.85
17,Female,55.3,1.29,Muscle Gain,Koko_with_Bofroat_(corn_dough_porridge_with_buffloaf),343.0,14.0,66.0,11.0,Jollof_Rice_with_Chicken,619.2,39.43,64.97,13.31,Angwamu_(Oil_Rice)_with_Hot_Pepper_and_Egg,615.79,38.98,64.77,13.31,Roasted/Boiled_Maize_with_Coconut,211.0,7.0,39.0,7.0,1788.99,99.41,234.74,44.62
42,Male,65.1,1.71,Weight Loss,Koko_with_Bofroat_(corn_dough_porridge_with_buffloaf),466.0,9.0,52.0,8.0,Kenkey_and_Fried_Fish_with_Hot_Pepper,657.0,34.0,46.0,13.0,Jollof_Rice_with_Chicken,664.0,40.0,84.0,17.0,Agbelikaklo_with_Coconut,328.0,4.0,50.0,8.0,2115.0,87.0,232.0,46.0
76,Female,67.9,1.53,Muscle Gain,Hausa_Koko_(millet_porridge)_with_Koose,298.0,13.0,45.0,6.0,Jollof_Rice_with_Chicken,619.2,39.43,64.97,13.31,Fufu_with_Light_Soup_with_Goat_Meat,701.0,38.0,86.0,12.0,Plantain_Chips,244.0,3.0,46.0,10.0,1862.2,93.43,241.97,41.31
25,Female,54.2,1.55,Weight Loss,Oatmeal,296.0,10.0,39.0,4.0,Fufu_with_Light_Soup_with_Goat_Meat,583.0,37.0,64.0,10.0,Tuo_Zaafi_with_Meat_Stew,553.0,29.0,66.0,11.0,Atsoomo_(Chin-Chin),307.38,5.91,36.59,10.85,1739.38,81.91,205.59,35.85
29,Male,76.3,1.73,Muscle Gain,Hausa_Koko_(millet_porridge)_with_Koose,396.0,13.0,46.0,7.0,Boiled_Plantain/Yam_and_Garden_egg_stew,658.0,22.0,74.0,9.0,Angwamu_(Oil_Rice)_with_Hot_Pepper_and_Egg,746.0,30.0,53.0,24.0,Atsoomo_(Chin-Chin),307.38,5.91,36.59,10.85,2107.38,70.91,209.59,50.85
36,Female,61.8,1.55,Weight Loss,Oatmeal,336.42,9.46,47.78,5.3,Banku_with_Okra_Soup,642.0,32.0,60.0,8.0,Plain_Rice_with_Chicken,624.0,48.0,71.0,14.0,Atsoomo_(Chin-Chin),307.38,5.91,36.59,10.85,1909.8,95.37,215.37,38.15
59,Male,56.7,1.66,Weight Loss,Tea/Milo/Coffee_with_bread,264.0,5.0,36.0,6.0,Boiled_Plantain/Yam_and_Garden_egg_stew,531.0,23.0,54.0,6.0,Banku_with_Okra_Soup,641.0,36.0,58.0,8.0,Atsoomo_(Chin-Chin),307.38,5.91,36.59,10.85,1743.38,69.91,184.59,30.85
77,Female,52.6,1.53,Weight Loss,Oatmeal,258.0,10.0,39.0,2.0,Jollof_Rice_with_Chicken,619.2,39.43,64.97,13.31,Banku_and_Tilapia_with_Hot_Pepper,585.0,38.0,54.0,8.0,Atsoomo_(Chin-Chin),277.0,4.0,29.0,12.0,1739.2,91.43,186.97,35.31
27,Female,75.6,1.61,Muscle Gain,Tea/Milo/Coffee_with_bread,293.0,6.0,38.0,7.0,Fufu_with_Light_Soup_with_Goat_Meat,644.0,45.0,85.0,16.0,Banku_with_Okra_Soup,751.0,39.0,67.0,10.0,Atsoomo_(Chin-Chin),307.38,5.91,36.59,10.85,1995.38,95.91,226.59,43.85
39,Male,70.7,1.63,Weight Loss,Rice_water_and_bread,338.0,8.0,45.0,4.0,Red-Red_(Beans_and_Plantain_with_red_oil),556.0,34.0,49.0,14.0,Jollof_Rice_with_Chicken,880.0,41.0,75.0,15.0,Atsoomo_(Chin-Chin),307.38,5.91,36.59,10.85,2081.38,88.91,205.59,43.85
40,Male,83.2,1.72,Muscle Gain,Tom_Brown_and_bread,409.0,9.0,62.0,5.0,Banku_with_Okra_Soup,784.0,39.0,68.0,11.0,Angwamu_(Oil_Rice)_with_Hot_Pepper_and_Egg,702.0,36.0,63.0,21.0,Plantain_Chips,348.0,3.0,42.0,13.0,2243.0,87.0,235.0,50.0
17,Female,42.7,1.3,Weight Loss,Hausa_Koko_(millet_porridge)_with_Koose,264.0,13.0,45.0,5.0,Red-Red_(Beans_and_Plantain_with_red_oil),347.0,27.0,42.0,16.0,Waakye_and_Fish_with_egg,536.0,49.0,71.0,9.0,Atsoomo_(Chin-Chin),307.38,5.91,36.59,10.85,1454.38,94.91,194.59,40.85
41,Male,80.0,1.76,Muscle Gain,Oatmeal,288.0,13.0,39.0,4.0,Red-Red_(Beans_and_Plantain_with_red_oil),624.0,34.0,53.0,17.0,Boiled_Plantain/Yam_and_Garden_egg_stew,656.0,26.0,70.0,9.0,Atsoomo_(Chin-Chin),307.38,5.91,36.59,10.85,1875.38,78.91,198.59,40.85
30,Male,62.0,1.64,Weight Loss,Tea/Milo/Coffee_with_bread,341.0,6.0,34.0,5.0,Jollof_Rice_with_Chicken,798.0,42.0,81.0,14.0,Plain_Rice_with_Chicken,644.0,50.0,54.0,12.0,Agbelikaklo_with_Coconut,367.0,5.0,39.0,7.0,2150.0,103.0,208.0,38.0
30,Female,60.7,1.64,Weight Loss,Oatmeal,336.42,9.46,47.78,5.3,Tuo_Zaafi_with_Meat_Stew,713.0,27.0,75.0,9.0,Plain_Rice_with_Chicken,625.0,43.0,68.0,12.0,Atsoomo_(Chin-Chin),307.38,5.91,36.59,10.85,1981.8,85.37,227.37,37.15
45,Male,72.0,1.79,Muscle Gain,Tom_Brown_and_bread,365.0,8.0,62.0,5.0,Kenkey_and_Fried_Fish_with_Hot_Pepper,731.0,44.0,62.0,21.0,Banku_with_Okra_Soup,643.0,33.0,81.0,10.0,Atsoomo_(Chin-Chin),307.38,5.91,36.59,10.85,2046.38,90.91,241.59,46.85
84,Female,64.0,1.53,Muscle Gain,White_porridge_and_bread,293.0,7.0,62.0,5.0,Kenkey_and_Fried_Fish_with_Hot_Pepper,644.0,43.0,55.0,15.0,Angwamu_(Oil_Rice)_with_Hot_Pepper_and_Egg,501.0,31.0,64.0,17.0,Atsoomo_(Chin-Chin),297.0,4.0,35.0,17.0,1735.0,85.0,216.0,54.0
49,Male,62.4,1.72,Weight Loss,Hausa_Koko_(millet_porridge)_with_Koose,381.0,13.0,37.0,6.0,Plain_Rice_with_Chicken,722.0,55.0,57.0,14.0,Banku_and_Tilapia_with_Hot_Pepper,622.0,41.0,56.0,10.0,Atsoomo_(Chin-Chin),307.38,5.91,36.59,10.85,2032.38,114.91,186.59,40.85
63,Female,73.4,1.6,Muscle Gain,Oatmeal,276.0,9.0,49.0,4.0,Fufu_with_Light_Soup_with_Goat_Meat,711.0,36.0,79.0,11.0,Banku_and_Tilapia_with_Hot_Pepper,641.0,43.0,69.0,12.0,Agbelikaklo_with_Coconut,317.0,6.0,54.0,8.0,1945.0,94.0,251.0,35.0
58,Male,61.9,1.69,Weight Loss,Tom_Brown_and_bread,435.0,8.0,55.0,4.0,Banku_and_Tilapia_with_Hot_Pepper,546.0,42.0,63.0,11.0,Angwamu_(Oil_Rice)_with_Hot_Pepper_and_Egg,615.79,38.98,64.77,13.31,Kofi_Brokeman_(Roasted_Plantain_with_Groundnut),302.0,7.0,39.0,8.0,1898.79,95.98,221.77,36.31
65,Male,59.8,1.66,Weight Loss,Tom_Brown_and_bread,311.0,8.0,54.0,3.0,Plain_Rice_with_Chicken,554.0,56.0,63.0,12.0,Tuo_Zaafi_with_Meat_Stew,669.0,38.0,72.0,8.0,Agbelikaklo_with_Coconut,286.0,4.0,47.0,7.0,1820.0,106.0,236.0,30.0
69,Female,70.9,1.56,Muscle Gain,White_porridge_and_bread,327.0,8.0,50.0,5.0,Plain_Rice_with_Chicken,642.0,48.0,79.0,14.0,Angwamu_(Oil_Rice)_with_Hot_Pepper_and_Egg,615.79,38.98,64.77,13.31,Atsoomo_(Chin-Chin),307.38,5.91,36.59,10.85,1892.17,100.89,230.36,43.16
15,Female,42.5,1.23,Weight Loss,Oatmeal,336.42,9.46,47.78,5.3,Red-Red_(Beans_and_Plantain_with_red_oil),412.0,33.0,53.0,12.0,Banku_and_Tilapia_with_Hot_Pepper,530.0,39.0,61.0,12.0,Roasted/Boiled_Maize_with_Coconut,219.0,7.0,40.0,6.0,1497.42,88.46,201.78,35.3
39,Male,72.0,1.72,Muscle Gain,Oatmeal,336.42,9.46,47.78,5.3,Plain_Rice_with_Chicken,718.0,63.0,77.0,19.0,Fufu_with_Light_Soup_with_Goat_Meat,838.0,46.0,84.0,14.0,Atsoomo_(Chin-Chin),307.38,5.91,36.59,10.85,2199.8,124.37,245.37,49.15
46,Female,62.2,1.54,Weight Loss,Rice_water_and_bread,258.0,6.0,45.0,4.0,Red-Red_(Beans_and_Plantain_with_red_oil),489.0,26.0,42.0,13.0,Tuo_Zaafi_with_Meat_Stew,547.0,31.0,72.0,9.0,Atsoomo_(Chin-Chin),307.38,5.91,36.59,10.85,1601.38,68.91,195.59,36.85
57,Female,59.5,1.52,Weight Loss,Koko_with_Bofroat_(corn_dough_porridge_with_buffloaf),413.0,10.0,61.0,6.0,Tuo_Zaafi_with_Meat_Stew,571.0,33.0,65.0,9.0,Waakye_and_Fish_with_egg,712.0,37.0,54.0,8.0,Kofi_Brokeman_(Roasted_Plantain_with_Groundnut),232.0,6.0,36.0,6.0,1928.0,86.0,216.0,29.0
8,Male,50.5,1.06,Muscle Gain,Oatmeal,245.0,16.0,41.0,4.0,Jollof_Rice_with_Chicken,619.2,39.43,64.97,13.31,Angwamu_(Oil_Rice)_with_Hot_Pepper_and_Egg,477.0,40.0,59.0,23.0,Plantain_Chips,256.0,3.0,43.0,13.0,1597.2,98.43,207.97,53.31
66,Male,75.8,1.69,Muscle Gain,Oatmeal,309.0,13.0,43.0,4.0,Banku_with_Okra_Soup,721.0,42.0,75.0,8.0,Boiled_Plantain/Yam_and_Garden_egg_stew,574.0,28.0,69.0,8.0,Atsoomo_(Chin-Chin),307.38,5.91,36.59,10.85,1911.38,88.91,223.59,30.85
39,Female,70.7,1.62,Muscle Gain,Tom_Brown_and_bread,379.0,10.0,53.0,6.0,Banku_and_Tilapia_with_Hot_Pepper,669.0,51.0,56.0,16.0,Waakye_and_Fish_with_egg,665.0,45.0,76.0,10.0,Atsoomo_(Chin-Chin),307.38,5.91,36.59,10.85,2020.38,111.91,221.59,42.85
80,Female,55.1,1.54,Weight Loss,Oatmeal,219.0,11.0,44.0,3.0,Banku_with_Okra_Soup,569.0,31.0,72.0,8.0,Waakye_and_Fish_with_egg,500.0,39.0,68.0,7.0,Atsoomo_(Chin-Chin),307.38,5.91,36.59,10.85,1595.38,86.91,220.59,28.85
51,Male,67.1,1.7,Weight Loss,Hausa_Koko_(millet_porridge)_with_Koose,355.0,11.0,44.0,5.0,Jollof_Rice_with_Chicken,619.2,39.43,64.97,13.31,Angwamu_(Oil_Rice)_with_Hot_Pepper_and_Egg,642.0,28.0,55.0,14.0,Atsoomo_(Chin-Chin),307.38,5.91,36.59,10.85,1923.58,84.34,200.56,43.16
72,Male,62.7,1.69,Weight Loss,Tea/Milo/Coffee_with_bread,245.0,5.0,32.0,4.0,Boiled_Plantain/Yam_and_Garden_egg_stew,443.0,18.0,60.0,5.0,Banku_with_Okra_Soup,535.0,37.0,69.0,8.0,Atsoomo_(Chin-Chin),307.38,5.91,36.59,10.85,1530.38,65.91,197.59,27.85
25,Male,68.9,1.74,Weight Loss,Koko_with_Bofroat_(corn_dough_porridge_with_buffloaf),449.0,9.0,54.0,8.0,Angwamu_(Oil_Rice)_with_Hot_Pepper_and_Egg,587.0,27.0,46.0,17.0,Boiled_Plantain/Yam_and_Garden_egg_stew,484.0,24.0,59.0,7.0,Atsoomo_(Chin-Chin),307.38,5.91,36.59,10.85,1827.38,65.91,195.59,42.85
64,Male,73.3,1.72,Muscle Gain,Oatmeal,336.42,9.46,47.78,5.3,Jollof_Rice_with_Chicken,619.2,39.43,64.97,13.31,Angwamu_(Oil_Rice)_with_Hot_Pepper_and_Egg,508.0,31.0,67.0,17.0,Atsoomo_(Chin-Chin),347.0,3.0,38.0,17.0,1810.62,82.89,217.75,52.61
78,Female,56.4,1.56,Weight Loss,Tom_Brown_and_bread,357.0,10.0,48.0,4.0,Plain_Rice_with_Chicken,616.0,46.0,63.0,13.0,Angwamu_(Oil_Rice)_with_Hot_Pepper_and_Egg,615.79,38.98,64.77,13.31,Atsoomo_(Chin-Chin),307.38,5.91,36.59,10.85,1896.17,100.89,212.36,41.16
37,Female,56.5,1.61,Weight Loss,Hausa_Koko_(millet_porridge)_with_Koose,380.0,12.0,35.0,5.0,Red-Red_(Beans_and_Plantain_with_red_oil),574.0,31.0,43.0,12.0,Angwamu_(Oil_Rice)_with_Hot_Pepper_and_Egg,545.0,26.0,52.0,15.0,Atsoomo_(Chin-Chin),307.38,5.91,36.59,10.85,1806.38,74.91,166.59,42.85
73,Male,76.3,1.64,Muscle Gain,Tea/Milo/Coffee_with_bread,280.0,6.0,37.0,6.0,Angwamu_(Oil_Rice)_with_Hot_Pepper_and_Egg,619.0,28.0,53.0,19.0,Jollof_Rice_with_Chicken,708.0,52.0,80.0,16.0,Atsoomo_(Chin-Chin),307.38,5.91,36.59,10.85,1914.38,91.91,206.59,51.85
25,Male,65.9,1.7,Weight Loss,Rice_water_and_bread,316.0,7.0,52.0,4.0,Jollof_Rice_with_Chicken,845.0,47.0,70.0,13.0,Banku_and_Tilapia_with_Hot_Pepper,720.0,40.0,63.0,9.0,Agbelikaklo_with_Coconut,349.0,5.0,42.0,6.0,2230.0,99.0,227.0,32.0
14,Female,47.4,1.17,Muscle Gain,Rice_water_and_bread,254.0,9.0,54.0,4.0,Tuo_Zaafi_with_Meat_Stew,627.0,45.0,66.0,15.0,Banku_with_Okra_Soup,541.0,48.0,72.0,11.0,Nkatie_Cake_(Groundnut_Cake),246.0,10.0,27.0,18.0,1668.0,112.0,219.0,48.0
49,Male,64.8,1.72,Weight Loss,Rice_water_and_bread,363.0,7.0,51.0,4.0,Tuo_Zaafi_with_Meat_Stew,695.0,31.0,70.0,10.0,Banku_with_Okra_Soup,632.0,30.0,74.0,8.0,Atsoomo_(Chin-Chin),307.38,5.91,36.59,10.85,1997.38,73.91,231.59,32.85
7,Female,40.6,1.0,Muscle Gain,Oatmeal,336.42,9.46,47.78,5.3,Fufu_with_Light_Soup_with_Goat_Meat,509.0,44.0,70.0,16.0,Jollof_Rice_with_Chicken,524.0,62.0,95.0,17.0,Atsoomo_(Chin-Chin),307.38,5.91,36.59,10.85,1676.8,121.37,249.37,49.15
58,Male,82.6,1.67,Muscle Gain,Tea/Milo/Coffee_with_bread,364.0,7.0,40.0,8.0,Angwamu_(Oil_Rice)_with_Hot_Pepper_and_Egg,759.0,34.0,67.0,23.0,Angwamu_(Oil_Rice)_with_Hot_Pepper_and_Egg,615.79,38.98,64.77,13.31,Nkatie_Cake_(Groundnut_Cake),431.0,10.0,23.0,17.0,2169.79,89.98,194.77,61.31
47,Female,67.0,1.64,Weight Loss,Oatmeal,336.42,9.46,47.78,5.3,Jollof_Rice_with_Chicken,619.2,39.43,64.97,13.31,Tuo_Zaafi_with_Meat_Stew,588.0,35.0,59.0,9.0,Atsoomo_(Chin-Chin),307.38,5.91,36.59,10.85,1851.0,89.8,208.34,38.46
40,Female,69.9,1.65,Muscle Gain,Oatmeal,336.42,9.46,47.78,5.3,Waakye_and_Fish_with_egg,680.0,57.0,75.0,13.0,Angwamu_(Oil_Rice)_with_Hot_Pepper_and_Egg,694.0,27.0,53.0,19.0,Atsoomo_(Chin-Chin),307.38,5.91,36.59,10.85,2017.8,99.37,212.37,48.15
9,Male,52.2,1.14,Muscle Gain,Oatmeal,336.42,9.46,47.78,5.3,Banku_with_Okra_Soup,656.0,46.0,71.0,10.0,Plain_Rice_with_Chicken,544.0,74.0,75.0,19.0,Roasted/Boiled_Maize_with_Coconut,247.0,8.0,38.0,8.0,1783.42,137.46,231.78,42.3
28,Male,83.8,1.68,Muscle Gain,Oatmeal,336.42,9.46,47.78,5.3,Angwamu_(Oil_Rice)_with_Hot_Pepper_and_Egg,759.0,33.0,62.0,20.0,Plain_Rice_with_Chicken,852.0,50.0,66.0,15.0,Roasted/Boiled_Maize_with_Coconut,319.0,7.0,44.0,7.0,2266.42,99.46,219.78,47.3
35,Male,62.3,1.62,Weight Loss,White_porridge_and_bread,381.0,6.0,48.0,4.0,Jollof_Rice_with_Chicken,619.2,39.43,64.97,13.31,Tuo_Zaafi_with_Meat_Stew,671.0,29.0,72.0,10.0,Atsoomo_(Chin-Chin),307.38,5.91,36.59,10.85,1978.58,80.34,221.56,38.16
78,Male,59.2,1.63,Weight Loss,Koko_with_Bofroat_(corn_dough_porridge_with_buffloaf),427.0,11.0,57.0,7.0,Banku_with_Okra_Soup,519.0,29.0,69.0,8.0,Angwamu_(Oil_Rice)_with_Hot_Pepper_and_Egg,615.79,38.98,64.77,13.31,Atsoomo_(Chin-Chin),307.38,5.91,36.59,10.85,1869.17,84.89,227.36,39.16
24,Male,72.9,1.75,Muscle Gain,White_porridge_and_bread,350.0,8.0,58.0,5.0,Banku_and_Tilapia_with_Hot_Pepper,632.0,45.0,57.0,13.0,Banku_with_Okra_Soup,671.0,36.0,86.0,13.0,Nkatie_Cake_(Groundnut_Cake),416.0,10.0,28.0,18.0,2069.0,99.0,229.0,49.0
21,Female,72.4,1.51,Muscle Gain,Rice_water_and_bread,364.0,8.0,56.0,4.0,Banku_and_Tilapia_with_Hot_Pepper,600.0,46.0,57.0,16.0,Banku_with_Okra_Soup,601.0,32.0,82.0,11.0,Atsoomo_(Chin-Chin),307.38,5.91,36.59,10.85,1872.38,91.91,231.59,41.85
48,Male,77.0,1.74,Muscle Gain,Hausa_Koko_(millet_porridge)_with_Koose,431.0,13.0,42.0,8.0,Jollof_Rice_with_Chicken,619.2,39.43,64.97,13.31,Jollof_Rice_with_Chicken,896.0,48.0,85.0,21.0,Atsoomo_(Chin-Chin),307.38,5.91,36.59,10.85,2253.58,106.34,228.56,53.16
51,Female,80.0,1.61,Muscle Gain,Rice_water_and_bread,343.0,7.0,54.0,5.0,Banku_with_Okra_Soup,715.0,31.0,78.0,12.0,Boiled_Plantain/Yam_and_Garden_egg_stew,462.0,22.0,68.0,8.0,Plantain_Chips,349.0,3.0,38.0,13.0,1869.0,63.0,238.0,38.0
52,Male,78.6,1.66,Muscle Gain,Hausa_Koko_(millet_porridge)_with_Koose,404.0,16.0,41.0,8.0,Boiled_Plantain/Yam_and_Garden_egg_stew,649.0,26.0,57.0,10.0,Angwamu_(Oil_Rice)_with_Hot_Pepper_and_Egg,632.0,34.0,62.0,19.0,Nkatie_Cake_(Groundnut_Cake),390.0,10.0,21.0,20.0,2075.0,86.0,181.0,57.0
38,Male,64.3,1.61,Weight Loss,Oatmeal,302.0,8.0,42.0,4.0,Angwamu_(Oil_Rice)_with_Hot_Pepper_and_Egg,565.0,27.0,48.0,16.0,Boiled_Plantain/Yam_and_Garden_egg_stew,575.0,18.0,56.0,8.0,Plantain_Chips,299.0,3.0,36.0,8.0,1741.0,56.0,182.0,36.0
31,Female,75.2,1.67,Muscle Gain,White_porridge_and_bread,346.0,8.0,59.0,6.0,Plain_Rice_with_Chicken,744.0,49.0,64.0,18.0,Angwamu_(Oil_Rice)_with_Hot_Pepper_and_Egg,615.79,38.98,64.77,13.31,Plantain_Chips,313.0,3.0,48.0,13.0,2018.79,98.98,235.77,50.31
57,Male,64.3,1.66,Weight Loss,Tom_Brown_and_bread,327.0,9.0,49.0,4.0,Fufu_with_Light_Soup_with_Goat_Meat,717.0,31.0,63.0,10.0,Boiled_Plantain/Yam_and_Garden_egg_stew,542.0,20.0,63.0,7.0,Nkatie_Cake_(Groundnut_Cake),380.0,12.0,18.0,15.0,1966.0,72.0,193.0,36.0
5,Female,38.1,1.0,Muscle Gain,Rice_water_and_bread,264.0,9.0,56.0,4.0,Jollof_Rice_with_Chicken,628.0,50.0,72.0,21.0,Banku_and_Tilapia_with_Hot_Pepper,453.0,46.0,55.0,15.0,Atsoomo_(Chin-Chin),307.38,5.91,36.59,10.85,1652.38,110.91,219.59,50.85
39,Male,83.6,1.7,Muscle Gain,Tom_Brown_and_bread,385.0,9.0,63.0,6.0,Red-Red_(Beans_and_Plantain_with_red_oil),665.0,37.0,63.0,17.0,Kenkey_and_Fried_Fish_with_Hot_Pepper,722.0,50.0,56.0,22.0,Atsoomo_(Chin-Chin),307.38,5.91,36.59,10.85,2079.38,101.91,218.59,55.85
47,Male,75.4,1.79,Muscle Gain,Koko_with_Bofroat_(corn_dough_porridge_with_buffloaf),441.0,13.0,58.0,9.0,Jollof_Rice_with_Chicken,863.0,49.0,88.0,21.0,Waakye_and_Fish_with_egg,655.0,60.0,70.0,10.0,Atsoomo_(Chin-Chin),307.38,5.91,36.59,10.85,2266.38,127.91,252.59,50.85
50,Male,85.5,1.62,Muscle Gain,Hausa_Koko_(millet_porridge)_with_Koose,365.0,13.0,46.0,9.0,Plain_Rice_with_Chicken,891.0,67.0,71.0,15.0,Banku_and_Tilapia_with_Hot_Pepper,671.0,52.0,63.0,15.0,Plantain_Chips,308.0,3.0,38.0,13.0,2235.0,135.0,218.0,52.0
43,Female,63.7,1.64,Weight Loss,Tea/Milo/Coffee_with_bread,285.0,5.0,36.0,5.0,Red-Red_(Beans_and_Plantain_with_red_oil),515.0,27.0,55.0,12.0,Fufu_with_Light_Soup_with_Goat_Meat,609.0,39.0,67.0,12.0,Atsoomo_(Chin-Chin),307.38,5.91,36.59,10.85,1716.38,76.91,194.59,39.85
51,Male,79.9,1.74,Muscle Gain,White_porridge_and_bread,380.0,8.0,49.0,6.0,Kenkey_and_Fried_Fish_with_Hot_Pepper,768.0,39.0,68.0,18.0,Red-Red_(Beans_and_Plantain_with_red_oil),522.0,36.0,51.0,18.0,Atsoomo_(Chin-Chin),307.38,5.91,36.59,10.85,1977.38,88.91,204.59,52.85
44,Male,61.7,1.69,Weight Loss,Oatmeal,336.42,9.46,47.78,5.3,Red-Red_(Beans_and_Plantain_with_red_oil),474.0,28.0,51.0,12.0,Angwamu_(Oil_Rice)_with_Hot_Pepper_and_Egg,615.79,38.98,64.77,13.31,Atsoomo_(Chin-Chin),307.38,5.91,36.59,10.85,1733.59,82.35,200.14,41.46
70,Female,66.5,1.57,Muscle Gain,Tea/Milo/Coffee_with_bread,237.0,6.0,43.0,6.0,Waakye_and_Fish_with_egg,687.0,43.0,64.0,9.0,Banku_with_Okra_Soup,633.0,39.0,68.0,11.0,Atsoomo_(Chin-Chin),307.38,5.91,36.59,10.85,1864.38,93.91,211.59,36.85
19,Male,63.1,1.68,Weight Loss,Oatmeal,336.42,9.46,47.78,5.3,Banku_with_Okra_Soup,667.0,36.0,72.0,8.0,Jollof_Rice_with_Chicken,799.0,47.0,71.0,16.0,Atsoomo_(Chin-Chin),307.38,5.91,36.59,10.85,2109.8,98.37,227.37,40.15
6,Female,40.8,1.0,Muscle Gain,White_porridge_and_bread,286.0,8.0,58.0,5.0,Tuo_Zaafi_with_Meat_Stew,554.0,39.0,77.0,12.0,Kenkey_and_Fried_Fish_with_Hot_Pepper,499.0,51.0,56.0,20.0,Atsoomo_(Chin-Chin),273.0,3.0,33.0,17.0,1612.0,101.0,224.0,54.0
29,Male,77.3,1.63,Muscle Gain,Hausa_Koko_(millet_porridge)_with_Koose,445.0,15.0,46.0,8.0,Tuo_Zaafi_with_Meat_Stew,811.0,37.0,82.0,16.0,Angwamu_(Oil_Rice)_with_Hot_Pepper_and_Egg,636.0,36.0,63.0,23.0,Atsoomo_(Chin-Chin),307.38,5.91,36.59,10.85,2199.38,93.91,227.59,57.85
75,Female,55.2,1.58,Weight Loss,Koko_with_Bofroat_(corn_dough_porridge_with_buffloaf),316.0,9.0,52.0,6.0,Tuo_Zaafi_with_Meat_Stew,524.0,35.0,63.0,8.0,Fufu_with_Light_Soup_with_Goat_Meat,596.0,32.0,70.0,10.0,Atsoomo_(Chin-Chin),307.38,5.91,36.59,10.85,1743.38,81.91,221.59,34.85
9,Male,42.9,1.12,Weight Loss,Koko_with_Bofroat_(corn_dough_porridge_with_buffloaf),382.0,11.0,45.0,8.0,Boiled_Plantain/Yam_and_Garden_egg_stew,389.0,24.0,53.0,8.0,Banku_and_Tilapia_with_Hot_Pepper,510.0,49.0,52.0,10.0,Atsoomo_(Chin-Chin),307.38,5.91,36.59,10.85,1588.38,89.91,186.59,36.85
50,Female,58.3,1.66,Weight Loss,Hausa_Koko_(millet_porridge)_with_Koose,378.0,13.0,43.0,5.0,Jollof_Rice_with_Chicken,719.0,34.0,84.0,14.0,Tuo_Zaafi_with_Meat_Stew,619.0,34.0,67.0,12.0,Atsoomo_(Chin-Chin),307.38,5.91,36.59,10.85,2023.38,86.91,230.59,41.85
26,Male,58.8,1.63,Weight Loss,Tom_Brown_and_bread,426.0,9.0,53.0,4.0,Tuo_Zaafi_with_Meat_Stew,741.0,33.0,59.0,9.0,Angwamu_(Oil_Rice)_with_Hot_Pepper_and_Egg,564.0,26.0,54.0,18.0,Atsoomo_(Chin-Chin),387.0,3.0,31.0,15.0,2118.0,71.0,197.0,46.0
11,Male,46.6,1.24,Weight Loss,White_porridge_and_bread,242.0,8.0,42.0,4.0,Jollof_Rice_with_Chicken,619.2,39.43,64.97,13.31,Kenkey_and_Fried_Fish_with_Hot_Pepper,495.0,39.0,46.0,13.0,Atsoomo_(Chin-Chin),349.0,4.0,31.0,15.0,1705.2,90.43,183.97,45.31
7,Female,40.1,1.0,Muscle Gain,Koko_with_Bofroat_(corn_dough_porridge_with_buffloaf),360.0,15.0,62.0,10.0,Tuo_Zaafi_with_Meat_Stew,578.0,48.0,75.0,13.0,Boiled_Plantain/Yam_and_Garden_egg_stew,426.0,25.0,74.0,8.0,Atsoomo_(Chin-Chin),307.38,5.91,36.59,10.85,1671.38,93.91,247.59,41.85
61,Male,74.8,1.72,Muscle Gain,Tom_Brown_and_bread,407.0,9.0,60.0,5.0,Waakye_and_Fish_with_egg,733.0,49.0,66.0,8.0,Plain_Rice_with_Chicken,739.0,66.0,65.0,14.0,Atsoomo_(Chin-Chin),307.38,5.91,36.59,10.85,2186.38,129.91,227.59,37.85
50,Female,59.2,1.58,Weight Loss,Koko_with_Bofroat_(corn_dough_porridge_with_buffloaf),446.0,9.0,48.0,7.0,Plain_Rice_with_Chicken,669.0,44.0,71.0,14.0,Jollof_Rice_with_Chicken,641.0,36.0,70.0,16.0,Atsoomo_(Chin-Chin),307.38,5.91,36.59,10.85,2063.38,94.91,225.59,47.85
12,Female,42.8,1.19,Weight Loss,White_porridge_and_bread,232.0,7.0,50.0,4.0,Plain_Rice_with_Chicken,544.0,54.0,69.0,12.0,Banku_and_Tilapia_with_Hot_Pepper,526.0,46.0,53.0,12.0,Atsoomo_(Chin-Chin),307.38,5.91,36.59,10.85,1609.38,112.91,208.59,38.85
28,Female,61.3,1.54,Weight Loss,Rice_water_and_bread,256.0,9.0,53.0,4.0,Waakye_and_Fish_with_egg,592.0,37.0,56.0,8.0,Angwamu_(Oil_Rice)_with_Hot_Pepper_and_Egg,587.0,22.0,50.0,19.0,Atsoomo_(Chin-Chin),307.38,5.91,36.59,10.85,1742.38,73.91,195.59,41.85
7,Male,33.6,1.04,Weight Loss,Tom_Brown_and_bread,349.0,11.0,48.0,4.0,Red-Red_(Beans_and_Plantain_with_red_oil),497.0,35.0,53.0,13.0,Banku_and_Tilapia_with_Hot_Pepper,502.0,55.0,54.0,12.0,Atsoomo_(Chin-Chin),307.38,5.91,36.59,10.85,1655.38,106.91,191.59,39.85
75,Male,75.0,1.68,Muscle Gain,Oatmeal,270.0,13.0,51.0,3.0,Plain_Rice_with_Chicken,656.0,56.0,78.0,12.0,Fufu_with_Light_Soup_with_Goat_Meat,778.0,46.0,81.0,13.0,Atsoomo_(Chin-Chin),307.38,5.91,36.59,10.85,2011.38,120.91,246.59,38.85
15,Female,51.0,1.24,Muscle Gain,Koko_with_Bofroat_(corn_dough_porridge_with_buffloaf),360.0,10.0,53.0,9.0,Jollof_Rice_with_Chicken,650.0,61.0,84.0,22.0,Red-Red_(Beans_and_Plantain_with_red_oil),418.0,37.0,57.0,19.0,Atsoomo_(Chin-Chin),307.38,5.91,36.59,10.85,1735.38,113.91,230.59,60.85
77,Female,52.5,1.54,Weight Loss,Tom_Brown_and_bread,275.0,8.0,46.0,3.0,Angwamu_(Oil_Rice)_with_Hot_Pepper_and_Egg,507.0,22.0,45.0,16.0,Boiled_Plantain/Yam_and_Garden_egg_stew,414.0,20.0,56.0,7.0,Plantain_Chips,257.0,3.0,36.0,8.0,1453.0,53.0,183.0,34.0
85,Male,58.2,1.6,Weight Loss,White_porridge_and_bread,305.0,6.0,55.0,4.0,Banku_with_Okra_Soup,613.0,31.0,65.0,7.0,Banku_and_Tilapia_with_Hot_Pepper,629.0,39.0,61.0,9.0,Agbelikaklo_with_Coconut,312.0,4.0,47.0,5.0,1859.0,80.0,228.0,25.0
57,Female,73.5,1.57,Muscle Gain,Tea/Milo/Coffee_with_bread,279.0,6.0,37.0,8.0,Fufu_with_Light_Soup_with_Goat_Meat,617.0,45.0,80.0,14.0,Tuo_Zaafi_with_Meat_Stew,683.0,34.0,64.0,14.0,Atsoomo_(Chin-Chin),307.38,5.91,36.59,10.85,1886.38,90.91,217.59,46.85
9,Male,43.3,1.16,Weight Loss,Tom_Brown_and_bread,281.0,11.0,48.0,4.0,Jollof_Rice_with_Chicken,669.0,59.0,72.0,13.0,Kenkey_and_Fried_Fish_with_Hot_Pepper,476.0,46.0,46.0,17.0,Atsoomo_(Chin-Chin),307.38,5.91,36.59,10.85,1733.38,121.91,202.59,44.85
49,Male,83.4,1.68,Muscle Gain,Oatmeal,331.0,9.0,38.0,5.0,Plain_Rice_with_Chicken,799.0,50.0,60.0,17.0,Tuo_Zaafi_with_Meat_Stew,690.0,39.0,79.0,13.0,Atsoomo_(Chin-Chin),307.38,5.91,36.59,10.85,2127.38,103.91,213.59,45.85
24,Male,63.9,1.7,Weight Loss,Koko_with_Bofroat_(corn_dough_porridge_with_buffloaf),468.0,8.0,46.0,8.0,Banku_with_Okra_Soup,572.0,31.0,73.0,10.0,Tuo_Zaafi_with_Meat_Stew,690.0,31.0,62.0,11.0,Atsoomo_(Chin-Chin),307.38,5.91,36.59,10.85,2037.38,75.91,217.59,39.85
42,Female,53.3,1.64,Weight Loss,Tea/Milo/Coffee_with_bread,277.0,6.0,32.0,6.0,Banku_and_Tilapia_with_Hot_Pepper,604.0,33.0,49.0,12.0,Angwamu_(Oil_Rice)_with_Hot_Pepper_and_Egg,617.0,23.0,45.0,15.0,Agbelikaklo_with_Coconut,305.0,5.0,41.0,6.0,1803.0,67.0,167.0,39.0
82,Female,68.8,1.54,Muscle Gain,Oatmeal,336.42,9.46,47.78,5.3,Kenkey_and_Fried_Fish_with_Hot_Pepper,482.0,43.0,67.0,14.0,Tuo_Zaafi_with_Meat_Stew,633.0,32.0,70.0,11.0,Atsoomo_(Chin-Chin),307.38,5.91,36.59,10.85,1758.8,90.37,221.37,41.15
32,Male,63.2,1.7,Weight Loss,Oatmeal,267.0,11.0,37.0,3.0,Banku_and_Tilapia_with_Hot_Pepper,688.0,35.0,59.0,12.0,Kenkey_and_Fried_Fish_with_Hot_Pepper,651.0,34.0,45.0,16.0,Kofi_Brokeman_(Roasted_Plantain_with_Groundnut),284.0,6.0,37.0,8.0,1890.0,86.0,178.0,39.0
53,Female,69.0,1.66,Muscle Gain,Oatmeal,290.0,10.0,46.0,5.0,Jollof_Rice_with_Chicken,829.0,51.0,97.0,19.0,Red-Red_(Beans_and_Plantain_with_red_oil),559.0,30.0,58.0,20.0,Nkatie_Cake_(Groundnut_Cake),382.0,10.0,27.0,18.0,2060.0,101.0,228.0,62.0
54,Male,64.5,1.72,Weight Loss,Oatmeal,336.42,9.46,47.78,5.3,Waakye_and_Fish_with_egg,765.0,44.0,63.0,9.0,Angwamu_(Oil_Rice)_with_Hot_Pepper_and_Egg,587.0,30.0,51.0,17.0,Atsoomo_(Chin-Chin),307.38,5.91,36.59,10.85,1995.8,89.37,198.37,42.15
11,Male,58.1,1.22,Muscle Gain,Koko_with_Bofroat_(corn_dough_porridge_with_buffloaf),370.0,15.0,58.0,11.0,Banku_with_Okra_Soup,578.0,43.0,78.0,10.0,Boiled_Plantain/Yam_and_Garden_egg_stew,459.0,28.0,55.0,11.0,Agbelikaklo_with_Coconut,246.0,7.0,54.0,10.0,1653.0,93.0,245.0,42.0
55,Male,75.4,1.73,Muscle Gain,Oatmeal,366.0,10.0,39.0,4.0,Fufu_with_Light_Soup_with_Goat_Meat,811.0,46.0,82.0,13.0,Banku_and_Tilapia_with_Hot_Pepper,702.0,56.0,71.0,15.0,Atsoomo_(Chin-Chin),307.38,5.91,36.59,10.85,2186.38,117.91,228.59,42.85
67,Female,68.8,1.58,Muscle Gain,Koko_with_Bofroat_(corn_dough_porridge_with_buffloaf),367.0,10.0,61.0,8.0,Waakye_and_Fish_with_egg,563.0,52.0,72.0,10.0,Plain_Rice_with_Chicken,555.0,55.0,74.0,13.0,Plantain_Chips,247.0,3.0,48.0,9.0,1732.0,120.0,255.0,40.0
42,Female,79.5,1.54,Muscle Gain,Koko_with_Bofroat_(corn_dough_porridge_with_buffloaf),433.0,10.0,55.0,8.0,Jollof_Rice_with_Chicken,619.2,39.43,64.97,13.31,Boiled_Plantain/Yam_and_Garden_egg_stew,537.0,24.0,70.0,8.0,Plantain_Chips,337.0,3.0,49.0,12.0,1926.2,76.43,238.97,41.31
69,Female,70.3,1.55,Muscle Gain,Oatmeal,277.0,10.0,49.0,4.0,Jollof_Rice_with_Chicken,627.0,46.0,86.0,16.0,Red-Red_(Beans_and_Plantain_with_red_oil),504.0,36.0,55.0,13.0,Nkatie_Cake_(Groundnut_Cake),325.0,12.0,23.0,12.0,1733.0,104.0,213.0,45.0
32,Female,68.8,1.63,Muscle Gain,Tea/Milo/Coffee_with_bread,325.0,7.0,38.0,7.0,Fufu_with_Light_Soup_with_Goat_Meat,768.0,45.0,74.0,17.0,Jollof_Rice_with_Chicken,874.0,50.0,85.0,19.0,Atsoomo_(Chin-Chin),307.38,5.91,36.59,10.85,2274.38,107.91,233.59,53.85
40,Female,68.9,1.63,Muscle Gain,Oatmeal,314.0,12.0,43.0,4.0,Banku_and_Tilapia_with_Hot_Pepper,636.0,39.0,61.0,15.0,Red-Red_(Beans_and_Plantain_with_red_oil),497.0,30.0,48.0,16.0,Atsoomo_(Chin-Chin),307.38,5.91,36.59,10.85,1754.38,86.91,188.59,45.85
48,Male,82.3,1.67,Muscle Gain,Koko_with_Bofroat_(corn_dough_porridge_with_buffloaf),460.0,14.0,62.0,11.0,Angwamu_(Oil_Rice)_with_Hot_Pepper_and_Egg,748.0,28.0,64.0,19.0,Tuo_Zaafi_with_Meat_Stew,745.0,36.0,65.0,15.0,Atsoomo_(Chin-Chin),307.38,5.91,36.59,10.85,2260.38,83.91,227.59,55.85
21,Female,72.3,1.59,Muscle Gain,White_porridge_and_bread,376.0,8.0,48.0,5.0,Tuo_Zaafi_with_Meat_Stew,599.0,39.0,67.0,13.0,Red-Red_(Beans_and_Plantain_with_red_oil),552.0,32.0,53.0,17.0,Atsoomo_(Chin-Chin),307.38,5.91,36.59,10.85,1834.38,84.91,204.59,45.85
10,Male,53.0,1.17,Muscle Gain,White_porridge_and_bread,299.0,7.0,48.0,6.0,Banku_with_Okra_Soup,619.0,49.0,71.0,11.0,Tuo_Zaafi_with_Meat_Stew,551.0,42.0,80.0,13.0,Atsoomo_(Chin-Chin),307.38,5.91,36.59,10.85,1776.38,103.91,235.59,40.85
58,Male,69.2,1.66,Muscle Gain,Tom_Brown_and_bread,459.0,9.0,64.0,6.0,Kenkey_and_Fried_Fish_with_Hot_Pepper,720.0,40.0,59.0,22.0,Angwamu_(Oil_Rice)_with_Hot_Pepper_and_Egg,740.0,30.0,56.0,23.0,Agbelikaklo_with_Coconut,357.0,6.0,42.0,9.0,2276.0,85.0,221.0,60.0
37,Male,69.2,1.73,Weight Loss,Koko_with_Bofroat_(corn_dough_porridge_with_buffloaf),474.0,9.0,52.0,7.0,Banku_and_Tilapia_with_Hot_Pepper,680.0,39.0,56.0,10.0,Banku_with_Okra_Soup,636.0,29.0,66.0,10.0,Kofi_Brokeman_(Roasted_Plantain_with_Groundnut),259.0,7.0,38.0,8.0,2049.0,84.0,212.0,35.0
66,Male,59.2,1.7,Weight Loss,Rice_water_and_bread,323.0,7.0,48.0,3.0,Banku_with_Okra_Soup,606.0,28.0,63.0,7.0,Angwamu_(Oil_Rice)_with_Hot_Pepper_and_Egg,478.0,23.0,51.0,13.0,Atsoomo_(Chin-Chin),307.38,5.91,36.59,10.85,1714.38,63.91,198.59,33.85
42,Female,65.4,1.59,Muscle Gain,Rice_water_and_bread,344.0,9.0,62.0,4.0,Fufu_with_Light_Soup_with_Goat_Meat,657.0,45.0,79.0,14.0,Red-Red_(Beans_and_Plantain_with_red_oil),469.0,36.0,56.0,16.0,Atsoomo_(Chin-Chin),307.38,5.91,36.59,10.85,1777.38,95.91,233.59,44.85
52,Female,58.6,1.63,Weight Loss,Rice_water_and_bread,319.0,8.0,46.0,4.0,Banku_and_Tilapia_with_Hot_Pepper,651.0,35.0,65.0,12.0,Jollof_Rice_with_Chicken,735.0,36.0,82.0,14.0,Roasted/Boiled_Maize_with_Coconut,224.0,6.0,32.0,5.0,1929.0,85.0,225.0,35.0
47,Female,66.6,1.65,Weight Loss,Tom_Brown_and_bread,396.0,8.0,56.0,4.0,Banku_with_Okra_Soup,515.0,33.0,59.0,8.0,Kenkey_and_Fried_Fish_with_Hot_Pepper,580.0,32.0,46.0,13.0,Plantain_Chips,268.0,3.0,40.0,10.0,1759.0,76.0,201.0,35.0
21,Female,58.9,1.56,Weight Loss,Tea/Milo/Coffee_with_bread,310.0,6.0,36.0,5.0,Banku_and_Tilapia_with_Hot_Pepper,590.0,33.0,53.0,11.0,Plain_Rice_with_Chicken,594.0,42.0,66.0,12.0,Atsoomo_(Chin-Chin),307.38,5.91,36.59,10.85,1801.38,86.91,191.59,38.85
26,Female,55.8,1.67,Weight Loss,Rice_water_and_bread,267.0,9.0,52.0,4.0,Jollof_Rice_with_Chicken,740.0,40.0,73.0,17.0,Kenkey_and_Fried_Fish_with_Hot_Pepper,590.0,35.0,47.0,13.0,Atsoomo_(Chin-Chin),307.38,5.91,36.59,10.85,1904.38,89.91,208.59,44.85
13,Male,51.4,1.2,Muscle Gain,Koko_with_Bofroat_(corn_dough_porridge_with_buffloaf),333.0,13.0,63.0,10.0,Waakye_and_Fish_with_egg,540.0,72.0,69.0,11.0,Banku_and_Tilapia_with_Hot_Pepper,478.0,50.0,61.0,13.0,Atsoomo_(Chin-Chin),307.38,5.91,36.59,10.85,1658.38,140.91,229.59,44.85
76,Female,66.6,1.54,Muscle Gain,White_porridge_and_bread,319.0,8.0,49.0,4.0,Jollof_Rice_with_Chicken,666.0,45.0,92.0,14.0,Banku_with_Okra_Soup,672.0,39.0,67.0,8.0,Atsoomo_(Chin-Chin),307.38,5.91,36.59,10.85,1964.38,97.91,244.59,36.85
24,Female,75.1,1.52,Muscle Gain,Koko_with_Bofroat_(corn_dough_porridge_with_buffloaf),382.0,10.0,56.0,11.0,Angwamu_(Oil_Rice)_with_Hot_Pepper_and_Egg,684.0,32.0,59.0,21.0,Kenkey_and_Fried_Fish_with_Hot_Pepper,536.0,37.0,64.0,19.0,Atsoomo_(Chin-Chin),307.38,5.91,36.59,10.85,1909.38,84.91,215.59,61.85
77,Female,67.9,1.57,Muscle Gain,White_porridge_and_bread,323.0,7.0,56.0,4.0,Waakye_and_Fish_with_egg,613.0,54.0,73.0,9.0,Angwamu_(Oil_Rice)_with_Hot_Pepper_and_Egg,615.79,38.98,64.77,13.31,Atsoomo_(Chin-Chin),307.38,5.91,36.59,10.85,1859.17,105.89,230.36,37.16
49,Female,75.3,1.55,Muscle Gain,Hausa_Koko_(millet_porridge)_with_Koose,402.0,12.0,48.0,8.0,Plain_Rice_with_Chicken,633.0,45.0,63.0,19.0,Angwamu_(Oil_Rice)_with_Hot_Pepper_and_Egg,615.79,38.98,64.77,13.31,Atsoomo_(Chin-Chin),307.38,5.91,36.59,10.85,1958.17,101.89,212.36,51.16
44,Female,67.8,1.65,Muscle Gain,White_porridge_and_bread,390.0,7.0,61.0,5.0,Banku_with_Okra_Soup,643.0,37.0,71.0,13.0,Kenkey_and_Fried_Fish_with_Hot_Pepper,627.0,39.0,55.0,20.0,Atsoomo_(Chin-Chin),307.38,5.91,36.59,10.85,1967.38,88.91,223.59,48.85
7,Female,38.5,1.0,Muscle Gain,Tom_Brown_and_bread,264.0,12.0,60.0,6.0,Red-Red_(Beans_and_Plantain_with_red_oil),504.0,38.0,60.0,17.0,Waakye_and_Fish_with_egg,497.0,64.0,70.0,12.0,Roasted/Boiled_Maize_with_Coconut,199.0,8.0,37.0,7.0,1464.0,122.0,227.0,42.0
6,Female,35.7,1.0,Muscle Gain,Rice_water_and_bread,271.0,10.0,54.0,4.0,Jollof_Rice_with_Chicken,523.0,48.0,78.0,20.0,Fufu_with_Light_Soup_with_Goat_Meat,487.0,55.0,89.0,13.0,Kofi_Brokeman_(Roasted_Plantain_with_Groundnut),268.0,8.0,40.0,10.0,1549.0,121.0,261.0,47.0
9,Female,48.2,1.06,Muscle Gain,Oatmeal,209.0,12.0,40.0,4.0,Jollof_Rice_with_Chicken,619.2,39.43,64.97,13.31,Jollof_Rice_with_Chicken,551.0,50.0,73.0,19.0,Atsoomo_(Chin-Chin),307.38,5.91,36.59,10.85,1686.58,107.34,214.56,47.16
57,Female,61.9,1.65,Weight Loss,Hausa_Koko_(millet_porridge)_with_Koose,333.0,12.0,35.0,4.0,Banku_and_Tilapia_with_Hot_Pepper,594.0,35.0,62.0,12.0,Red-Red_(Beans_and_Plantain_with_red_oil),513.0,29.0,46.0,15.0,Kofi_Brokeman_(Roasted_Plantain_with_Groundnut),301.0,8.0,36.0,7.0,1741.0,84.0,179.0,38.0
62,Female,58.1,1.6,Weight Loss,Koko_with_Bofroat_(corn_dough_porridge_with_buffloaf),350.0,11.0,55.0,6.0,Banku_and_Tilapia_with_Hot_Pepper,485.0,35.0,65.0,8.0,Boiled_Plantain/Yam_and_Garden_egg_stew,385.0,19.0,49.0,5.0,Plantain_Chips,283.0,3.0,44.0,7.0,1503.0,68.0,213.0,26.0
83,Female,64.0,1.52,Muscle Gain,Tom_Brown_and_bread,375.0,9.0,58.0,4.0,Red-Red_(Beans_and_Plantain_with_red_oil),504.0,37.0,51.0,17.0,Waakye_and_Fish_with_egg,551.0,56.0,75.0,8.0,Atsoomo_(Chin-Chin),307.38,5.91,36.59,10.85,1737.38,107.91,220.59,39.85
36,Female,65.2,1.61,Weight Loss,Koko_with_Bofroat_(corn_dough_porridge_with_buffloaf),406.0,8.0,56.0,7.0,Jollof_Rice_with_Chicken,769.0,44.0,83.0,17.0,Banku_and_Tilapia_with_Hot_Pepper,641.0,41.0,50.0,11.0,Atsoomo_(Chin-Chin),307.38,5.91,36.59,10.85,2123.38,98.91,225.59,45.85
32,Male,79.8,1.72,Muscle Gain,Rice_water_and_bread,322.0,7.0,57.0,5.0,Angwamu_(Oil_Rice)_with_Hot_Pepper_and_Egg,601.0,36.0,58.0,20.0,Banku_and_Tilapia_with_Hot_Pepper,746.0,44.0,64.0,13.0,Atsoomo_(Chin-Chin),307.38,5.91,36.59,10.85,1976.38,92.91,215.59,48.85
7,Male,38.1,1.02,Weight Loss,Hausa_Koko_(millet_porridge)_with_Koose,349.0,14.0,44.0,4.0,Angwamu_(Oil_Rice)_with_Hot_Pepper_and_Egg,492.0,27.0,48.0,20.0,Kenkey_and_Fried_Fish_with_Hot_Pepper,554.0,39.0,59.0,17.0,Agbelikaklo_with_Coconut,228.0,4.0,42.0,7.0,1623.0,84.0,193.0,48.0
66,Male,59.4,1.71,Weight Loss,Oatmeal,336.42,9.46,47.78,5.3,Tuo_Zaafi_with_Meat_Stew,531.0,35.0,73.0,8.0,Angwamu_(Oil_Rice)_with_Hot_Pepper_and_Egg,615.79,38.98,64.77,13.31,Atsoomo_(Chin-Chin),307.38,5.91,36.59,10.85,1790.59,89.35,222.14,37.46
64,Male,77.6,1.66,Muscle Gain,Rice_water_and_bread,369.0,9.0,49.0,4.0,Plain_Rice_with_Chicken,719.0,66.0,64.0,14.0,Kenkey_and_Fried_Fish_with_Hot_Pepper,592.0,44.0,61.0,15.0,Atsoomo_(Chin-Chin),307.38,5.91,36.59,10.85,1987.38,124.91,210.59,43.85
35,Male,67.2,1.67,Weight Loss,Tom_Brown_and_bread,409.0,8.0,52.0,4.0,Jollof_Rice_with_Chicken,619.2,39.43,64.97,13.31,Kenkey_and_Fried_Fish_with_Hot_Pepper,579.0,37.0,59.0,15.0,Atsoomo_(Chin-Chin),307.38,5.91,36.59,10.85,1914.58,90.34,212.56,43.16
62,Female,55.5,1.57,Weight Loss,Hausa_Koko_(millet_porridge)_with_Koose,312.0,10.0,40.0,4.0,Tuo_Zaafi_with_Meat_Stew,524.0,29.0,58.0,8.0,Boiled_Plantain/Yam_and_Garden_egg_stew,386.0,19.0,59.0,5.0,Atsoomo_(Chin-Chin),307.38,5.91,36.59,10.85,1529.38,63.91,193.59,27.85
46,Female,58.2,1.53,Weight Loss,White_porridge_and_bread,330.0,6.0,45.0,4.0,Jollof_Rice_with_Chicken,619.2,39.43,64.97,13.31,Fufu_with_Light_Soup_with_Goat_Meat,668.0,40.0,62.0,11.0,Agbelikaklo_with_Coconut,262.0,5.0,39.0,6.0,1879.2,90.43,210.97,34.31
52,Male,74.4,1.75,Muscle Gain,White_porridge_and_bread,357.0,6.0,47.0,5.0,Red-Red_(Beans_and_Plantain_with_red_oil),660.0,37.0,55.0,17.0,Waakye_and_Fish_with_egg,800.0,62.0,72.0,10.0,Nkatie_Cake_(Groundnut_Cake),437.0,10.0,24.0,19.0,2254.0,115.0,198.0,51.0
21,Female,74.4,1.57,Muscle Gain,Tea/Milo/Coffee_with_bread,338.0,7.0,36.0,7.0,Banku_and_Tilapia_with_Hot_Pepper,653.0,48.0,71.0,13.0,Angwamu_(Oil_Rice)_with_Hot_Pepper_and_Egg,579.0,31.0,68.0,19.0,Atsoomo_(Chin-Chin),307.38,5.91,36.59,10.85,1877.38,91.91,211.59,49.85
12,Male,58.9,1.28,Muscle Gain,Tom_Brown_and_bread,303.0,10.0,53.0,6.0,Banku_with_Okra_Soup,630.0,43.0,73.0,13.0,Fufu_with_Light_Soup_with_Goat_Meat,650.0,56.0,84.0,16.0,Atsoomo_(Chin-Chin),307.38,5.91,36.59,10.85,1890.38,114.91,246.59,45.85
58,Female,51.5,1.66,Weight Loss,Hausa_Koko_(millet_porridge)_with_Koose,361.0,12.0,45.0,6.0,Red-Red_(Beans_and_Plantain_with_red_oil),458.0,25.0,55.0,15.0,Plain_Rice_with_Chicken,555.0,43.0,55.0,16.0,Atsoomo_(Chin-Chin),307.38,5.91,36.59,10.85,1681.38,85.91,191.59,47.85
38,Male,61.9,1.76,Weight Loss,Oatmeal,298.0,11.0,36.0,4.0,Banku_with_Okra_Soup,720.0,31.0,61.0,9.0,Angwamu_(Oil_Rice)_with_Hot_Pepper_and_Egg,615.79,38.98,64.77,13.31,Atsoomo_(Chin-Chin),383.0,3.0,27.0,16.0,2016.79,83.98,188.77,42.31
41,Female,70.6,1.55,Muscle Gain,Tea/Milo/Coffee_with_bread,313.0,7.0,40.0,6.0,Banku_with_Okra_Soup,586.0,33.0,83.0,11.0,Angwamu_(Oil_Rice)_with_Hot_Pepper_and_Egg,695.0,26.0,56.0,22.0,Nkatie_Cake_(Groundnut_Cake),376.0,12.0,24.0,19.0,1970.0,78.0,203.0,58.0
28,Male,60.0,1.75,Weight Loss,Rice_water_and_bread,363.0,8.0,53.0,3.0,Tuo_Zaafi_with_Meat_Stew,706.0,36.0,71.0,10.0,Jollof_Rice_with_Chicken,694.0,49.0,87.0,17.0,Plantain_Chips,264.0,3.0,34.0,8.0,2027.0,96.0,245.0,38.0
60,Female,56.0,1.6,Weight Loss,Oatmeal,265.0,11.0,37.0,3.0,Angwamu_(Oil_Rice)_with_Hot_Pepper_and_Egg,503.0,26.0,55.0,16.0,Banku_and_Tilapia_with_Hot_Pepper,598.0,38.0,59.0,10.0,Atsoomo_(Chin-Chin),307.38,5.91,36.59,10.85,1673.38,80.91,187.59,39.85
56,Male,58.9,1.73,Weight Loss,Hausa_Koko_(millet_porridge)_with_Koose,390.0,11.0,34.0,4.0,Jollof_Rice_with_Chicken,856.0,39.0,65.0,16.0,Waakye_and_Fish_with_egg,771.0,46.0,68.0,10.0,Atsoomo_(Chin-Chin),385.0,4.0,27.0,14.0,2402.0,100.0,194.0,44.0
23,Male,79.6,1.77,Muscle Gain,Hausa_Koko_(millet_porridge)_with_Koose,467.0,14.0,38.0,7.0,Tuo_Zaafi_with_Meat_Stew,767.0,34.0,78.0,14.0,Angwamu_(Oil_Rice)_with_Hot_Pepper_and_Egg,760.0,31.0,53.0,24.0,Plantain_Chips,385.0,3.0,41.0,11.0,2379.0,82.0,210.0,56.0
14,Male,47.9,1.26,Muscle Gain,White_porridge_and_bread,288.0,9.0,60.0,5.0,Tuo_Zaafi_with_Meat_Stew,584.0,42.0,75.0,15.0,Plain_Rice_with_Chicken,646.0,70.0,63.0,15.0,Atsoomo_(Chin-Chin),307.38,5.91,36.59,10.85,1825.38,126.91,234.59,45.85
16,Female,40.6,1.24,Weight Loss,Rice_water_and_bread,240.0,8.0,47.0,4.0,Jollof_Rice_with_Chicken,548.0,45.0,83.0,13.0,Waakye_and_Fish_with_egg,560.0,51.0,63.0,8.0,Nkatie_Cake_(Groundnut_Cake),288.0,10.0,23.0,15.0,1636.0,114.0,216.0,40.0
46,Male,81.7,1.75,Muscle Gain,Hausa_Koko_(millet_porridge)_with_Koose,411.0,14.0,38.0,7.0,Waakye_and_Fish_with_egg,859.0,56.0,72.0,12.0,Jollof_Rice_with_Chicken,904.0,55.0,84.0,19.0,Atsoomo_(Chin-Chin),307.38,5.91,36.59,10.85,2481.38,130.91,230.59,48.85
51,Female,72.9,1.62,Muscle Gain,Tom_Brown_and_bread,368.0,12.0,59.0,6.0,Red-Red_(Beans_and_Plantain_with_red_oil),480.0,36.0,48.0,15.0,Banku_and_Tilapia_with_Hot_Pepper,613.0,38.0,56.0,15.0,Atsoomo_(Chin-Chin),307.38,5.91,36.59,10.85,1768.38,91.91,199.59,46.85
69,Male,63.0,1.64,Weight Loss,Tea/Milo/Coffee_with_bread,316.0,6.0,38.0,4.0,Kenkey_and_Fried_Fish_with_Hot_Pepper,617.0,40.0,47.0,13.0,Angwamu_(Oil_Rice)_with_Hot_Pepper_and_Egg,615.79,38.98,64.77,13.31,Atsoomo_(Chin-Chin),307.38,5.91,36.59,10.85,1856.17,90.89,186.36,41.16
6,Male,43.1,1.01,Muscle Gain,Rice_water_and_bread,326.0,8.0,59.0,5.0,Jollof_Rice_with_Chicken,619.2,39.43,64.97,13.31,Banku_with_Okra_Soup,563.0,46.0,67.0,13.0,Roasted/Boiled_Maize_with_Coconut,250.0,7.0,42.0,9.0,1758.2,100.43,232.97,40.31
19,Female,54.1,1.54,Weight Loss,Oatmeal,281.0,9.0,38.0,4.0,Plain_Rice_with_Chicken,745.0,38.0,65.0,15.0,Jollof_Rice_with_Chicken,731.0,36.0,86.0,13.0,Atsoomo_(Chin-Chin),307.38,5.91,36.59,10.85,2064.38,88.91,225.59,42.85
36,Male,79.7,1.69,Muscle Gain,Koko_with_Bofroat_(corn_dough_porridge_with_buffloaf),414.0,9.0,55.0,9.0,Kenkey_and_Fried_Fish_with_Hot_Pepper,620.0,42.0,59.0,20.0,Angwamu_(Oil_Rice)_with_Hot_Pepper_and_Egg,734.0,36.0,60.0,25.0,Plantain_Chips,299.0,3.0,45.0,12.0,2067.0,90.0,219.0,66.0
11,Male,47.6,1.27,Weight Loss,Oatmeal,336.42,9.46,47.78,5.3,Tuo_Zaafi_with_Meat_Stew,609.0,47.0,57.0,10.0,Angwamu_(Oil_Rice)_with_Hot_Pepper_and_Egg,520.0,34.0,59.0,19.0,Nkatie_Cake_(Groundnut_Cake),287.0,14.0,20.0,15.0,1752.42,104.46,183.78,49.3
39,Female,79.6,1.62,Muscle Gain,White_porridge_and_bread,342.0,8.0,60.0,5.0,Jollof_Rice_with_Chicken,851.0,52.0,87.0,21.0,Banku_with_Okra_Soup,695.0,33.0,83.0,10.0,Atsoomo_(Chin-Chin),307.38,5.91,36.59,10.85,2195.38,98.91,266.59,46.85
80,Female,56.4,1.51,Weight Loss,Tom_Brown_and_bread,329.0,10.0,45.0,3.0,Banku_with_Okra_Soup,554.0,31.0,67.0,8.0,Tuo_Zaafi_with_Meat_Stew,482.0,33.0,61.0,8.0,Atsoomo_(Chin-Chin),307.38,5.91,36.59,10.85,1672.38,79.91,209.59,29.85
44,Male,66.8,1.66,Weight Loss,Tea/Milo/Coffee_with_bread,316.0,6.0,39.0,6.0,Waakye_and_Fish_with_egg,738.0,48.0,69.0,10.0,Angwamu_(Oil_Rice)_with_Hot_Pepper_and_Egg,615.79,38.98,64.77,13.31,Nkatie_Cake_(Groundnut_Cake),379.0,9.0,23.0,15.0,2048.79,101.98,195.77,44.31
41,Male,81.0,1.64,Muscle Gain,Hausa_Koko_(millet_porridge)_with_Koose,441.0,13.0,50.0,8.0,Kenkey_and_Fried_Fish_with_Hot_Pepper,587.0,50.0,65.0,18.0,Boiled_Plantain/Yam_and_Garden_egg_stew,562.0,22.0,68.0,9.0,Atsoomo_(Chin-Chin),307.38,5.91,36.59,10.85,1897.38,90.91,219.59,45.85
24,Male,54.7,1.75,Weight Loss,Tea/Milo/Coffee_with_bread,302.0,5.0,38.0,6.0,Plain_Rice_with_Chicken,764.0,41.0,63.0,12.0,Red-Red_(Beans_and_Plantain_with_red_oil),613.0,28.0,42.0,12.0,Atsoomo_(Chin-Chin),307.38,5.91,36.59,10.85,1986.38,79.91,179.59,40.85
52,Male,68.3,1.66,Weight Loss,Tom_Brown_and_bread,348.0,11.0,55.0,4.0,Waakye_and_Fish_with_egg,665.0,47.0,56.0,8.0,Banku_and_Tilapia_with_Hot_Pepper,720.0,35.0,53.0,12.0,Atsoomo_(Chin-Chin),307.38,5.91,36.59,10.85,2040.38,98.91,200.59,34.85
78,Male,59.4,1.62,Weight Loss,Koko_with_Bofroat_(corn_dough_porridge_with_buffloaf),346.0,9.0,53.0,6.0,Banku_and_Tilapia_with_Hot_Pepper,594.0,38.0,57.0,9.0,Angwamu_(Oil_Rice)_with_Hot_Pepper_and_Egg,500.0,25.0,54.0,14.0,Atsoomo_(Chin-Chin),370.0,3.0,29.0,12.0,1810.0,75.0,193.0,41.0
54,Female,71.0,1.58,Muscle Gain,Oatmeal,336.42,9.46,47.78,5.3,Angwamu_(Oil_Rice)_with_Hot_Pepper_and_Egg,691.0,25.0,63.0,19.0,Banku_and_Tilapia_with_Hot_Pepper,656.0,44.0,59.0,15.0,Atsoomo_(Chin-Chin),307.38,5.91,36.59,10.85,1990.8,84.37,206.37,50.15
16,Female,41.6,1.23,Weight Loss,Koko_with_Bofroat_(corn_dough_porridge_with_buffloaf),348.0,12.0,45.0,8.0,Angwamu_(Oil_Rice)_with_Hot_Pepper_and_Egg,462.0,27.0,53.0,16.0,Red-Red_(Beans_and_Plantain_with_red_oil),431.0,30.0,42.0,16.0,Atsoomo_(Chin-Chin),307.38,5.91,36.59,10.85,1548.38,74.91,176.59,50.85
44,Male,71.4,1.69,Weight Loss,White_porridge_and_bread,392.0,7.0,45.0,4.0,Jollof_Rice_with_Chicken,619.2,39.43,64.97,13.31,Boiled_Plantain/Yam_and_Garden_egg_stew,512.0,19.0,60.0,8.0,Atsoomo_(Chin-Chin),307.38,5.91,36.59,10.85,1830.58,71.34,206.56,36.16
69,Female,67.5,1.55,Muscle Gain,White_porridge_and_bread,314.0,8.0,57.0,4.0,Banku_and_Tilapia_with_Hot_Pepper,598.0,50.0,71.0,11.0,Angwamu_(Oil_Rice)_with_Hot_Pepper_and_Egg,532.0,28.0,65.0,16.0,Atsoomo_(Chin-Chin),307.38,5.91,36.59,10.85,1751.38,91.91,229.59,41.85
16,Male,53.2,1.32,Muscle Gain,Tom_Brown_and_bread,378.0,10.0,68.0,5.0,Banku_and_Tilapia_with_Hot_Pepper,602.0,67.0,71.0,16.0,Angwamu_(Oil_Rice)_with_Hot_Pepper_and_Egg,615.79,38.98,64.77,13.31,Atsoomo_(Chin-Chin),307.38,5.91,36.59,10.85,1903.17,121.89,240.36,45.16
8,Female,44.1,1.04,Muscle Gain,Oatmeal,276.0,14.0,43.0,5.0,Plain_Rice_with_Chicken,529.0,69.0,61.0,16.0,Jollof_Rice_with_Chicken,620.0,61.0,88.0,19.0,Atsoomo_(Chin-Chin),307.38,5.91,36.59,10.85,1732.38,149.91,228.59,50.85
35,Male,61.7,1.62,Weight Loss,Hausa_Koko_(millet_porridge)_with_Koose,435.0,12.0,39.0,5.0,Jollof_Rice_with_Chicken,708.0,48.0,81.0,13.0,Waakye_and_Fish_with_egg,697.0,47.0,63.0,8.0,Roasted/Boiled_Maize_with_Coconut,249.0,5.0,35.0,6.0,2089.0,112.0,218.0,32.0
17,Male,46.7,1.36,Weight Loss,Hausa_Koko_(millet_porridge)_with_Koose,310.0,16.0,36.0,5.0,Jollof_Rice_with_Chicken,619.2,39.43,64.97,13.31,Kenkey_and_Fried_Fish_with_Hot_Pepper,477.0,39.0,47.0,13.0,Agbelikaklo_with_Coconut,248.0,4.0,40.0,8.0,1654.2,98.43,187.97,39.31
34,Male,65.3,1.67,Weight Loss,Rice_water_and_bread,294.0,8.0,54.0,4.0,Banku_with_Okra_Soup,685.0,30.0,59.0,8.0,Banku_and_Tilapia_with_Hot_Pepper,554.0,42.0,61.0,12.0,Atsoomo_(Chin-Chin),307.38,5.91,36.59,10.85,1840.38,85.91,210.59,34.85
13,Female,37.1,1.14,Weight Loss,Koko_with_Bofroat_(corn_dough_porridge_with_buffloaf),332.0,12.0,50.0,8.0,Tuo_Zaafi_with_Meat_Stew,481.0,33.0,72.0,10.0,Plain_Rice_with_Chicken,564.0,56.0,61.0,16.0,Atsoomo_(Chin-Chin),307.38,5.91,36.59,10.85,1684.38,106.91,219.59,44.85
23,Female,66.1,1.61,Weight Loss,Koko_with_Bofroat_(corn_dough_porridge_with_buffloaf),442.0,9.0,54.0,7.0,Kenkey_and_Fried_Fish_with_Hot_Pepper,514.0,36.0,46.0,17.0,Jollof_Rice_with_Chicken,794.0,42.0,72.0,16.0,Kofi_Brokeman_(Roasted_Plantain_with_Groundnut),250.0,5.0,30.0,8.0,2000.0,92.0,202.0,48.0
27,Female,55.6,1.53,Weight Loss,Oatmeal,336.42,9.46,47.78,5.3,Jollof_Rice_with_Chicken,619.2,39.43,64.97,13.31,Plain_Rice_with_Chicken,606.0,50.0,71.0,12.0,Atsoomo_(Chin-Chin),307.38,5.91,36.59,10.85,1869.0,104.8,220.34,41.46
48,Male,76.0,1.63,Muscle Gain,Tom_Brown_and_bread,399.0,10.0,68.0,6.0,Kenkey_and_Fried_Fish_with_Hot_Pepper,742.0,39.0,54.0,17.0,Boiled_Plantain/Yam_and_Garden_egg_stew,540.0,26.0,65.0,11.0,Atsoomo_(Chin-Chin),307.38,5.91,36.59,10.85,1988.38,80.91,223.59,44.85
45,Female,73.4,1.57,Muscle Gain,Tom_Brown_and_bread,333.0,10.0,60.0,5.0,Red-Red_(Beans_and_Plantain_with_red_oil),486.0,38.0,54.0,16.0,Jollof_Rice_with_Chicken,757.0,49.0,84.0,17.0,Atsoomo_(Chin-Chin),307.38,5.91,36.59,10.85,1883.38,102.91,234.59,48.85
33,Female,67.1,1.64,Muscle Gain,White_porridge_and_bread,361.0,7.0,51.0,5.0,Red-Red_(Beans_and_Plantain_with_red_oil),468.0,34.0,54.0,19.0,Kenkey_and_Fried_Fish_with_Hot_Pepper,693.0,39.0,60.0,18.0,Atsoomo_(Chin-Chin),307.38,5.91,36.59,10.85,1829.38,85.91,201.59,52.85
40,Male,73.7,1.66,Muscle Gain,Oatmeal,364.0,10.0,43.0,5.0,Boiled_Plantain/Yam_and_Garden_egg_stew,551.0,26.0,57.0,10.0,Jollof_Rice_with_Chicken,790.0,48.0,87.0,19.0,Kofi_Brokeman_(Roasted_Plantain_with_Groundnut),346.0,8.0,38.0,8.0,2051.0,92.0,225.0,42.0
24,Female,66.4,1.58,Weight Loss,Koko_with_Bofroat_(corn_dough_porridge_with_buffloaf),459.0,8.0,49.0,6.0,Fufu_with_Light_Soup_with_Goat_Meat,563.0,30.0,64.0,10.0,Kenkey_and_Fried_Fish_with_Hot_Pepper,644.0,38.0,47.0,14.0,Atsoomo_(Chin-Chin),307.38,5.91,36.59,10.85,1973.38,81.91,196.59,40.85
71,Male,72.8,1.66,Muscle Gain,Tom_Brown_and_bread,418.0,9.0,59.0,4.0,Plain_Rice_with_Chicken,774.0,62.0,75.0,17.0,Red-Red_(Beans_and_Plantain_with_red_oil),499.0,37.0,57.0,15.0,Atsoomo_(Chin-Chin),307.38,5.91,36.59,10.85,1998.38,113.91,227.59,46.85
40,Female,53.4,1.55,Weight Loss,White_porridge_and_bread,318.0,6.0,46.0,4.0,Tuo_Zaafi_with_Meat_Stew,590.0,32.0,72.0,11.0,Banku_and_Tilapia_with_Hot_Pepper,641.0,34.0,63.0,10.0,Nkatie_Cake_(Groundnut_Cake),345.0,11.0,19.0,12.0,1894.0,83.0,200.0,37.0
30,Female,72.1,1.58,Muscle Gain,Rice_water_and_bread,332.0,9.0,61.0,5.0,Tuo_Zaafi_with_Meat_Stew,595.0,37.0,78.0,13.0,Waakye_and_Fish_with_egg,611.0,46.0,63.0,11.0,Atsoomo_(Chin-Chin),307.38,5.91,36.59,10.85,1845.38,97.91,238.59,39.85
83,Female,67.1,1.51,Muscle Gain,White_porridge_and_bread,277.0,7.0,46.0,5.0,Tuo_Zaafi_with_Meat_Stew,544.0,40.0,80.0,11.0,Plain_Rice_with_Chicken,613.0,54.0,76.0,15.0,Atsoomo_(Chin-Chin),307.38,5.91,36.59,10.85,1741.38,106.91,238.59,41.85
73,Male,60.8,1.67,Weight Loss,White_porridge_and_bread,325.0,7.0,44.0,4.0,Boiled_Plantain/Yam_and_Garden_egg_stew,445.0,20.0,61.0,7.0,Jollof_Rice_with_Chicken,731.0,45.0,79.0,12.0,Atsoomo_(Chin-Chin),307.38,5.91,36.59,10.85,1808.38,77.91,220.59,33.85
31,Male,58.2,1.67,Weight Loss,Oatmeal,284.0,11.0,35.0,4.0,Banku_and_Tilapia_with_Hot_Pepper,621.0,39.0,54.0,10.0,Angwamu_(Oil_Rice)_with_Hot_Pepper_and_Egg,615.79,38.98,64.77,13.31,Agbelikaklo_with_Coconut,350.0,5.0,44.0,7.0,1870.79,93.98,197.77,34.31
70,Female,69.7,1.59,Muscle Gain,Tea/Milo/Coffee_with_bread,308.0,6.0,45.0,5.0,Boiled_Plantain/Yam_and_Garden_egg_stew,473.0,24.0,67.0,8.0,Banku_and_Tilapia_with_Hot_Pepper,586.0,48.0,64.0,12.0,Atsoomo_(Chin-Chin),307.38,5.91,36.59,10.85,1674.38,83.91,212.59,35.85
51,Female,55.0,1.58,Weight Loss,Tea/Milo/Coffee_with_bread,296.0,5.0,30.0,6.0,Fufu_with_Light_Soup_with_Goat_Meat,640.0,40.0,74.0,12.0,Red-Red_(Beans_and_Plantain_with_red_oil),536.0,25.0,54.0,14.0,Atsoomo_(Chin-Chin),307.38,5.91,36.59,10.85,1779.38,75.91,194.59,42.85
19,Female,58.5,1.67,Weight Loss,Hausa_Koko_(millet_porridge)_with_Koose,367.0,10.0,36.0,6.0,Jollof_Rice_with_Chicken,619.2,39.43,64.97,13.31,Banku_and_Tilapia_with_Hot_Pepper,643.0,41.0,54.0,12.0,Atsoomo_(Chin-Chin),307.38,5.91,36.59,10.85,1936.58,96.34,191.56,42.16
37,Female,63.9,1.67,Weight Loss,Tea/Milo/Coffee_with_bread,246.0,6.0,36.0,7.0,Jollof_Rice_with_Chicken,619.2,39.43,64.97,13.31,Tuo_Zaafi_with_Meat_Stew,613.0,31.0,63.0,9.0,Atsoomo_(Chin-Chin),307.38,5.91,36.59,10.85,1785.58,82.34,200.56,40.16
54,Male,71.2,1.73,Weight Loss,Oatmeal,336.42,9.46,47.78,5.3,Waakye_and_Fish_with_egg,638.0,38.0,63.0,8.0,Banku_with_Okra_Soup,601.0,37.0,61.0,10.0,Atsoomo_(Chin-Chin),307.38,5.91,36.59,10.85,1882.8,90.37,208.37,34.15
72,Male,72.2,1.68,Muscle Gain,Oatmeal,336.42,9.46,47.78,5.3,Jollof_Rice_with_Chicken,718.0,57.0,76.0,18.0,Kenkey_and_Fried_Fish_with_Hot_Pepper,544.0,43.0,68.0,15.0,Atsoomo_(Chin-Chin),307.38,5.91,36.59,10.85,1905.8,115.37,228.37,49.15
66,Female,59.3,1.57,Weight Loss,Oatmeal,261.0,8.0,43.0,3.0,Angwamu_(Oil_Rice)_with_Hot_Pepper_and_Egg,441.0,21.0,56.0,16.0,Waakye_and_Fish_with_egg,603.0,47.0,69.0,8.0,Atsoomo_(Chin-Chin),307.38,5.91,36.59,10.85,1612.38,81.91,204.59,37.85
6,Female,30,1.0,Weight Loss,Rice_water_and_bread,213.0,8.0,49.0,4.0,Jollof_Rice_with_Chicken,619.2,39.43,64.97,13.31,Red-Red_(Beans_and_Plantain_with_red_oil),450.0,31.0,50.0,14.0,Atsoomo_(Chin-Chin),307.38,5.91,36.59,10.85,1589.58,84.34,200.56,42.16
28,Male,65.3,1.63,Weight Loss,Oatmeal,288.0,9.0,45.0,4.0,Red-Red_(Beans_and_Plantain_with_red_oil),542.0,26.0,45.0,14.0,Angwamu_(Oil_Rice)_with_Hot_Pepper_and_Egg,615.79,38.98,64.77,13.31,Atsoomo_(Chin-Chin),307.38,5.91,36.59,10.85,1753.17,79.89,191.36,42.16
39,Female,67.2,1.57,Muscle Gain,Hausa_Koko_(millet_porridge)_with_Koose,409.0,12.0,48.0,7.0,Waakye_and_Fish_with_egg,592.0,55.0,77.0,11.0,Banku_with_Okra_Soup,618.0,33.0,72.0,10.0,Kofi_Brokeman_(Roasted_Plantain_with_Groundnut),279.0,7.0,41.0,9.0,1898.0,107.0,238.0,37.0
17,Female,52.5,1.3,Muscle Gain,Oatmeal,266.0,10.0,46.0,4.0,Waakye_and_Fish_with_egg,603.0,51.0,70.0,10.0,Plain_Rice_with_Chicken,493.0,55.0,60.0,15.0,Atsoomo_(Chin-Chin),307.38,5.91,36.59,10.85,1669.38,121.91,212.59,39.85
14,Female,35.9,1.16,Weight Loss,Hausa_Koko_(millet_porridge)_with_Koose,295.0,14.0,45.0,4.0,Waakye_and_Fish_with_egg,440.0,42.0,70.0,9.0,Banku_and_Tilapia_with_Hot_Pepper,507.0,44.0,51.0,10.0,Kofi_Brokeman_(Roasted_Plantain_with_Groundnut),188.0,8.0,34.0,8.0,1430.0,108.0,200.0,31.0
79,Female,68.3,1.52,Muscle Gain,Rice_water_and_bread,257.0,8.0,51.0,4.0,Jollof_Rice_with_Chicken,671.0,45.0,78.0,17.0,Angwamu_(Oil_Rice)_with_Hot_Pepper_and_Egg,615.79,38.98,64.77,13.31,Atsoomo_(Chin-Chin),307.38,5.91,36.59,10.85,1851.17,97.89,230.36,45.16
73,Female,65.9,1.59,Muscle Gain,Oatmeal,256.0,12.0,47.0,3.0,Red-Red_(Beans_and_Plantain_with_red_oil),427.0,33.0,59.0,13.0,Fufu_with_Light_Soup_with_Goat_Meat,650.0,42.0,77.0,11.0,Atsoomo_(Chin-Chin),307.38,5.91,36.59,10.85,1640.38,92.91,219.59,37.85
76,Male,58.3,1.66,Weight Loss,White_porridge_and_bread,293.0,6.0,48.0,3.0,Tuo_Zaafi_with_Meat_Stew,566.0,33.0,71.0,9.0,Banku_with_Okra_Soup,638.0,33.0,72.0,7.0,Kofi_Brokeman_(Roasted_Plantain_with_Groundnut),281.0,6.0,30.0,6.0,1778.0,78.0,221.0,25.0
12,Male,62.5,1.26,Muscle Gain,White_porridge_and_bread,352.0,8.0,61.0,6.0,Red-Red_(Beans_and_Plantain_with_red_oil),541.0,39.0,48.0,15.0,Angwamu_(Oil_Rice)_with_Hot_Pepper_and_Egg,459.0,42.0,52.0,24.0,Atsoomo_(Chin-Chin),307.38,5.91,36.59,10.85,1659.38,94.91,197.59,55.85
66,Male,76.4,1.68,Muscle Gain,Oatmeal,294.0,13.0,39.0,4.0,Boiled_Plantain/Yam_and_Garden_egg_stew,530.0,24.0,72.0,7.0,Tuo_Zaafi_with_Meat_Stew,672.0,36.0,72.0,10.0,Atsoomo_(Chin-Chin),383.0,4.0,39.0,17.0,1879.0,77.0,222.0,38.0
40,Female,72.1,1.6,Muscle Gain,Oatmeal,336.42,9.46,47.78,5.3,Angwamu_(Oil_Rice)_with_Hot_Pepper_and_Egg,587.0,33.0,54.0,22.0,Red-Red_(Beans_and_Plantain_with_red_oil),493.0,28.0,54.0,20.0,Atsoomo_(Chin-Chin),307.38,5.91,36.59,10.85,1723.8,76.37,192.37,58.15
62,Male,63.0,1.66,Weight Loss,Koko_with_Bofroat_(corn_dough_porridge_with_buffloaf),350.0,11.0,51.0,5.0,Tuo_Zaafi_with_Meat_Stew,613.0,30.0,63.0,9.0,Red-Red_(Beans_and_Plantain_with_red_oil),498.0,29.0,47.0,13.0,Atsoomo_(Chin-Chin),307.38,5.91,36.59,10.85,1768.38,75.91,197.59,37.85
51,Male,67.4,1.75,Weight Loss,White_porridge_and_bread,312.0,7.0,45.0,4.0,Banku_and_Tilapia_with_Hot_Pepper,631.0,37.0,50.0,13.0,Red-Red_(Beans_and_Plantain_with_red_oil),517.0,33.0,49.0,15.0,Agbelikaklo_with_Coconut,374.0,4.0,47.0,8.0,1834.0,81.0,191.0,40.0
83,Female,67.8,1.5,Muscle Gain,White_porridge_and_bread,283.0,7.0,59.0,5.0,Banku_with_Okra_Soup,675.0,30.0,76.0,9.0,Tuo_Zaafi_with_Meat_Stew,651.0,43.0,71.0,10.0,Atsoomo_(Chin-Chin),307.38,5.91,36.59,10.85,1916.38,85.91,242.59,34.85
36,Female,70.3,1.64,Muscle Gain,Hausa_Koko_(millet_porridge)_with_Koose,421.0,15.0,43.0,6.0,Waakye_and_Fish_with_egg,696.0,54.0,78.0,13.0,Kenkey_and_Fried_Fish_with_Hot_Pepper,686.0,44.0,56.0,21.0,Kofi_Brokeman_(Roasted_Plantain_with_Groundnut),315.0,8.0,34.0,11.0,2118.0,121.0,211.0,51.0
35,Female,64.3,1.55,Muscle Gain,Oatmeal,288.0,9.0,48.0,4.0,Jollof_Rice_with_Chicken,619.2,39.43,64.97,13.31,Waakye_and_Fish_with_egg,579.0,46.0,62.0,13.0,Atsoomo_(Chin-Chin),307.38,5.91,36.59,10.85,1793.58,100.34,211.56,41.16
75,Female,71.0,1.55,Muscle Gain,White_porridge_and_bread,288.0,8.0,58.0,5.0,Waakye_and_Fish_with_egg,598.0,45.0,73.0,9.0,Boiled_Plantain/Yam_and_Garden_egg_stew,465.0,26.0,61.0,8.0,Plantain_Chips,247.0,3.0,39.0,10.0,1598.0,82.0,231.0,32.0
13,Male,38.9,1.19,Weight Loss,Oatmeal,246.0,9.0,40.0,3.0,Jollof_Rice_with_Chicken,586.0,59.0,76.0,14.0,Angwamu_(Oil_Rice)_with_Hot_Pepper_and_Egg,437.0,35.0,54.0,16.0,Atsoomo_(Chin-Chin),307.38,5.91,36.59,10.85,1576.38,108.91,206.59,43.85
43,Male,80.2,1.65,Muscle Gain,Oatmeal,382.0,14.0,43.0,5.0,Banku_with_Okra_Soup,741.0,36.0,81.0,13.0,Tuo_Zaafi_with_Meat_Stew,856.0,44.0,82.0,15.0,Atsoomo_(Chin-Chin),307.38,5.91,36.59,10.85,2286.38,99.91,242.59,43.85
78,Female,54.8,1.55,Weight Loss,Tom_Brown_and_bread,338.0,9.0,57.0,4.0,Jollof_Rice_with_Chicken,619.2,39.43,64.97,13.31,Banku_and_Tilapia_with_Hot_Pepper,584.0,41.0,54.0,10.0,Atsoomo_(Chin-Chin),307.38,5.91,36.59,10.85,1848.58,95.34,212.56,38.16
9,Male,41.4,1.13,Weight Loss,Tom_Brown_and_bread,338.0,11.0,52.0,4.0,Boiled_Plantain/Yam_and_Garden_egg_stew,422.0,28.0,54.0,8.0,Tuo_Zaafi_with_Meat_Stew,585.0,37.0,56.0,12.0,Atsoomo_(Chin-Chin),307.38,5.91,36.59,10.85,1652.38,81.91,198.59,34.85
75,Female,66.0,1.55,Muscle Gain,White_porridge_and_bread,360.0,9.0,61.0,4.0,Kenkey_and_Fried_Fish_with_Hot_Pepper,519.0,37.0,65.0,17.0,Boiled_Plantain/Yam_and_Garden_egg_stew,532.0,21.0,72.0,7.0,Atsoomo_(Chin-Chin),387.0,4.0,31.0,17.0,1798.0,71.0,229.0,45.0
51,Female,55.8,1.55,Weight Loss,Oatmeal,270.0,10.0,44.0,3.0,Angwamu_(Oil_Rice)_with_Hot_Pepper_and_Egg,495.0,27.0,60.0,19.0,Kenkey_and_Fried_Fish_with_Hot_Pepper,586.0,38.0,57.0,16.0,Atsoomo_(Chin-Chin),315.0,4.0,31.0,17.0,1666.0,79.0,192.0,55.0
5,Male,31.6,1.0,Weight Loss,Oatmeal,228.0,13.0,36.0,3.0,Jollof_Rice_with_Chicken,619.2,39.43,64.97,13.31,Fufu_with_Light_Soup_with_Goat_Meat,613.0,39.0,64.0,10.0,Atsoomo_(Chin-Chin),307.38,5.91,36.59,10.85,1767.58,97.34,201.56,37.16
13,Female,44.7,1.15,Muscle Gain,Koko_with_Bofroat_(corn_dough_porridge_with_buffloaf),315.0,15.0,66.0,11.0,Angwamu_(Oil_Rice)_with_Hot_Pepper_and_Egg,438.0,30.0,66.0,22.0,Tuo_Zaafi_with_Meat_Stew,629.0,38.0,84.0,12.0,Atsoomo_(Chin-Chin),307.38,5.91,36.59,10.85,1689.38,88.91,252.59,55.85
43,Female,56.7,1.61,Weight Loss,Oatmeal,285.0,11.0,37.0,3.0,Banku_and_Tilapia_with_Hot_Pepper,581.0,37.0,50.0,11.0,Plain_Rice_with_Chicken,565.0,43.0,63.0,14.0,Atsoomo_(Chin-Chin),307.38,5.91,36.59,10.85,1738.38,96.91,186.59,38.85
41,Male,77.8,1.66,Muscle Gain,Oatmeal,336.42,9.46,47.78,5.3,Banku_with_Okra_Soup,752.0,34.0,63.0,13.0,Tuo_Zaafi_with_Meat_Stew,832.0,45.0,73.0,12.0,Atsoomo_(Chin-Chin),307.38,5.91,36.59,10.85,2227.8,94.37,220.37,41.15
8,Male,46.8,1.09,Muscle Gain,Oatmeal,336.42,9.46,47.78,5.3,Red-Red_(Beans_and_Plantain_with_red_oil),454.0,46.0,50.0,17.0,Banku_with_Okra_Soup,502.0,50.0,82.0,13.0,Atsoomo_(Chin-Chin),307.38,5.91,36.59,10.85,1599.8,111.37,216.37,46.15
53,Male,66.8,1.75,Weight Loss,Oatmeal,336.42,9.46,47.78,5.3,Banku_with_Okra_Soup,730.0,36.0,75.0,8.0,Banku_and_Tilapia_with_Hot_Pepper,610.0,36.0,55.0,12.0,Atsoomo_(Chin-Chin),307.38,5.91,36.59,10.85,1983.8,87.37,214.37,36.15
5,Female,33.0,1.0,Muscle Gain,Oatmeal,262.0,10.0,49.0,4.0,Banku_with_Okra_Soup,456.0,45.0,70.0,12.0,Kenkey_and_Fried_Fish_with_Hot_Pepper,433.0,50.0,68.0,22.0,Atsoomo_(Chin-Chin),307.38,5.91,36.59,10.85,1458.38,110.91,223.59,48.85
34,Male,65.3,1.65,Weight Loss,Tom_Brown_and_bread,409.0,8.0,48.0,4.0,Jollof_Rice_with_Chicken,619.2,39.43,64.97,13.31,Fufu_with_Light_Soup_with_Goat_Meat,767.0,44.0,62.0,11.0,Atsoomo_(Chin-Chin),307.38,5.91,36.59,10.85,2102.58,97.34,211.56,39.16
76,Female,54.9,1.57,Weight Loss,Hausa_Koko_(millet_porridge)_with_Koose,318.0,10.0,36.0,4.0,Waakye_and_Fish_with_egg,519.0,46.0,72.0,6.0,Jollof_Rice_with_Chicken,562.0,44.0,81.0,12.0,Nkatie_Cake_(Groundnut_Cake),311.0,10.0,22.0,12.0,1710.0,110.0,211.0,34.0
53,Female,74.1,1.55,Muscle Gain,Oatmeal,306.0,12.0,43.0,4.0,Fufu_with_Light_Soup_with_Goat_Meat,732.0,45.0,69.0,16.0,Red-Red_(Beans_and_Plantain_with_red_oil),474.0,33.0,52.0,16.0,Atsoomo_(Chin-Chin),307.38,5.91,36.59,10.85,1819.38,95.91,200.59,46.85
51,Female,62.7,1.61,Weight Loss,Koko_with_Bofroat_(corn_dough_porridge_with_buffloaf),436.0,10.0,54.0,8.0,Banku_with_Okra_Soup,514.0,32.0,75.0,8.0,Waakye_and_Fish_with_egg,686.0,44.0,54.0,9.0,Plantain_Chips,249.0,3.0,44.0,8.0,1885.0,89.0,227.0,33.0
44,Male,74.3,1.63,Muscle Gain,Oatmeal,322.0,10.0,49.0,4.0,Fufu_with_Light_Soup_with_Goat_Meat,888.0,45.0,84.0,14.0,Waakye_and_Fish_with_egg,742.0,60.0,60.0,13.0,Agbelikaklo_with_Coconut,355.0,6.0,54.0,11.0,2307.0,121.0,247.0,42.0
41,Female,74.3,1.52,Muscle Gain,Tom_Brown_and_bread,421.0,10.0,61.0,5.0,Banku_with_Okra_Soup,663.0,38.0,66.0,13.0,Angwamu_(Oil_Rice)_with_Hot_Pepper_and_Egg,695.0,30.0,65.0,21.0,Atsoomo_(Chin-Chin),307.38,5.91,36.59,10.85,2086.38,83.91,228.59,49.85
14,Female,46.0,1.17,Muscle Gain,White_porridge_and_bread,321.0,8.0,53.0,6.0,Red-Red_(Beans_and_Plantain_with_red_oil),409.0,38.0,55.0,20.0,Waakye_and_Fish_with_egg,603.0,60.0,65.0,12.0,Atsoomo_(Chin-Chin),307.38,5.91,36.59,10.85,1640.38,111.91,209.59,48.85
52,Male,60.7,1.73,Weight Loss,Tom_Brown_and_bread,349.0,8.0,58.0,4.0,Jollof_Rice_with_Chicken,696.0,39.0,79.0,16.0,Waakye_and_Fish_with_egg,695.0,39.0,59.0,8.0,Atsoomo_(Chin-Chin),307.38,5.91,36.59,10.85,2047.38,91.91,232.59,38.85
13,Female,44.0,1.12,Muscle Gain,Hausa_Koko_(millet_porridge)_with_Koose,292.0,18.0,50.0,8.0,Plain_Rice_with_Chicken,534.0,72.0,76.0,17.0,Fufu_with_Light_Soup_with_Goat_Meat,551.0,57.0,79.0,13.0,Plantain_Chips,223.0,3.0,49.0,10.0,1600.0,150.0,254.0,48.0
20,Male,78.1,1.66,Muscle Gain,Oatmeal,303.0,13.0,45.0,5.0,Boiled_Plantain/Yam_and_Garden_egg_stew,625.0,26.0,67.0,9.0,Waakye_and_Fish_with_egg,689.0,49.0,65.0,11.0,Atsoomo_(Chin-Chin),369.0,3.0,32.0,18.0,1986.0,91.0,209.0,43.0
67,Female,56.9,1.6,Weight Loss,Oatmeal,279.0,10.0,42.0,2.0,Banku_with_Okra_Soup,573.0,25.0,63.0,8.0,Red-Red_(Beans_and_Plantain_with_red_oil),426.0,25.0,51.0,13.0,Nkatie_Cake_(Groundnut_Cake),311.0,9.0,18.0,12.0,1589.0,69.0,174.0,35.0
34,Male,82.6,1.75,Muscle Gain,Hausa_Koko_(millet_porridge)_with_Koose,391.0,15.0,46.0,8.0,Banku_and_Tilapia_with_Hot_Pepper,722.0,43.0,64.0,14.0,Fufu_with_Light_Soup_with_Goat_Meat,816.0,40.0,72.0,16.0,Atsoomo_(Chin-Chin),452.0,3.0,39.0,19.0,2381.0,101.0,221.0,57.0
35,Female,60.4,1.49,Weight Loss,Hausa_Koko_(millet_porridge)_with_Koose,354.0,11.0,36.0,5.0,Plain_Rice_with_Chicken,725.0,40.0,66.0,13.0,Angwamu_(Oil_Rice)_with_Hot_Pepper_and_Egg,615.79,38.98,64.77,13.31,Atsoomo_(Chin-Chin),307.38,5.91,36.59,10.85,2002.17,95.89,203.36,42.16
16,Male,44.9,1.32,Weight Loss,Tea/Milo/Coffee_with_bread,244.0,6.0,30.0,6.0,Red-Red_(Beans_and_Plantain_with_red_oil),481.0,34.0,44.0,15.0,Angwamu_(Oil_Rice)_with_Hot_Pepper_and_Egg,615.79,38.98,64.77,13.31,Atsoomo_(Chin-Chin),290.0,4.0,34.0,15.0,1630.79,82.98,172.77,49.31
76,Male,74.9,1.68,Muscle Gain,Tom_Brown_and_bread,383.0,9.0,52.0,5.0,Jollof_Rice_with_Chicken,680.0,48.0,74.0,17.0,Banku_with_Okra_Soup,563.0,42.0,66.0,8.0,Atsoomo_(Chin-Chin),307.38,5.91,36.59,10.85,1933.38,104.91,228.59,40.85
5,Male,32.2,1.0,Weight Loss,White_porridge_and_bread,255.0,7.0,48.0,4.0,Kenkey_and_Fried_Fish_with_Hot_Pepper,476.0,40.0,58.0,14.0,Angwamu_(Oil_Rice)_with_Hot_Pepper_and_Egg,615.79,38.98,64.77,13.31,Atsoomo_(Chin-Chin),307.38,5.91,36.59,10.85,1654.17,91.89,207.36,42.16
16,Female,39.2,1.25,Weight Loss,Oatmeal,192.0,10.0,41.0,3.0,Red-Red_(Beans_and_Plantain_with_red_oil),372.0,34.0,54.0,13.0,Tuo_Zaafi_with_Meat_Stew,555.0,39.0,72.0,12.0,Atsoomo_(Chin-Chin),307.38,5.91,36.59,10.85,1426.38,88.91,203.59,38.85
14,Female,38.4,1.17,Weight Loss,Hausa_Koko_(millet_porridge)_with_Koose,283.0,14.0,38.0,6.0,Kenkey_and_Fried_Fish_with_Hot_Pepper,428.0,42.0,58.0,13.0,Red-Red_(Beans_and_Plantain_with_red_oil),427.0,37.0,45.0,12.0,Atsoomo_(Chin-Chin),307.38,5.91,36.59,10.85,1445.38,98.91,177.59,41.85
15,Female,51.6,1.19,Muscle Gain,Rice_water_and_bread,299.0,10.0,58.0,5.0,Tuo_Zaafi_with_Meat_Stew,598.0,38.0,67.0,12.0,Angwamu_(Oil_Rice)_with_Hot_Pepper_and_Egg,497.0,33.0,62.0,21.0,Atsoomo_(Chin-Chin),307.38,5.91,36.59,10.85,1701.38,86.91,223.59,48.85
73,Male,74.1,1.67,Muscle Gain,White_porridge_and_bread,323.0,7.0,49.0,4.0,Jollof_Rice_with_Chicken,619.2,39.43,64.97,13.31,Banku_and_Tilapia_with_Hot_Pepper,535.0,56.0,64.0,11.0,Atsoomo_(Chin-Chin),307.38,5.91,36.59,10.85,1784.58,108.34,214.56,39.16
63,Female,68.3,1.58,Muscle Gain,Rice_water_and_bread,327.0,8.0,57.0,3.0,Banku_with_Okra_Soup,510.0,36.0,64.0,10.0,Banku_and_Tilapia_with_Hot_Pepper,540.0,44.0,68.0,11.0,Atsoomo_(Chin-Chin),307.38,5.91,36.59,10.85,1684.38,93.91,225.59,34.85
54,Female,71.3,1.65,Muscle Gain,White_porridge_and_bread,401.0,7.0,50.0,5.0,Red-Red_(Beans_and_Plantain_with_red_oil),561.0,28.0,55.0,16.0,Jollof_Rice_with_Chicken,711.0,49.0,74.0,17.0,Atsoomo_(Chin-Chin),307.38,5.91,36.59,10.85,1980.38,89.91,215.59,48.85
72,Male,59.5,1.64,Weight Loss,Tom_Brown_and_bread,306.0,9.0,61.0,4.0,Waakye_and_Fish_with_egg,693.0,42.0,63.0,8.0,Fufu_with_Light_Soup_with_Goat_Meat,590.0,34.0,72.0,8.0,Atsoomo_(Chin-Chin),307.38,5.91,36.59,10.85,1896.38,90.91,232.59,30.85
45,Male,57.1,1.77,Weight Loss,Hausa_Koko_(millet_porridge)_with_Koose,400.0,11.0,45.0,5.0,Boiled_Plantain/Yam_and_Garden_egg_stew,539.0,22.0,53.0,8.0,Banku_with_Okra_Soup,680.0,36.0,64.0,9.0,Atsoomo_(Chin-Chin),307.38,5.91,36.59,10.85,1926.38,74.91,198.59,32.85
46,Female,65.1,1.6,Muscle Gain,Tea/Milo/Coffee_with_bread,313.0,6.0,44.0,7.0,Banku_and_Tilapia_with_Hot_Pepper,579.0,44.0,56.0,13.0,Angwamu_(Oil_Rice)_with_Hot_Pepper_and_Egg,556.0,32.0,56.0,24.0,Agbelikaklo_with_Coconut,326.0,6.0,46.0,11.0,1774.0,88.0,202.0,55.0
44,Male,67.3,1.7,Weight Loss,Oatmeal,336.42,9.46,47.78,5.3,Banku_with_Okra_Soup,724.0,29.0,66.0,10.0,Boiled_Plantain/Yam_and_Garden_egg_stew,504.0,24.0,63.0,6.0,Agbelikaklo_with_Coconut,316.0,5.0,45.0,7.0,1880.42,67.46,221.78,28.3
59,Female,67.9,1.63,Muscle Gain,Oatmeal,336.42,9.46,47.78,5.3,Red-Red_(Beans_and_Plantain_with_red_oil),499.0,33.0,50.0,15.0,Waakye_and_Fish_with_egg,592.0,55.0,66.0,13.0,Atsoomo_(Chin-Chin),307.38,5.91,36.59,10.85,1734.8,103.37,200.37,44.15
38,Male,68.2,1.66,Muscle Gain,Hausa_Koko_(millet_porridge)_with_Koose,382.0,16.0,46.0,7.0,Jollof_Rice_with_Chicken,619.2,39.43,64.97,13.31,Red-Red_(Beans_and_Plantain_with_red_oil),600.0,37.0,52.0,16.0,Agbelikaklo_with_Coconut,370.0,4.0,42.0,9.0,1971.2,96.43,204.97,45.31
45,Male,76.6,1.7,Muscle Gain,Oatmeal,336.42,9.46,47.78,5.3,Banku_with_Okra_Soup,777.0,36.0,70.0,11.0,Jollof_Rice_with_Chicken,746.0,48.0,85.0,21.0,Roasted/Boiled_Maize_with_Coconut,258.0,7.0,41.0,7.0,2117.42,100.46,243.78,44.3
15,Female,49.5,1.23,Muscle Gain,White_porridge_and_bread,265.0,8.0,58.0,6.0,Kenkey_and_Fried_Fish_with_Hot_Pepper,523.0,48.0,67.0,19.0,Boiled_Plantain/Yam_and_Garden_egg_stew,455.0,31.0,60.0,8.0,Atsoomo_(Chin-Chin),307.38,5.91,36.59,10.85,1550.38,92.91,221.59,43.85
9,Female,49.1,1.05,Muscle Gain,Rice_water_and_bread,224.0,10.0,50.0,5.0,Kenkey_and_Fried_Fish_with_Hot_Pepper,431.0,43.0,53.0,21.0,Fufu_with_Light_Soup_with_Goat_Meat,629.0,43.0,79.0,14.0,Plantain_Chips,259.0,3.0,45.0,12.0,1543.0,99.0,227.0,52.0
40,Male,67.4,1.71,Weight Loss,Hausa_Koko_(millet_porridge)_with_Koose,429.0,14.0,42.0,6.0,Waakye_and_Fish_with_egg,584.0,47.0,69.0,8.0,Angwamu_(Oil_Rice)_with_Hot_Pepper_and_Egg,515.0,24.0,56.0,15.0,Atsoomo_(Chin-Chin),327.0,4.0,33.0,16.0,1855.0,89.0,200.0,45.0
15,Female,38.9,1.21,Weight Loss,Oatmeal,225.0,10.0,37.0,3.0,Kenkey_and_Fried_Fish_with_Hot_Pepper,451.0,36.0,46.0,16.0,Angwamu_(Oil_Rice)_with_Hot_Pepper_and_Egg,615.79,38.98,64.77,13.31,Atsoomo_(Chin-Chin),307.38,5.91,36.59,10.85,1599.17,90.89,184.36,43.16
14,Female,45.8,1.19,Muscle Gain,Tea/Milo/Coffee_with_bread,225.0,8.0,34.0,7.0,Waakye_and_Fish_with_egg,590.0,58.0,70.0,10.0,Boiled_Plantain/Yam_and_Garden_egg_stew,398.0,30.0,71.0,10.0,Atsoomo_(Chin-Chin),307.38,5.91,36.59,10.85,1520.38,101.91,211.59,37.85
31,Female,52.7,1.51,Weight Loss,Hausa_Koko_(millet_porridge)_with_Koose,316.0,12.0,45.0,6.0,Jollof_Rice_with_Chicken,619.2,39.43,64.97,13.31,Angwamu_(Oil_Rice)_with_Hot_Pepper_and_Egg,620.0,22.0,46.0,19.0,Atsoomo_(Chin-Chin),307.38,5.91,36.59,10.85,1862.58,79.34,192.56,49.16
64,Female,69.5,1.6,Muscle Gain,White_porridge_and_bread,317.0,7.0,60.0,4.0,Angwamu_(Oil_Rice)_with_Hot_Pepper_and_Egg,595.0,25.0,58.0,16.0,Angwamu_(Oil_Rice)_with_Hot_Pepper_and_Egg,615.79,38.98,64.77,13.31,Atsoomo_(Chin-Chin),307.38,5.91,36.59,10.85,1835.17,76.89,219.36,44.16
61,Female,69.8,1.61,Muscle Gain,Tea/Milo/Coffee_with_bread,270.0,6.0,36.0,6.0,Jollof_Rice_with_Chicken,619.2,39.43,64.97,13.31,Waakye_and_Fish_with_egg,671.0,56.0,75.0,9.0,Roasted/Boiled_Maize_with_Coconut,215.0,7.0,38.0,5.0,1775.2,108.43,213.97,33.31
34,Female,63.1,1.55,Muscle Gain,Koko_with_Bofroat_(corn_dough_porridge_with_buffloaf),431.0,10.0,64.0,10.0,Tuo_Zaafi_with_Meat_Stew,662.0,36.0,76.0,12.0,Waakye_and_Fish_with_egg,581.0,52.0,69.0,13.0,Agbelikaklo_with_Coconut,325.0,6.0,55.0,9.0,1999.0,104.0,264.0,44.0
46,Male,72.8,1.76,Muscle Gain,Tea/Milo/Coffee_with_bread,383.0,7.0,42.0,8.0,Boiled_Plantain/Yam_and_Garden_egg_stew,581.0,22.0,73.0,9.0,Angwamu_(Oil_Rice)_with_Hot_Pepper_and_Egg,693.0,31.0,65.0,19.0,Atsoomo_(Chin-Chin),307.38,5.91,36.59,10.85,1964.38,65.91,216.59,46.85
53,Male,71.3,1.79,Weight Loss,Tea/Milo/Coffee_with_bread,315.0,5.0,36.0,6.0,Banku_and_Tilapia_with_Hot_Pepper,553.0,41.0,54.0,12.0,Waakye_and_Fish_with_egg,709.0,47.0,54.0,8.0,Atsoomo_(Chin-Chin),307.38,5.91,36.59,10.85,1884.38,98.91,180.59,36.85
14,Female,36.6,1.19,Weight Loss,Tea/Milo/Coffee_with_bread,254.0,7.0,32.0,5.0,Jollof_Rice_with_Chicken,603.0,44.0,87.0,16.0,Red-Red_(Beans_and_Plantain_with_red_oil),459.0,30.0,45.0,15.0,Atsoomo_(Chin-Chin),307.38,5.91,36.59,10.85,1623.38,86.91,200.59,46.85
55,Female,60.8,1.54,Weight Loss,Koko_with_Bofroat_(corn_dough_porridge_with_buffloaf),407.0,11.0,52.0,8.0,Jollof_Rice_with_Chicken,619.2,39.43,64.97,13.31,Angwamu_(Oil_Rice)_with_Hot_Pepper_and_Egg,558.0,21.0,60.0,19.0,Atsoomo_(Chin-Chin),307.38,5.91,36.59,10.85,1891.58,77.34,213.56,51.16
45,Female,75.5,1.67,Muscle Gain,Oatmeal,336.42,9.46,47.78,5.3,Red-Red_(Beans_and_Plantain_with_red_oil),561.0,31.0,50.0,16.0,Kenkey_and_Fried_Fish_with_Hot_Pepper,654.0,37.0,56.0,21.0,Agbelikaklo_with_Coconut,316.0,4.0,44.0,11.0,1867.42,81.46,197.78,53.3
32,Female,54.5,1.66,Weight Loss,Tea/Milo/Coffee_with_bread,277.0,5.0,30.0,6.0,Kenkey_and_Fried_Fish_with_Hot_Pepper,552.0,35.0,49.0,13.0,Boiled_Plantain/Yam_and_Garden_egg_stew,452.0,21.0,60.0,8.0,Atsoomo_(Chin-Chin),307.38,5.91,36.59,10.85,1588.38,66.91,175.59,37.85
12,Male,48.8,1.31,Weight Loss,Oatmeal,336.42,9.46,47.78,5.3,Banku_with_Okra_Soup,519.0,41.0,77.0,8.0,Fufu_with_Light_Soup_with_Goat_Meat,581.0,49.0,64.0,12.0,Atsoomo_(Chin-Chin),307.38,5.91,36.59,10.85,1743.8,105.37,225.37,36.15
14,Female,38.4,1.16,Weight Loss,Hausa_Koko_(millet_porridge)_with_Koose,245.0,13.0,45.0,5.0,Red-Red_(Beans_and_Plantain_with_red_oil),360.0,30.0,46.0,13.0,Tuo_Zaafi_with_Meat_Stew,528.0,39.0,60.0,12.0,Agbelikaklo_with_Coconut,264.0,4.0,43.0,8.0,1397.0,86.0,194.0,38.0
59,Male,59.1,1.67,Weight Loss,White_porridge_and_bread,372.0,7.0,51.0,4.0,Jollof_Rice_with_Chicken,803.0,38.0,66.0,16.0,Tuo_Zaafi_with_Meat_Stew,671.0,33.0,72.0,12.0,Roasted/Boiled_Maize_with_Coconut,315.0,6.0,40.0,4.0,2161.0,84.0,229.0,36.0
45,Female,53.9,1.61,Weight Loss,Tea/Milo/Coffee_with_bread,312.0,5.0,37.0,7.0,Angwamu_(Oil_Rice)_with_Hot_Pepper_and_Egg,505.0,26.0,45.0,19.0,Red-Red_(Beans_and_Plantain_with_red_oil),545.0,27.0,52.0,14.0,Atsoomo_(Chin-Chin),307.38,5.91,36.59,10.85,1669.38,63.91,170.59,50.85
79,Male,69.6,1.67,Muscle Gain,Tea/Milo/Coffee_with_bread,259.0,6.0,41.0,5.0,Banku_with_Okra_Soup,583.0,33.0,71.0,11.0,Fufu_with_Light_Soup_with_Goat_Meat,649.0,50.0,73.0,13.0,Atsoomo_(Chin-Chin),307.38,5.91,36.59,10.85,1798.38,94.91,221.59,39.85
53,Female,69.6,1.59,Muscle Gain,Tea/Milo/Coffee_with_bread,288.0,6.0,43.0,7.0,Waakye_and_Fish_with_egg,720.0,45.0,69.0,12.0,Jollof_Rice_with_Chicken,847.0,44.0,88.0,20.0,Plantain_Chips,293.0,3.0,47.0,12.0,2148.0,98.0,247.0,51.0
31,Male,77.6,1.65,Muscle Gain,Rice_water_and_bread,354.0,9.0,54.0,5.0,Waakye_and_Fish_with_egg,815.0,55.0,80.0,12.0,Angwamu_(Oil_Rice)_with_Hot_Pepper_and_Egg,615.79,38.98,64.77,13.31,Plantain_Chips,312.0,3.0,50.0,13.0,2096.79,105.98,248.77,43.31
17,Female,46.4,1.29,Weight Loss,Tom_Brown_and_bread,311.0,10.0,61.0,4.0,Boiled_Plantain/Yam_and_Garden_egg_stew,329.0,24.0,54.0,7.0,Angwamu_(Oil_Rice)_with_Hot_Pepper_and_Egg,615.79,38.98,64.77,13.31,Atsoomo_(Chin-Chin),266.0,4.0,32.0,14.0,1521.79,76.98,211.77,38.31
45,Female,68.1,1.6,Muscle Gain,Tom_Brown_and_bread,382.0,9.0,60.0,6.0,Fufu_with_Light_Soup_with_Goat_Meat,817.0,37.0,73.0,16.0,Angwamu_(Oil_Rice)_with_Hot_Pepper_and_Egg,615.79,38.98,64.77,13.31,Atsoomo_(Chin-Chin),307.38,5.91,36.59,10.85,2122.17,90.89,234.36,46.16
34,Male,62.4,1.72,Weight Loss,Oatmeal,336.42,9.46,47.78,5.3,Jollof_Rice_with_Chicken,619.2,39.43,64.97,13.31,Angwamu_(Oil_Rice)_with_Hot_Pepper_and_Egg,615.79,38.98,64.77,13.31,Atsoomo_(Chin-Chin),307.38,5.91,36.59,10.85,1878.79,93.78,214.11,42.77
62,Female,72.8,1.62,Muscle Gain,Koko_with_Bofroat_(corn_dough_porridge_with_buffloaf),431.0,9.0,62.0,9.0,Jollof_Rice_with_Chicken,619.2,39.43,64.97,13.31,Banku_with_Okra_Soup,653.0,37.0,85.0,10.0,Plantain_Chips,288.0,3.0,44.0,8.0,1991.2,88.43,255.97,40.31
82,Female,68.5,1.51,Muscle Gain,Tom_Brown_and_bread,306.0,10.0,58.0,4.0,Waakye_and_Fish_with_egg,614.0,43.0,61.0,8.0,Plain_Rice_with_Chicken,627.0,54.0,59.0,12.0,Atsoomo_(Chin-Chin),307.38,5.91,36.59,10.85,1854.38,112.91,214.59,34.85
28,Female,55.5,1.7,Weight Loss,Tom_Brown_and_bread,339.0,10.0,52.0,4.0,Angwamu_(Oil_Rice)_with_Hot_Pepper_and_Egg,597.0,25.0,61.0,16.0,Angwamu_(Oil_Rice)_with_Hot_Pepper_and_Egg,615.79,38.98,64.77,13.31,Atsoomo_(Chin-Chin),390.0,4.0,32.0,16.0,1941.79,77.98,209.77,49.31
39,Male,72.5,1.79,Muscle Gain,Koko_with_Bofroat_(corn_dough_porridge_with_buffloaf),501.0,14.0,56.0,9.0,Plain_Rice_with_Chicken,706.0,54.0,60.0,17.0,Fufu_with_Light_Soup_with_Goat_Meat,673.0,44.0,82.0,13.0,Atsoomo_(Chin-Chin),307.38,5.91,36.59,10.85,2187.38,117.91,234.59,49.85
68,Female,70.9,1.6,Muscle Gain,Oatmeal,313.0,13.0,51.0,3.0,Jollof_Rice_with_Chicken,633.0,48.0,91.0,16.0,Plain_Rice_with_Chicken,644.0,54.0,62.0,14.0,Atsoomo_(Chin-Chin),307.38,5.91,36.59,10.85,1897.38,120.91,240.59,43.85
14,Male,39.3,1.25,Weight Loss,Hausa_Koko_(millet_porridge)_with_Koose,279.0,14.0,39.0,6.0,Waakye_and_Fish_with_egg,517.0,61.0,69.0,8.0,Banku_with_Okra_Soup,595.0,35.0,59.0,8.0,Atsoomo_(Chin-Chin),307.38,5.91,36.59,10.85,1698.38,115.91,203.59,32.85
54,Male,69.0,1.67,Weight Loss,Oatmeal,336.42,9.46,47.78,5.3,Plain_Rice_with_Chicken,744.0,51.0,54.0,12.0,Boiled_Plantain/Yam_and_Garden_egg_stew,460.0,24.0,52.0,6.0,Atsoomo_(Chin-Chin),307.38,5.91,36.59,10.85,1847.8,90.37,190.37,34.15
81,Male,57.1,1.61,Weight Loss,Oatmeal,287.0,9.0,45.0,3.0,Waakye_and_Fish_with_egg,524.0,45.0,64.0,8.0,Angwamu_(Oil_Rice)_with_Hot_Pepper_and_Egg,581.0,27.0,55.0,14.0,Kofi_Brokeman_(Roasted_Plantain_with_Groundnut),234.0,7.0,33.0,5.0,1626.0,88.0,197.0,30.0
29,Female,67.6,1.58,Muscle Gain,Hausa_Koko_(millet_porridge)_with_Koose,408.0,12.0,44.0,8.0,Angwamu_(Oil_Rice)_with_Hot_Pepper_and_Egg,668.0,27.0,55.0,18.0,Plain_Rice_with_Chicken,662.0,60.0,77.0,16.0,Atsoomo_(Chin-Chin),307.38,5.91,36.59,10.85,2045.38,104.91,212.59,52.85
42,Male,63.5,1.62,Weight Loss,Oatmeal,317.0,11.0,38.0,3.0,Jollof_Rice_with_Chicken,619.2,39.43,64.97,13.31,Waakye_and_Fish_with_egg,713.0,51.0,65.0,9.0,Atsoomo_(Chin-Chin),307.38,5.91,36.59,10.85,1956.58,107.34,204.56,36.16
35,Female,79.4,1.57,Muscle Gain,Tom_Brown_and_bread,423.0,9.0,62.0,6.0,Plain_Rice_with_Chicken,772.0,60.0,66.0,20.0,Waakye_and_Fish_with_egg,586.0,45.0,76.0,12.0,Atsoomo_(Chin-Chin),307.38,5.91,36.59,10.85,2088.38,119.91,240.59,48.85
28,Female,63.7,1.5,Weight Loss,Rice_water_and_bread,312.0,7.0,55.0,3.0,Red-Red_(Beans_and_Plantain_with_red_oil),485.0,25.0,49.0,15.0,Boiled_Plantain/Yam_and_Garden_egg_stew,460.0,18.0,49.0,8.0,Kofi_Brokeman_(Roasted_Plantain_with_Groundnut),234.0,7.0,36.0,7.0,1491.0,57.0,189.0,33.0
16,Female,49.6,1.24,Muscle Gain,Hausa_Koko_(millet_porridge)_with_Koose,299.0,15.0,39.0,7.0,Boiled_Plantain/Yam_and_Garden_egg_stew,371.0,24.0,69.0,10.0,Plain_Rice_with_Chicken,503.0,57.0,74.0,16.0,Atsoomo_(Chin-Chin),281.0,4.0,39.0,19.0,1454.0,100.0,221.0,52.0
38,Male,86.3,1.77,Muscle Gain,Hausa_Koko_(millet_porridge)_with_Koose,371.0,14.0,42.0,7.0,Red-Red_(Beans_and_Plantain_with_red_oil),655.0,37.0,48.0,20.0,Banku_with_Okra_Soup,668.0,40.0,74.0,13.0,Atsoomo_(Chin-Chin),307.38,5.91,36.59,10.85,2001.38,96.91,200.59,50.85
41,Female,78.8,1.56,Muscle Gain,Tom_Brown_and_bread,401.0,8.0,56.0,6.0,Fufu_with_Light_Soup_with_Goat_Meat,766.0,37.0,70.0,13.0,Banku_and_Tilapia_with_Hot_Pepper,730.0,43.0,68.0,17.0,Roasted/Boiled_Maize_with_Coconut,284.0,6.0,45.0,9.0,2181.0,94.0,239.0,45.0
28,Female,57.2,1.56,Weight Loss,Koko_with_Bofroat_(corn_dough_porridge_with_buffloaf),369.0,9.0,60.0,8.0,Jollof_Rice_with_Chicken,669.0,40.0,81.0,17.0,Banku_and_Tilapia_with_Hot_Pepper,611.0,32.0,56.0,12.0,Roasted/Boiled_Maize_with_Coconut,256.0,5.0,37.0,6.0,1905.0,86.0,234.0,43.0
17,Male,49.3,1.36,Weight Loss,Tea/Milo/Coffee_with_bread,224.0,7.0,35.0,5.0,Banku_with_Okra_Soup,519.0,33.0,73.0,8.0,Tuo_Zaafi_with_Meat_Stew,513.0,47.0,62.0,12.0,Atsoomo_(Chin-Chin),307.38,5.91,36.59,10.85,1563.38,92.91,206.59,35.85
42,Male,72.3,1.72,Muscle Gain,Hausa_Koko_(millet_porridge)_with_Koose,437.0,13.0,48.0,7.0,Red-Red_(Beans_and_Plantain_with_red_oil),548.0,31.0,56.0,18.0,Tuo_Zaafi_with_Meat_Stew,675.0,37.0,75.0,13.0,Atsoomo_(Chin-Chin),307.38,5.91,36.59,10.85,1967.38,86.91,215.59,48.85
28,Male,64.2,1.72,Weight Loss,Tom_Brown_and_bread,328.0,9.0,48.0,4.0,Jollof_Rice_with_Chicken,773.0,41.0,80.0,13.0,Fufu_with_Light_Soup_with_Goat_Meat,623.0,35.0,61.0,10.0,Atsoomo_(Chin-Chin),307.38,5.91,36.59,10.85,2031.38,90.91,225.59,37.85
21,Male,62.9,1.73,Weight Loss,Koko_with_Bofroat_(corn_dough_porridge_with_buffloaf),463.0,11.0,53.0,8.0,Tuo_Zaafi_with_Meat_Stew,678.0,33.0,66.0,9.0,Red-Red_(Beans_and_Plantain_with_red_oil),564.0,34.0,47.0,13.0,Atsoomo_(Chin-Chin),307.38,5.91,36.59,10.85,2012.38,83.91,202.59,40.85
63,Male,63.9,1.71,Weight Loss,Oatmeal,336.42,9.46,47.78,5.3,Fufu_with_Light_Soup_with_Goat_Meat,672.0,41.0,66.0,8.0,Plain_Rice_with_Chicken,618.0,46.0,54.0,10.0,Atsoomo_(Chin-Chin),307.38,5.91,36.59,10.85,1933.8,102.37,204.37,34.15
66,Female,72.4,1.55,Muscle Gain,Tea/Milo/Coffee_with_bread,261.0,6.0,37.0,6.0,Kenkey_and_Fried_Fish_with_Hot_Pepper,534.0,40.0,68.0,15.0,Angwamu_(Oil_Rice)_with_Hot_Pepper_and_Egg,615.79,38.98,64.77,13.31,Atsoomo_(Chin-Chin),307.38,5.91,36.59,10.85,1718.17,90.89,206.36,45.16
39,Male,70.1,1.64,Muscle Gain,Tom_Brown_and_bread,441.0,10.0,65.0,6.0,Fufu_with_Light_Soup_with_Goat_Meat,849.0,49.0,91.0,14.0,Banku_and_Tilapia_with_Hot_Pepper,743.0,46.0,70.0,13.0,Atsoomo_(Chin-Chin),307.38,5.91,36.59,10.85,2340.38,110.91,262.59,43.85
70,Female,57.6,1.58,Weight Loss,Rice_water_and_bread,272.0,7.0,48.0,2.0,Red-Red_(Beans_and_Plantain_with_red_oil),414.0,31.0,43.0,10.0,Plain_Rice_with_Chicken,585.0,39.0,62.0,11.0,Atsoomo_(Chin-Chin),307.38,5.91,36.59,10.85,1578.38,82.91,189.59,33.85
64,Male,73.3,1.68,Muscle Gain,White_porridge_and_bread,326.0,8.0,47.0,5.0,Waakye_and_Fish_with_egg,729.0,58.0,61.0,10.0,Kenkey_and_Fried_Fish_with_Hot_Pepper,638.0,50.0,51.0,18.0,Atsoomo_(Chin-Chin),425.0,3.0,36.0,16.0,2118.0,119.0,195.0,49.0
8,Female,42.8,1.02,Muscle Gain,Hausa_Koko_(millet_porridge)_with_Koose,310.0,16.0,40.0,7.0,Tuo_Zaafi_with_Meat_Stew,553.0,38.0,82.0,15.0,Boiled_Plantain/Yam_and_Garden_egg_stew,414.0,31.0,68.0,9.0,Kofi_Brokeman_(Roasted_Plantain_with_Groundnut),233.0,9.0,36.0,9.0,1510.0,94.0,226.0,40.0
80,Male,71.4,1.62,Muscle Gain,Hausa_Koko_(millet_porridge)_with_Koose,335.0,15.0,43.0,5.0,Plain_Rice_with_Chicken,671.0,55.0,70.0,15.0,Angwamu_(Oil_Rice)_with_Hot_Pepper_and_Egg,535.0,33.0,55.0,18.0,Atsoomo_(Chin-Chin),307.38,5.91,36.59,10.85,1848.38,108.91,204.59,48.85
39,Female,57.6,1.66,Weight Loss,Tea/Milo/Coffee_with_bread,249.0,6.0,36.0,6.0,Boiled_Plantain/Yam_and_Garden_egg_stew,545.0,21.0,57.0,6.0,Plain_Rice_with_Chicken,707.0,40.0,62.0,13.0,Atsoomo_(Chin-Chin),307.38,5.91,36.59,10.85,1808.38,72.91,191.59,35.85
13,Male,47.0,1.21,Muscle Gain,Hausa_Koko_(millet_porridge)_with_Koose,297.0,18.0,47.0,8.0,Plain_Rice_with_Chicken,667.0,62.0,65.0,17.0,Angwamu_(Oil_Rice)_with_Hot_Pepper_and_Egg,525.0,34.0,58.0,21.0,Atsoomo_(Chin-Chin),307.38,5.91,36.59,10.85,1796.38,119.91,206.59,56.85
60,Male,72.1,1.59,Muscle Gain,White_porridge_and_bread,414.0,8.0,50.0,5.0,Banku_and_Tilapia_with_Hot_Pepper,706.0,42.0,60.0,16.0,Waakye_and_Fish_with_egg,807.0,57.0,64.0,12.0,Atsoomo_(Chin-Chin),307.38,5.91,36.59,10.85,2234.38,112.91,210.59,43.85
59,Male,81.5,1.61,Muscle Gain,Oatmeal,346.0,9.0,46.0,5.0,Fufu_with_Light_Soup_with_Goat_Meat,887.0,44.0,79.0,14.0,Jollof_Rice_with_Chicken,886.0,57.0,81.0,18.0,Atsoomo_(Chin-Chin),307.38,5.91,36.59,10.85,2426.38,115.91,242.59,47.85
27,Female,74.5,1.56,Muscle Gain,Rice_water_and_bread,294.0,9.0,53.0,4.0,Tuo_Zaafi_with_Meat_Stew,622.0,36.0,71.0,14.0,Kenkey_and_Fried_Fish_with_Hot_Pepper,711.0,45.0,57.0,22.0,Agbelikaklo_with_Coconut,338.0,6.0,57.0,9.0,1965.0,96.0,238.0,49.0
78,Male,74.6,1.64,Muscle Gain,Oatmeal,306.0,10.0,38.0,4.0,Red-Red_(Beans_and_Plantain_with_red_oil),518.0,31.0,60.0,16.0,Angwamu_(Oil_Rice)_with_Hot_Pepper_and_Egg,598.0,34.0,64.0,16.0,Kofi_Brokeman_(Roasted_Plantain_with_Groundnut),271.0,7.0,35.0,6.0,1693.0,82.0,197.0,42.0
73,Male,59.7,1.66,Weight Loss,Rice_water_and_bread,258.0,7.0,42.0,3.0,Banku_and_Tilapia_with_Hot_Pepper,504.0,39.0,63.0,8.0,Banku_with_Okra_Soup,518.0,35.0,73.0,6.0,Atsoomo_(Chin-Chin),307.38,5.91,36.59,10.85,1587.38,86.91,214.59,27.85
82,Female,66.9,1.55,Muscle Gain,Oatmeal,246.0,10.0,39.0,4.0,Fufu_with_Light_Soup_with_Goat_Meat,584.0,42.0,86.0,12.0,Angwamu_(Oil_Rice)_with_Hot_Pepper_and_Egg,577.0,28.0,63.0,17.0,Kofi_Brokeman_(Roasted_Plantain_with_Groundnut),238.0,7.0,43.0,7.0,1645.0,87.0,231.0,40.0
82,Male,69.3,1.61,Muscle Gain,Oatmeal,336.42,9.46,47.78,5.3,Banku_and_Tilapia_with_Hot_Pepper,653.0,48.0,66.0,13.0,Angwamu_(Oil_Rice)_with_Hot_Pepper_and_Egg,615.79,38.98,64.77,13.31,Agbelikaklo_with_Coconut,336.0,4.0,50.0,7.0,1941.21,100.44,228.55,38.61
29,Female,70.6,1.5,Muscle Gain,Oatmeal,336.42,9.46,47.78,5.3,Tuo_Zaafi_with_Meat_Stew,598.0,42.0,79.0,16.0,Plain_Rice_with_Chicken,709.0,61.0,60.0,15.0,Atsoomo_(Chin-Chin),307.38,5.91,36.59,10.85,1950.8,118.37,223.37,47.15
74,Male,61.1,1.68,Weight Loss,Rice_water_and_bread,336.0,7.0,51.0,2.0,Banku_with_Okra_Soup,623.0,27.0,76.0,6.0,Waakye_and_Fish_with_egg,569.0,50.0,59.0,6.0,Roasted/Boiled_Maize_with_Coconut,277.0,5.0,31.0,4.0,1805.0,89.0,217.0,18.0
57,Female,55.9,1.55,Weight Loss,Rice_water_and_bread,321.0,6.0,52.0,4.0,Banku_with_Okra_Soup,594.0,28.0,63.0,8.0,Banku_and_Tilapia_with_Hot_Pepper,514.0,40.0,50.0,11.0,Atsoomo_(Chin-Chin),307.38,5.91,36.59,10.85,1736.38,79.91,201.59,33.85
15,Female,41.9,1.21,Weight Loss,Tom_Brown_and_bread,250.0,12.0,56.0,4.0,Waakye_and_Fish_with_egg,549.0,56.0,55.0,8.0,Angwamu_(Oil_Rice)_with_Hot_Pepper_and_Egg,615.79,38.98,64.77,13.31,Roasted/Boiled_Maize_with_Coconut,216.0,6.0,33.0,6.0,1630.79,112.98,208.77,31.31
24,Male,69.1,1.65,Weight Loss,White_porridge_and_bread,399.0,6.0,53.0,4.0,Angwamu_(Oil_Rice)_with_Hot_Pepper_and_Egg,556.0,27.0,53.0,14.0,Red-Red_(Beans_and_Plantain_with_red_oil),561.0,27.0,44.0,13.0,Atsoomo_(Chin-Chin),307.38,5.91,36.59,10.85,1823.38,65.91,186.59,41.85
14,Male,50.5,1.25,Muscle Gain,Koko_with_Bofroat_(corn_dough_porridge_with_buffloaf),405.0,16.0,64.0,8.0,Waakye_and_Fish_with_egg,517.0,58.0,75.0,12.0,Angwamu_(Oil_Rice)_with_Hot_Pepper_and_Egg,546.0,33.0,59.0,22.0,Atsoomo_(Chin-Chin),307.38,5.91,36.59,10.85,1775.38,112.91,234.59,52.85
48,Male,81.9,1.7,Muscle Gain,White_porridge_and_bread,431.0,8.0,51.0,5.0,Boiled_Plantain/Yam_and_Garden_egg_stew,542.0,27.0,67.0,8.0,Angwamu_(Oil_Rice)_with_Hot_Pepper_and_Egg,615.79,38.98,64.77,13.31,Atsoomo_(Chin-Chin),307.38,5.91,36.59,10.85,1896.17,79.89,219.36,37.16
84,Female,68.6,1.53,Muscle Gain,Oatmeal,261.0,10.0,50.0,3.0,Waakye_and_Fish_with_egg,673.0,51.0,72.0,10.0,Angwamu_(Oil_Rice)_with_Hot_Pepper_and_Egg,615.79,38.98,64.77,13.31,Atsoomo_(Chin-Chin),307.38,5.91,36.59,10.85,1857.17,105.89,223.36,37.16
51,Male,78.8,1.69,Muscle Gain,Rice_water_and_bread,366.0,8.0,48.0,5.0,Waakye_and_Fish_with_egg,784.0,62.0,66.0,10.0,Fufu_with_Light_Soup_with_Goat_Meat,716.0,43.0,86.0,13.0,Atsoomo_(Chin-Chin),307.38,5.91,36.59,10.85,2173.38,118.91,236.59,38.85
48,Male,55.9,1.69,Weight Loss,Koko_with_Bofroat_(corn_dough_porridge_with_buffloaf),470.0,11.0,56.0,8.0,Red-Red_(Beans_and_Plantain_with_red_oil),475.0,29.0,53.0,14.0,Angwamu_(Oil_Rice)_with_Hot_Pepper_and_Egg,546.0,30.0,57.0,17.0,Atsoomo_(Chin-Chin),307.38,5.91,36.59,10.85,1798.38,75.91,202.59,49.85
11,Female,54.5,1.15,Muscle Gain,Oatmeal,336.42,9.46,47.78,5.3,Jollof_Rice_with_Chicken,619.2,39.43,64.97,13.31,Banku_and_Tilapia_with_Hot_Pepper,509.0,51.0,57.0,13.0,Plantain_Chips,259.0,3.0,50.0,12.0,1723.62,102.89,219.75,43.61
11,Female,45.1,1.2,Weight Loss,Tea/Milo/Coffee_with_bread,248.0,6.0,33.0,4.0,Jollof_Rice_with_Chicken,619.2,39.43,64.97,13.31,Fufu_with_Light_Soup_with_Goat_Meat,476.0,44.0,78.0,10.0,Atsoomo_(Chin-Chin),307.38,5.91,36.59,10.85,1650.58,95.34,212.56,38.16
77,Female,55.8,1.54,Weight Loss,Koko_with_Bofroat_(corn_dough_porridge_with_buffloaf),335.0,10.0,58.0,7.0,Fufu_with_Light_Soup_with_Goat_Meat,663.0,35.0,62.0,9.0,Banku_and_Tilapia_with_Hot_Pepper,583.0,34.0,58.0,8.0,Atsoomo_(Chin-Chin),307.38,5.91,36.59,10.85,1888.38,84.91,214.59,34.85
85,Female,52.3,1.55,Weight Loss,Oatmeal,266.0,9.0,42.0,2.0,Boiled_Plantain/Yam_and_Garden_egg_stew,470.0,19.0,63.0,6.0,Banku_with_Okra_Soup,609.0,30.0,67.0,7.0,Roasted/Boiled_Maize_with_Coconut,200.0,5.0,35.0,5.0,1545.0,63.0,207.0,20.0
24,Female,60.6,1.57,Weight Loss,Koko_with_Bofroat_(corn_dough_porridge_with_buffloaf),386.0,10.0,46.0,7.0,Banku_and_Tilapia_with_Hot_Pepper,602.0,40.0,59.0,10.0,Angwamu_(Oil_Rice)_with_Hot_Pepper_and_Egg,582.0,22.0,60.0,16.0,Kofi_Brokeman_(Roasted_Plantain_with_Groundnut),287.0,7.0,40.0,7.0,1857.0,79.0,205.0,40.0
35,Female,68.1,1.51,Muscle Gain,Koko_with_Bofroat_(corn_dough_porridge_with_buffloaf),380.0,12.0,59.0,8.0,Waakye_and_Fish_with_egg,737.0,56.0,68.0,11.0,Banku_and_Tilapia_with_Hot_Pepper,674.0,44.0,57.0,14.0,Atsoomo_(Chin-Chin),307.38,5.91,36.59,10.85,2098.38,117.91,220.59,43.85
82,Male,57.0,1.6,Weight Loss,Tea/Milo/Coffee_with_bread,304.0,5.0,34.0,5.0,Tuo_Zaafi_with_Meat_Stew,632.0,38.0,72.0,8.0,Plain_Rice_with_Chicken,674.0,53.0,64.0,12.0,Atsoomo_(Chin-Chin),307.38,5.91,36.59,10.85,1917.38,101.91,206.59,35.85
14,Male,51.3,1.23,Muscle Gain,Oatmeal,336.42,9.46,47.78,5.3,Banku_and_Tilapia_with_Hot_Pepper,597.0,57.0,72.0,12.0,Kenkey_and_Fried_Fish_with_Hot_Pepper,580.0,49.0,52.0,22.0,Atsoomo_(Chin-Chin),307.38,5.91,36.59,10.85,1820.8,121.37,208.37,50.15
59,Male,59.6,1.67,Weight Loss,Oatmeal,336.42,9.46,47.78,5.3,Waakye_and_Fish_with_egg,584.0,47.0,63.0,10.0,Plain_Rice_with_Chicken,669.0,46.0,67.0,13.0,Atsoomo_(Chin-Chin),307.38,5.91,36.59,10.85,1896.8,108.37,214.37,39.15
35,Male,69.4,1.7,Weight Loss,Rice_water_and_bread,319.0,8.0,45.0,3.0,Boiled_Plantain/Yam_and_Garden_egg_stew,548.0,19.0,61.0,6.0,Plain_Rice_with_Chicken,695.0,42.0,63.0,12.0,Atsoomo_(Chin-Chin),307.38,5.91,36.59,10.85,1869.38,74.91,205.59,31.85
77,Male,70.2,1.64,Muscle Gain,Tom_Brown_and_bread,397.0,9.0,51.0,4.0,Fufu_with_Light_Soup_with_Goat_Meat,743.0,49.0,84.0,13.0,Waakye_and_Fish_with_egg,598.0,45.0,70.0,8.0,Plantain_Chips,261.0,3.0,49.0,9.0,1999.0,106.0,254.0,34.0
14,Male,51.7,1.27,Muscle Gain,White_porridge_and_bread,298.0,8.0,47.0,6.0,Waakye_and_Fish_with_egg,647.0,66.0,61.0,13.0,Plain_Rice_with_Chicken,646.0,68.0,71.0,16.0,Atsoomo_(Chin-Chin),307.38,5.91,36.59,10.85,1898.38,147.91,215.59,45.85
6,Male,40.9,1.0,Muscle Gain,Koko_with_Bofroat_(corn_dough_porridge_with_buffloaf),371.0,15.0,63.0,9.0,Red-Red_(Beans_and_Plantain_with_red_oil),456.0,36.0,52.0,15.0,Banku_and_Tilapia_with_Hot_Pepper,565.0,58.0,63.0,13.0,Kofi_Brokeman_(Roasted_Plantain_with_Groundnut),275.0,9.0,35.0,10.0,1667.0,118.0,213.0,47.0
83,Female,57.1,1.56,Weight Loss,Oatmeal,336.42,9.46,47.78,5.3,Red-Red_(Beans_and_Plantain_with_red_oil),396.0,26.0,47.0,10.0,Boiled_Plantain/Yam_and_Garden_egg_stew,378.0,20.0,57.0,6.0,Atsoomo_(Chin-Chin),307.38,5.91,36.59,10.85,1417.8,61.37,188.37,32.15
27,Male,65.3,1.7,Weight Loss,Oatmeal,336.42,9.46,47.78,5.3,Fufu_with_Light_Soup_with_Goat_Meat,620.0,36.0,62.0,11.0,Plain_Rice_with_Chicken,643.0,53.0,71.0,12.0,Roasted/Boiled_Maize_with_Coconut,239.0,6.0,39.0,5.0,1838.42,104.46,219.78,33.3
28,Male,69.3,1.67,Muscle Gain,Rice_water_and_bread,382.0,8.0,50.0,4.0,Waakye_and_Fish_with_egg,839.0,49.0,65.0,13.0,Red-Red_(Beans_and_Plantain_with_red_oil),553.0,33.0,58.0,19.0,Agbelikaklo_with_Coconut,312.0,6.0,53.0,11.0,2086.0,96.0,226.0,47.0
10,Female,43.6,1.13,Weight Loss,Oatmeal,221.0,13.0,36.0,3.0,Banku_and_Tilapia_with_Hot_Pepper,519.0,39.0,63.0,10.0,Tuo_Zaafi_with_Meat_Stew,440.0,43.0,68.0,9.0,Atsoomo_(Chin-Chin),307.38,5.91,36.59,10.85,1487.38,100.91,203.59,32.85
16,Female,43.3,1.28,Weight Loss,Koko_with_Bofroat_(corn_dough_porridge_with_buffloaf),348.0,12.0,51.0,6.0,Boiled_Plantain/Yam_and_Garden_egg_stew,431.0,24.0,64.0,8.0,Red-Red_(Beans_and_Plantain_with_red_oil),446.0,27.0,49.0,14.0,Plantain_Chips,230.0,3.0,41.0,8.0,1455.0,66.0,205.0,36.0
31,Female,57.8,1.59,Weight Loss,Rice_water_and_bread,330.0,8.0,52.0,3.0,Fufu_with_Light_Soup_with_Goat_Meat,740.0,34.0,75.0,12.0,Plain_Rice_with_Chicken,623.0,50.0,56.0,12.0,Atsoomo_(Chin-Chin),307.38,5.91,36.59,10.85,2000.38,97.91,219.59,37.85
8,Female,43.1,1.0,Muscle Gain,Hausa_Koko_(millet_porridge)_with_Koose,350.0,16.0,39.0,7.0,Red-Red_(Beans_and_Plantain_with_red_oil),397.0,43.0,57.0,16.0,Plain_Rice_with_Chicken,497.0,60.0,74.0,20.0,Nkatie_Cake_(Groundnut_Cake),250.0,12.0,27.0,17.0,1494.0,131.0,197.0,60.0
40,Female,66.4,1.53,Muscle Gain,Tom_Brown_and_bread,355.0,8.0,55.0,6.0,Jollof_Rice_with_Chicken,776.0,49.0,88.0,17.0,Red-Red_(Beans_and_Plantain_with_red_oil),480.0,33.0,50.0,20.0,Atsoomo_(Chin-Chin),307.38,5.91,36.59,10.85,1918.38,95.91,229.59,53.85
33,Female,69.1,1.57,Muscle Gain,Oatmeal,333.0,10.0,50.0,5.0,Tuo_Zaafi_with_Meat_Stew,644.0,33.0,67.0,15.0,Angwamu_(Oil_Rice)_with_Hot_Pepper_and_Egg,528.0,28.0,54.0,24.0,Atsoomo_(Chin-Chin),307.38,5.91,36.59,10.85,1812.38,76.91,207.59,54.85
25,Male,67.8,1.79,Weight Loss,Tea/Milo/Coffee_with_bread,275.0,5.0,30.0,7.0,Plain_Rice_with_Chicken,738.0,52.0,55.0,13.0,Angwamu_(Oil_Rice)_with_Hot_Pepper_and_Egg,586.0,23.0,55.0,19.0,Atsoomo_(Chin-Chin),307.38,5.91,36.59,10.85,1906.38,85.91,176.59,49.85
25,Male,58.1,1.71,Weight Loss,Koko_with_Bofroat_(corn_dough_porridge_with_buffloaf),387.0,11.0,52.0,7.0,Fufu_with_Light_Soup_with_Goat_Meat,818.0,34.0,80.0,12.0,Angwamu_(Oil_Rice)_with_Hot_Pepper_and_Egg,615.79,38.98,64.77,13.31,Nkatie_Cake_(Groundnut_Cake),380.0,9.0,21.0,12.0,2200.79,92.98,217.77,44.31
37,Male,64.7,1.77,Weight Loss,Tom_Brown_and_bread,338.0,8.0,54.0,4.0,Kenkey_and_Fried_Fish_with_Hot_Pepper,667.0,35.0,46.0,16.0,Banku_with_Okra_Soup,682.0,29.0,63.0,10.0,Atsoomo_(Chin-Chin),307.38,5.91,36.59,10.85,1994.38,77.91,199.59,40.85
43,Female,68.3,1.69,Muscle Gain,Oatmeal,336.42,9.46,47.78,5.3,Plain_Rice_with_Chicken,786.0,46.0,61.0,19.0,Waakye_and_Fish_with_egg,689.0,44.0,61.0,13.0,Plantain_Chips,303.0,3.0,48.0,11.0,2114.42,102.46,217.78,48.3
25,Male,60.1,1.64,Weight Loss,White_porridge_and_bread,304.0,7.0,54.0,4.0,Banku_with_Okra_Soup,632.0,34.0,69.0,10.0,Angwamu_(Oil_Rice)_with_Hot_Pepper_and_Egg,615.79,38.98,64.77,13.31,Atsoomo_(Chin-Chin),307.38,5.91,36.59,10.85,1859.17,85.89,224.36,38.16
33,Female,58.1,1.63,Weight Loss,Koko_with_Bofroat_(corn_dough_porridge_with_buffloaf),404.0,11.0,54.0,8.0,Jollof_Rice_with_Chicken,625.0,40.0,69.0,15.0,Angwamu_(Oil_Rice)_with_Hot_Pepper_and_Egg,615.79,38.98,64.77,13.31,Plantain_Chips,302.0,3.0,36.0,9.0,1946.79,92.98,223.77,45.31
5,Male,37.8,1.0,Muscle Gain,Tea/Milo/Coffee_with_bread,243.0,7.0,35.0,7.0,Red-Red_(Beans_and_Plantain_with_red_oil),442.0,49.0,48.0,16.0,Angwamu_(Oil_Rice)_with_Hot_Pepper_and_Egg,615.79,38.98,64.77,13.31,Atsoomo_(Chin-Chin),307.38,5.91,36.59,10.85,1608.17,100.89,184.36,47.16
69,Female,68.0,1.56,Muscle Gain,Rice_water_and_bread,302.0,9.0,47.0,4.0,Jollof_Rice_with_Chicken,629.0,52.0,95.0,17.0,Angwamu_(Oil_Rice)_with_Hot_Pepper_and_Egg,615.79,38.98,64.77,13.31,Atsoomo_(Chin-Chin),335.0,4.0,32.0,16.0,1881.79,103.98,238.77,50.31
80,Male,71.6,1.61,Muscle Gain,Rice_water_and_bread,332.0,8.0,60.0,3.0,Kenkey_and_Fried_Fish_with_Hot_Pepper,674.0,48.0,54.0,18.0,Plain_Rice_with_Chicken,767.0,54.0,76.0,16.0,Atsoomo_(Chin-Chin),307.38,5.91,36.59,10.85,2080.38,115.91,226.59,47.85
56,Female,53.2,1.66,Weight Loss,Tom_Brown_and_bread,344.0,8.0,57.0,4.0,Boiled_Plantain/Yam_and_Garden_egg_stew,525.0,20.0,49.0,7.0,Waakye_and_Fish_with_egg,706.0,45.0,63.0,9.0,Atsoomo_(Chin-Chin),307.38,5.91,36.59,10.85,1882.38,78.91,205.59,30.85
74,Male,58.7,1.64,Weight Loss,Rice_water_and_bread,327.0,6.0,51.0,3.0,Tuo_Zaafi_with_Meat_Stew,695.0,33.0,76.0,8.0,Fufu_with_Light_Soup_with_Goat_Meat,559.0,39.0,61.0,8.0,Atsoomo_(Chin-Chin),307.38,5.91,36.59,10.85,1888.38,83.91,224.59,29.85
56,Female,51.0,1.55,Weight Loss,Tom_Brown_and_bread,302.0,10.0,48.0,4.0,Waakye_and_Fish_with_egg,529.0,40.0,71.0,9.0,Banku_and_Tilapia_with_Hot_Pepper,582.0,35.0,50.0,10.0,Nkatie_Cake_(Groundnut_Cake),341.0,9.0,24.0,15.0,1754.0,94.0,193.0,38.0
48,Female,77.5,1.58,Muscle Gain,Oatmeal,286.0,13.0,46.0,5.0,Jollof_Rice_with_Chicken,619.2,39.43,64.97,13.31,Plain_Rice_with_Chicken,760.0,51.0,63.0,17.0,Atsoomo_(Chin-Chin),307.38,5.91,36.59,10.85,1972.58,109.34,210.56,46.16
68,Female,68.8,1.57,Muscle Gain,Hausa_Koko_(millet_porridge)_with_Koose,339.0,12.0,42.0,5.0,Jollof_Rice_with_Chicken,619.2,39.43,64.97,13.31,Angwamu_(Oil_Rice)_with_Hot_Pepper_and_Egg,615.79,38.98,64.77,13.31,Atsoomo_(Chin-Chin),307.38,5.91,36.59,10.85,1881.37,96.32,208.33,42.47
82,Male,59.8,1.61,Weight Loss,Hausa_Koko_(millet_porridge)_with_Koose,379.0,13.0,41.0,4.0,Red-Red_(Beans_and_Plantain_with_red_oil),473.0,27.0,52.0,10.0,Angwamu_(Oil_Rice)_with_Hot_Pepper_and_Egg,485.0,29.0,52.0,13.0,Atsoomo_(Chin-Chin),307.38,5.91,36.59,10.85,1644.38,74.91,181.59,37.85
30,Female,51.5,1.57,Weight Loss,Tom_Brown_and_bread,303.0,7.0,56.0,4.0,Kenkey_and_Fried_Fish_with_Hot_Pepper,633.0,40.0,49.0,13.0,Waakye_and_Fish_with_egg,688.0,44.0,57.0,8.0,Roasted/Boiled_Maize_with_Coconut,220.0,6.0,36.0,6.0,1844.0,97.0,198.0,31.0
13,Male,46.3,1.19,Muscle Gain,Koko_with_Bofroat_(corn_dough_porridge_with_buffloaf),379.0,10.0,58.0,9.0,Fufu_with_Light_Soup_with_Goat_Meat,589.0,46.0,78.0,13.0,Banku_with_Okra_Soup,612.0,42.0,65.0,12.0,Atsoomo_(Chin-Chin),307.38,5.91,36.59,10.85,1887.38,103.91,237.59,44.85
35,Male,70.2,1.75,Weight Loss,Tea/Milo/Coffee_with_bread,269.0,6.0,36.0,6.0,Jollof_Rice_with_Chicken,619.2,39.43,64.97,13.31,Angwamu_(Oil_Rice)_with_Hot_Pepper_and_Egg,615.79,38.98,64.77,13.31,Atsoomo_(Chin-Chin),307.38,5.91,36.59,10.85,1811.37,90.32,202.33,43.47
17,Female,46.7,1.26,Weight Loss,Oatmeal,240.0,13.0,45.0,3.0,Banku_with_Okra_Soup,433.0,36.0,59.0,8.0,Fufu_with_Light_Soup_with_Goat_Meat,571.0,46.0,63.0,10.0,Roasted/Boiled_Maize_with_Coconut,171.0,7.0,40.0,5.0,1415.0,102.0,207.0,26.0
31,Female,59.6,1.62,Weight Loss,Tea/Milo/Coffee_with_bread,266.0,6.0,33.0,5.0,Jollof_Rice_with_Chicken,619.2,39.43,64.97,13.31,Fufu_with_Light_Soup_with_Goat_Meat,712.0,35.0,79.0,11.0,Atsoomo_(Chin-Chin),307.38,5.91,36.59,10.85,1904.58,86.34,213.56,40.16
67,Male,63.4,1.66,Weight Loss,Tom_Brown_and_bread,302.0,8.0,55.0,3.0,Boiled_Plantain/Yam_and_Garden_egg_stew,457.0,23.0,62.0,6.0,Angwamu_(Oil_Rice)_with_Hot_Pepper_and_Egg,584.0,24.0,48.0,13.0,Atsoomo_(Chin-Chin),307.38,5.91,36.59,10.85,1650.38,60.91,201.59,32.85
63,Male,79.2,1.7,Muscle Gain,Oatmeal,336.42,9.46,47.78,5.3,Fufu_with_Light_Soup_with_Goat_Meat,808.0,40.0,86.0,14.0,Kenkey_and_Fried_Fish_with_Hot_Pepper,605.0,46.0,56.0,16.0,Atsoomo_(Chin-Chin),307.38,5.91,36.59,10.85,2056.8,101.37,226.37,46.15
47,Female,74.2,1.65,Muscle Gain,Oatmeal,271.0,13.0,51.0,5.0,Banku_with_Okra_Soup,654.0,36.0,78.0,11.0,Plain_Rice_with_Chicken,710.0,58.0,74.0,18.0,Atsoomo_(Chin-Chin),307.38,5.91,36.59,10.85,1942.38,112.91,239.59,44.85
68,Female,69.6,1.54,Muscle Gain,White_porridge_and_bread,272.0,7.0,56.0,5.0,Red-Red_(Beans_and_Plantain_with_red_oil),536.0,30.0,54.0,15.0,Banku_with_Okra_Soup,509.0,34.0,65.0,10.0,Kofi_Brokeman_(Roasted_Plantain_with_Groundnut),244.0,8.0,38.0,7.0,1561.0,79.0,213.0,37.0
27,Male,64.2,1.62,Weight Loss,White_porridge_and_bread,308.0,7.0,43.0,4.0,Angwamu_(Oil_Rice)_with_Hot_Pepper_and_Egg,517.0,29.0,57.0,18.0,Tuo_Zaafi_with_Meat_Stew,677.0,38.0,76.0,10.0,Plantain_Chips,336.0,3.0,37.0,9.0,1838.0,77.0,213.0,41.0
28,Female,61.2,1.58,Weight Loss,Tea/Milo/Coffee_with_bread,243.0,5.0,40.0,6.0,Banku_and_Tilapia_with_Hot_Pepper,589.0,41.0,60.0,12.0,Banku_with_Okra_Soup,515.0,30.0,64.0,10.0,Atsoomo_(Chin-Chin),307.38,5.91,36.59,10.85,1654.38,81.91,200.59,38.85
48,Male,83.8,1.63,Muscle Gain,White_porridge_and_bread,391.0,7.0,51.0,5.0,Jollof_Rice_with_Chicken,619.2,39.43,64.97,13.31,Red-Red_(Beans_and_Plantain_with_red_oil),642.0,39.0,62.0,17.0,Plantain_Chips,367.0,3.0,47.0,11.0,2019.2,88.43,224.97,46.31
17,Female,54.7,1.26,Muscle Gain,Hausa_Koko_(millet_porridge)_with_Koose,268.0,18.0,49.0,7.0,Jollof_Rice_with_Chicken,619.2,39.43,64.97,13.31,Banku_and_Tilapia_with_Hot_Pepper,481.0,45.0,59.0,13.0,Atsoomo_(Chin-Chin),307.38,5.91,36.59,10.85,1675.58,108.34,209.56,44.16
17,Male,45.4,1.33,Weight Loss,Koko_with_Bofroat_(corn_dough_porridge_with_buffloaf),317.0,13.0,47.0,8.0,Plain_Rice_with_Chicken,607.0,66.0,59.0,14.0,Kenkey_and_Fried_Fish_with_Hot_Pepper,457.0,41.0,52.0,17.0,Atsoomo_(Chin-Chin),352.0,4.0,31.0,17.0,1733.0,124.0,189.0,56.0
41,Male,70.4,1.68,Muscle Gain,Tea/Milo/Coffee_with_bread,348.0,7.0,38.0,8.0,Red-Red_(Beans_and_Plantain_with_red_oil),523.0,36.0,47.0,18.0,Angwamu_(Oil_Rice)_with_Hot_Pepper_and_Egg,708.0,30.0,57.0,21.0,Atsoomo_(Chin-Chin),307.38,5.91,36.59,10.85,1886.38,78.91,178.59,57.85
56,Female,69.9,1.62,Muscle Gain,Oatmeal,345.0,12.0,45.0,5.0,Jollof_Rice_with_Chicken,798.0,45.0,89.0,17.0,Banku_and_Tilapia_with_Hot_Pepper,623.0,43.0,65.0,16.0,Agbelikaklo_with_Coconut,316.0,4.0,45.0,10.0,2082.0,104.0,244.0,48.0
72,Female,68.5,1.54,Muscle Gain,Hausa_Koko_(millet_porridge)_with_Koose,345.0,13.0,48.0,5.0,Red-Red_(Beans_and_Plantain_with_red_oil),435.0,33.0,46.0,17.0,Banku_and_Tilapia_with_Hot_Pepper,624.0,42.0,68.0,13.0,Roasted/Boiled_Maize_with_Coconut,235.0,6.0,36.0,6.0,1639.0,94.0,198.0,41.0
41,Female,59.6,1.51,Weight Loss,Tea/Milo/Coffee_with_bread,248.0,6.0,36.0,5.0,Fufu_with_Light_Soup_with_Goat_Meat,726.0,37.0,81.0,12.0,Kenkey_and_Fried_Fish_with_Hot_Pepper,631.0,32.0,56.0,14.0,Atsoomo_(Chin-Chin),307.38,5.91,36.59,10.85,1912.38,80.91,209.59,41.85
52,Male,85.6,1.63,Muscle Gain,Rice_water_and_bread,346.0,8.0,61.0,4.0,Waakye_and_Fish_with_egg,665.0,55.0,73.0,12.0,Plain_Rice_with_Chicken,862.0,67.0,80.0,18.0,Atsoomo_(Chin-Chin),365.0,4.0,29.0,22.0,2238.0,134.0,243.0,56.0
34,Male,57.5,1.72,Weight Loss,Rice_water_and_bread,309.0,8.0,45.0,3.0,Jollof_Rice_with_Chicken,851.0,38.0,84.0,16.0,Fufu_with_Light_Soup_with_Goat_Meat,779.0,34.0,63.0,12.0,Atsoomo_(Chin-Chin),307.38,5.91,36.59,10.85,2246.38,85.91,228.59,41.85
81,Male,72.9,1.6,Muscle Gain,Hausa_Koko_(millet_porridge)_with_Koose,341.0,16.0,44.0,5.0,Plain_Rice_with_Chicken,599.0,67.0,71.0,15.0,Angwamu_(Oil_Rice)_with_Hot_Pepper_and_Egg,615.79,38.98,64.77,13.31,Atsoomo_(Chin-Chin),307.38,5.91,36.59,10.85,1863.17,127.89,216.36,44.16
7,Male,43.1,1.07,Muscle Gain,Koko_with_Bofroat_(corn_dough_porridge_with_buffloaf),357.0,13.0,53.0,8.0,Red-Red_(Beans_and_Plantain_with_red_oil),510.0,48.0,53.0,20.0,Angwamu_(Oil_Rice)_with_Hot_Pepper_and_Egg,615.79,38.98,64.77,13.31,Atsoomo_(Chin-Chin),307.38,5.91,36.59,10.85,1790.17,105.89,207.36,52.16
18,Female,62.4,1.58,Weight Loss,White_porridge_and_bread,336.0,7.0,53.0,4.0,Jollof_Rice_with_Chicken,750.0,37.0,71.0,15.0,Plain_Rice_with_Chicken,700.0,41.0,66.0,14.0,Atsoomo_(Chin-Chin),307.38,5.91,36.59,10.85,2093.38,90.91,226.59,43.85
74,Male,72.7,1.63,Muscle Gain,Hausa_Koko_(millet_porridge)_with_Koose,413.0,13.0,38.0,5.0,Jollof_Rice_with_Chicken,619.2,39.43,64.97,13.31,Tuo_Zaafi_with_Meat_Stew,674.0,45.0,68.0,11.0,Atsoomo_(Chin-Chin),307.38,5.91,36.59,10.85,2013.58,103.34,207.56,40.16
58,Male,62.0,1.64,Weight Loss,White_porridge_and_bread,393.0,7.0,44.0,4.0,Kenkey_and_Fried_Fish_with_Hot_Pepper,592.0,41.0,59.0,14.0,Plain_Rice_with_Chicken,774.0,49.0,54.0,16.0,Atsoomo_(Chin-Chin),341.0,4.0,33.0,16.0,2100.0,101.0,190.0,50.0
81,Male,70.7,1.6,Muscle Gain,Oatmeal,336.42,9.46,47.78,5.3,Tuo_Zaafi_with_Meat_Stew,701.0,34.0,73.0,10.0,Kenkey_and_Fried_Fish_with_Hot_Pepper,525.0,37.0,58.0,17.0,Atsoomo_(Chin-Chin),307.38,5.91,36.59,10.85,1869.8,86.37,215.37,43.15
27,Male,86.2,1.69,Muscle Gain,Tea/Milo/Coffee_with_bread,366.0,6.0,44.0,7.0,Plain_Rice_with_Chicken,878.0,50.0,77.0,15.0,Banku_with_Okra_Soup,734.0,39.0,85.0,10.0,Atsoomo_(Chin-Chin),307.38,5.91,36.59,10.85,2285.38,100.91,242.59,42.85
66,Male,61.5,1.67,Weight Loss,Oatmeal,313.0,9.0,41.0,3.0,Waakye_and_Fish_with_egg,532.0,51.0,61.0,8.0,Angwamu_(Oil_Rice)_with_Hot_Pepper_and_Egg,620.0,27.0,58.0,12.0,Atsoomo_(Chin-Chin),307.38,5.91,36.59,10.85,1772.38,92.91,196.59,33.85
7,Male,46.4,1.04,Muscle Gain,White_porridge_and_bread,311.0,8.0,55.0,5.0,Boiled_Plantain/Yam_and_Garden_egg_stew,502.0,31.0,64.0,11.0,Plain_Rice_with_Chicken,644.0,63.0,68.0,17.0,Atsoomo_(Chin-Chin),307.38,5.91,36.59,10.85,1764.38,107.91,223.59,43.85
40,Female,77.9,1.5,Muscle Gain,Oatmeal,289.0,13.0,50.0,5.0,Waakye_and_Fish_with_egg,638.0,52.0,79.0,11.0,Angwamu_(Oil_Rice)_with_Hot_Pepper_and_Egg,676.0,32.0,58.0,20.0,Atsoomo_(Chin-Chin),307.38,5.91,36.59,10.85,1910.38,102.91,223.59,46.85
27,Male,84.4,1.71,Muscle Gain,Oatmeal,385.0,13.0,51.0,4.0,Waakye_and_Fish_with_egg,790.0,56.0,73.0,11.0,Angwamu_(Oil_Rice)_with_Hot_Pepper_and_Egg,642.0,30.0,53.0,21.0,Atsoomo_(Chin-Chin),307.38,5.91,36.59,10.85,2124.38,104.91,213.59,46.85
48,Female,70.7,1.57,Muscle Gain,Koko_with_Bofroat_(corn_dough_porridge_with_buffloaf),435.0,9.0,55.0,10.0,Angwamu_(Oil_Rice)_with_Hot_Pepper_and_Egg,548.0,30.0,58.0,19.0,Kenkey_and_Fried_Fish_with_Hot_Pepper,664.0,44.0,59.0,18.0,Nkatie_Cake_(Groundnut_Cake),330.0,13.0,23.0,16.0,1977.0,96.0,195.0,63.0
55,Female,61.1,1.62,Weight Loss,Tea/Milo/Coffee_with_bread,320.0,6.0,38.0,5.0,Jollof_Rice_with_Chicken,619.2,39.43,64.97,13.31,Banku_and_Tilapia_with_Hot_Pepper,624.0,35.0,62.0,10.0,Atsoomo_(Chin-Chin),307.38,5.91,36.59,10.85,1870.58,86.34,201.56,39.16
64,Male,59.3,1.7,Weight Loss,Rice_water_and_bread,282.0,7.0,56.0,3.0,Kenkey_and_Fried_Fish_with_Hot_Pepper,487.0,33.0,56.0,14.0,Angwamu_(Oil_Rice)_with_Hot_Pepper_and_Egg,502.0,27.0,59.0,12.0,Kofi_Brokeman_(Roasted_Plantain_with_Groundnut),256.0,7.0,37.0,5.0,1527.0,74.0,208.0,34.0
25,Male,63.0,1.74,Weight Loss,White_porridge_and_bread,372.0,7.0,44.0,4.0,Tuo_Zaafi_with_Meat_Stew,693.0,36.0,68.0,11.0,Banku_with_Okra_Soup,705.0,28.0,62.0,8.0,Kofi_Brokeman_(Roasted_Plantain_with_Groundnut),311.0,7.0,33.0,8.0,2081.0,78.0,207.0,31.0
32,Female,64.6,1.6,Weight Loss,Tom_Brown_and_bread,330.0,9.0,46.0,4.0,Boiled_Plantain/Yam_and_Garden_egg_stew,453.0,21.0,60.0,6.0,Banku_with_Okra_Soup,667.0,29.0,71.0,8.0,Atsoomo_(Chin-Chin),307.38,5.91,36.59,10.85,1757.38,64.91,213.59,28.85
21,Female,56.5,1.54,Weight Loss,Oatmeal,319.0,8.0,45.0,3.0,Angwamu_(Oil_Rice)_with_Hot_Pepper_and_Egg,530.0,26.0,49.0,19.0,Banku_and_Tilapia_with_Hot_Pepper,655.0,36.0,55.0,10.0,Nkatie_Cake_(Groundnut_Cake),326.0,8.0,22.0,16.0,1830.0,78.0,171.0,48.0
11,Male,54.7,1.25,Muscle Gain,White_porridge_and_bread,308.0,8.0,54.0,5.0,Banku_with_Okra_Soup,600.0,46.0,76.0,10.0,Fufu_with_Light_Soup_with_Goat_Meat,701.0,62.0,87.0,16.0,Atsoomo_(Chin-Chin),344.0,3.0,32.0,20.0,1953.0,119.0,249.0,51.0
47,Male,61.1,1.63,Weight Loss,Rice_water_and_bread,334.0,8.0,45.0,4.0,Waakye_and_Fish_with_egg,647.0,47.0,57.0,8.0,Red-Red_(Beans_and_Plantain_with_red_oil),507.0,30.0,44.0,12.0,Atsoomo_(Chin-Chin),307.38,5.91,36.59,10.85,1795.38,90.91,182.59,34.85
52,Female,57.0,1.61,Weight Loss,Oatmeal,317.0,8.0,45.0,3.0,Red-Red_(Beans_and_Plantain_with_red_oil),479.0,28.0,49.0,13.0,Boiled_Plantain/Yam_and_Garden_egg_stew,551.0,21.0,61.0,8.0,Atsoomo_(Chin-Chin),307.38,5.91,36.59,10.85,1654.38,62.91,191.59,34.85
11,Female,43.8,1.16,Weight Loss,Oatmeal,255.0,12.0,40.0,3.0,Fufu_with_Light_Soup_with_Goat_Meat,535.0,43.0,76.0,12.0,Waakye_and_Fish_with_egg,468.0,51.0,67.0,10.0,Atsoomo_(Chin-Chin),307.38,5.91,36.59,10.85,1565.38,111.91,219.59,35.85
26,Female,59.3,1.52,Weight Loss,White_porridge_and_bread,339.0,6.0,46.0,4.0,Kenkey_and_Fried_Fish_with_Hot_Pepper,525.0,36.0,61.0,14.0,Banku_with_Okra_Soup,622.0,30.0,75.0,8.0,Atsoomo_(Chin-Chin),307.38,5.91,36.59,10.85,1793.38,77.91,218.59,36.85
18,Female,74.0,1.52,Muscle Gain,White_porridge_and_bread,403.0,8.0,47.0,5.0,Banku_and_Tilapia_with_Hot_Pepper,649.0,46.0,59.0,12.0,Banku_with_Okra_Soup,672.0,37.0,79.0,12.0,Atsoomo_(Chin-Chin),307.38,5.91,36.59,10.85,2031.38,96.91,221.59,39.85
10,Male,43.2,1.19,Weight Loss,Koko_with_Bofroat_(corn_dough_porridge_with_buffloaf),381.0,9.0,54.0,8.0,Waakye_and_Fish_with_egg,579.0,61.0,62.0,10.0,Angwamu_(Oil_Rice)_with_Hot_Pepper_and_Egg,615.79,38.98,64.77,13.31,Atsoomo_(Chin-Chin),307.38,5.91,36.59,10.85,1883.17,114.89,217.36,42.16
38,Female,70.6,1.65,Muscle Gain,Hausa_Koko_(millet_porridge)_with_Koose,397.0,14.0,48.0,8.0,Jollof_Rice_with_Chicken,754.0,43.0,79.0,21.0,Angwamu_(Oil_Rice)_with_Hot_Pepper_and_Egg,615.79,38.98,64.77,13.31,Agbelikaklo_with_Coconut,312.0,4.0,49.0,9.0,2078.79,99.98,240.77,51.31
58,Male,76.6,1.66,Muscle Gain,Koko_with_Bofroat_(corn_dough_porridge_with_buffloaf),541.0,13.0,60.0,9.0,Banku_with_Okra_Soup,650.0,33.0,82.0,11.0,Boiled_Plantain/Yam_and_Garden_egg_stew,566.0,26.0,71.0,9.0,Nkatie_Cake_(Groundnut_Cake),377.0,9.0,27.0,20.0,2134.0,81.0,240.0,49.0
17,Male,60.1,1.34,Muscle Gain,Oatmeal,336.42,9.46,47.78,5.3,Plain_Rice_with_Chicken,678.0,74.0,69.0,20.0,Angwamu_(Oil_Rice)_with_Hot_Pepper_and_Egg,546.0,34.0,58.0,22.0,Atsoomo_(Chin-Chin),307.38,5.91,36.59,10.85,1867.8,123.37,211.37,58.15
23,Male,81.2,1.65,Muscle Gain,Tom_Brown_and_bread,430.0,13.0,51.0,5.0,Red-Red_(Beans_and_Plantain_with_red_oil),612.0,37.0,58.0,18.0,Angwamu_(Oil_Rice)_with_Hot_Pepper_and_Egg,615.79,38.98,64.77,13.31,Atsoomo_(Chin-Chin),307.38,5.91,36.59,10.85,1965.17,94.89,210.36,47.16
33,Female,79.7,1.57,Muscle Gain,Tea/Milo/Coffee_with_bread,265.0,7.0,36.0,7.0,Angwamu_(Oil_Rice)_with_Hot_Pepper_and_Egg,588.0,28.0,65.0,24.0,Tuo_Zaafi_with_Meat_Stew,720.0,42.0,83.0,12.0,Atsoomo_(Chin-Chin),307.38,5.91,36.59,10.85,1880.38,82.91,220.59,53.85
84,Male,57.8,1.63,Weight Loss,White_porridge_and_bread,284.0,6.0,49.0,3.0,Tuo_Zaafi_with_Meat_Stew,621.0,38.0,72.0,9.0,Plain_Rice_with_Chicken,577.0,47.0,70.0,12.0,Agbelikaklo_with_Coconut,322.0,4.0,41.0,7.0,1804.0,95.0,232.0,31.0
10,Female,48.7,1.09,Muscle Gain,White_porridge_and_bread,240.0,8.0,57.0,6.0,Jollof_Rice_with_Chicken,619.2,39.43,64.97,13.31,Boiled_Plantain/Yam_and_Garden_egg_stew,464.0,24.0,59.0,9.0,Atsoomo_(Chin-Chin),307.38,5.91,36.59,10.85,1630.58,77.34,217.56,39.16
56,Female,53.6,1.53,Weight Loss,Hausa_Koko_(millet_porridge)_with_Koose,344.0,12.0,40.0,6.0,Fufu_with_Light_Soup_with_Goat_Meat,635.0,31.0,63.0,12.0,Red-Red_(Beans_and_Plantain_with_red_oil),443.0,29.0,51.0,14.0,Roasted/Boiled_Maize_with_Coconut,262.0,6.0,40.0,5.0,1684.0,78.0,194.0,37.0
8,Female,42.9,1.01,Muscle Gain,Oatmeal,251.0,14.0,50.0,5.0,Tuo_Zaafi_with_Meat_Stew,550.0,51.0,86.0,14.0,Waakye_and_Fish_with_egg,514.0,50.0,69.0,13.0,Atsoomo_(Chin-Chin),307.38,5.91,36.59,10.85,1622.38,120.91,241.59,42.85
12,Female,48.4,1.25,Weight Loss,Koko_with_Bofroat_(corn_dough_porridge_with_buffloaf),345.0,13.0,56.0,8.0,Banku_and_Tilapia_with_Hot_Pepper,431.0,42.0,61.0,12.0,Boiled_Plantain/Yam_and_Garden_egg_stew,408.0,20.0,64.0,7.0,Atsoomo_(Chin-Chin),307.38,5.91,36.59,10.85,1491.38,80.91,217.59,37.85
79,Female,56.5,1.53,Weight Loss,White_porridge_and_bread,279.0,6.0,42.0,3.0,Jollof_Rice_with_Chicken,619.2,39.43,64.97,13.31,Boiled_Plantain/Yam_and_Garden_egg_stew,468.0,21.0,66.0,7.0,Atsoomo_(Chin-Chin),307.38,5.91,36.59,10.85,1673.58,72.34,209.56,34.16
39,Male,68.5,1.75,Muscle Gain,White_porridge_and_bread,392.0,6.0,48.0,5.0,Jollof_Rice_with_Chicken,838.0,54.0,86.0,18.0,Red-Red_(Beans_and_Plantain_with_red_oil),528.0,31.0,49.0,17.0,Nkatie_Cake_(Groundnut_Cake),368.0,13.0,21.0,20.0,2126.0,104.0,204.0,60.0
55,Male,58.8,1.75,Weight Loss,Rice_water_and_bread,354.0,8.0,54.0,3.0,Red-Red_(Beans_and_Plantain_with_red_oil),469.0,35.0,44.0,12.0,Plain_Rice_with_Chicken,745.0,55.0,71.0,13.0,Atsoomo_(Chin-Chin),307.38,5.91,36.59,10.85,1875.38,103.91,205.59,38.85
7,Male,45.2,1.06,Muscle Gain,Rice_water_and_bread,322.0,10.0,60.0,5.0,Banku_and_Tilapia_with_Hot_Pepper,642.0,66.0,63.0,15.0,Red-Red_(Beans_and_Plantain_with_red_oil),491.0,49.0,52.0,18.0,Nkatie_Cake_(Groundnut_Cake),353.0,10.0,25.0,20.0,1808.0,135.0,200.0,58.0
6,Female,31.0,1.0,Weight Loss,Oatmeal,233.0,10.0,39.0,3.0,Plain_Rice_with_Chicken,519.0,45.0,69.0,13.0,Fufu_with_Light_Soup_with_Goat_Meat,470.0,38.0,77.0,11.0,Atsoomo_(Chin-Chin),307.38,5.91,36.59,10.85,1529.38,98.91,221.59,37.85
48,Female,71.5,1.59,Muscle Gain,White_porridge_and_bread,352.0,7.0,60.0,6.0,Waakye_and_Fish_with_egg,664.0,55.0,76.0,11.0,Banku_with_Okra_Soup,649.0,33.0,81.0,10.0,Atsoomo_(Chin-Chin),307.38,5.91,36.59,10.85,1972.38,100.91,253.59,37.85
71,Male,71.7,1.65,Muscle Gain,Rice_water_and_bread,335.0,9.0,62.0,4.0,Kenkey_and_Fried_Fish_with_Hot_Pepper,662.0,46.0,51.0,14.0,Plain_Rice_with_Chicken,711.0,58.0,65.0,14.0,Nkatie_Cake_(Groundnut_Cake),394.0,9.0,24.0,16.0,2102.0,122.0,202.0,48.0
20,Male,56.9,1.67,Weight Loss,Oatmeal,336.42,9.46,47.78,5.3,Kenkey_and_Fried_Fish_with_Hot_Pepper,579.0,41.0,49.0,14.0,Tuo_Zaafi_with_Meat_Stew,591.0,36.0,72.0,11.0,Atsoomo_(Chin-Chin),307.38,5.91,36.59,10.85,1813.8,92.37,205.37,41.15
12,Female,53.5,1.25,Muscle Gain,Hausa_Koko_(millet_porridge)_with_Koose,278.0,16.0,49.0,8.0,Red-Red_(Beans_and_Plantain_with_red_oil),412.0,33.0,54.0,18.0,Banku_and_Tilapia_with_Hot_Pepper,443.0,50.0,65.0,16.0,Atsoomo_(Chin-Chin),307.38,5.91,36.59,10.85,1440.38,104.91,204.59,52.85
66,Female,57.8,1.6,Weight Loss,Koko_with_Bofroat_(corn_dough_porridge_with_buffloaf),374.0,10.0,57.0,4.0,Kenkey_and_Fried_Fish_with_Hot_Pepper,512.0,35.0,48.0,12.0,Tuo_Zaafi_with_Meat_Stew,646.0,31.0,58.0,8.0,Atsoomo_(Chin-Chin),307.38,5.91,36.59,10.85,1839.38,81.91,199.59,34.85
13,Female,38.1,1.12,Weight Loss,Tea/Milo/Coffee_with_bread,202.0,6.0,30.0,5.0,Waakye_and_Fish_with_egg,568.0,50.0,65.0,8.0,Angwamu_(Oil_Rice)_with_Hot_Pepper_and_Egg,416.0,32.0,56.0,17.0,Roasted/Boiled_Maize_with_Coconut,219.0,6.0,36.0,5.0,1405.0,94.0,187.0,35.0
16,Male,54.5,1.35,Muscle Gain,Oatmeal,336.42,9.46,47.78,5.3,Jollof_Rice_with_Chicken,575.0,56.0,80.0,21.0,Angwamu_(Oil_Rice)_with_Hot_Pepper_and_Egg,518.0,42.0,63.0,20.0,Nkatie_Cake_(Groundnut_Cake),334.0,16.0,28.0,18.0,1763.42,123.46,218.78,64.3
37,Female,50.7,1.58,Weight Loss,White_porridge_and_bread,277.0,7.0,42.0,4.0,Jollof_Rice_with_Chicken,619.2,39.43,64.97,13.31,Banku_and_Tilapia_with_Hot_Pepper,498.0,42.0,55.0,11.0,Kofi_Brokeman_(Roasted_Plantain_with_Groundnut),292.0,7.0,37.0,6.0,1686.2,95.43,198.97,34.31
16,Female,40.3,1.26,Weight Loss,Rice_water_and_bread,208.0,8.0,47.0,3.0,Plain_Rice_with_Chicken,552.0,50.0,55.0,12.0,Boiled_Plantain/Yam_and_Garden_egg_stew,426.0,21.0,61.0,8.0,Atsoomo_(Chin-Chin),307.38,5.91,36.59,10.85,1493.38,84.91,199.59,33.85
24,Female,66.2,1.67,Muscle Gain,Tea/Milo/Coffee_with_bread,289.0,6.0,35.0,9.0,Jollof_Rice_with_Chicken,883.0,44.0,87.0,22.0,Banku_and_Tilapia_with_Hot_Pepper,624.0,45.0,69.0,13.0,Atsoomo_(Chin-Chin),372.0,4.0,32.0,21.0,2168.0,99.0,223.0,65.0
55,Male,66.2,1.76,Weight Loss,Rice_water_and_bread,301.0,7.0,53.0,4.0,Tuo_Zaafi_with_Meat_Stew,742.0,38.0,69.0,12.0,Kenkey_and_Fried_Fish_with_Hot_Pepper,572.0,35.0,54.0,15.0,Plantain_Chips,347.0,3.0,34.0,8.0,1962.0,83.0,210.0,39.0
53,Female,58.6,1.63,Weight Loss,Rice_water_and_bread,286.0,8.0,48.0,3.0,Boiled_Plantain/Yam_and_Garden_egg_stew,490.0,19.0,59.0,8.0,Banku_and_Tilapia_with_Hot_Pepper,543.0,37.0,54.0,10.0,Atsoomo_(Chin-Chin),307.38,5.91,36.59,10.85,1626.38,69.91,197.59,31.85
28,Male,81.2,1.62,Muscle Gain,Tom_Brown_and_bread,409.0,13.0,61.0,5.0,Jollof_Rice_with_Chicken,619.2,39.43,64.97,13.31,Fufu_with_Light_Soup_with_Goat_Meat,884.0,44.0,87.0,15.0,Atsoomo_(Chin-Chin),307.38,5.91,36.59,10.85,2219.58,102.34,249.56,44.16
64,Male,78.4,1.68,Muscle Gain,Tea/Milo/Coffee_with_bread,262.0,7.0,37.0,6.0,Tuo_Zaafi_with_Meat_Stew,695.0,46.0,84.0,12.0,Plain_Rice_with_Chicken,810.0,62.0,65.0,15.0,Atsoomo_(Chin-Chin),307.38,5.91,36.59,10.85,2074.38,120.91,222.59,43.85
31,Male,61.0,1.65,Weight Loss,Oatmeal,273.0,11.0,35.0,4.0,Plain_Rice_with_Chicken,764.0,42.0,69.0,14.0,Jollof_Rice_with_Chicken,808.0,37.0,82.0,13.0,Atsoomo_(Chin-Chin),307.38,5.91,36.59,10.85,2152.38,95.91,222.59,41.85
81,Male,56.0,1.6,Weight Loss,Tea/Milo/Coffee_with_bread,273.0,6.0,33.0,4.0,Boiled_Plantain/Yam_and_Garden_egg_stew,504.0,23.0,62.0,4.0,Plain_Rice_with_Chicken,546.0,45.0,58.0,12.0,Atsoomo_(Chin-Chin),307.38,5.91,36.59,10.85,1630.38,79.91,189.59,30.85
75,Female,70.6,1.58,Muscle Gain,White_porridge_and_bread,354.0,7.0,46.0,5.0,Angwamu_(Oil_Rice)_with_Hot_Pepper_and_Egg,621.0,27.0,66.0,17.0,Kenkey_and_Fried_Fish_with_Hot_Pepper,479.0,45.0,63.0,14.0,Atsoomo_(Chin-Chin),307.38,5.91,36.59,10.85,1761.38,84.91,211.59,46.85
10,Male,41.9,1.16,Weight Loss,Hausa_Koko_(millet_porridge)_with_Koose,283.0,16.0,35.0,4.0,Plain_Rice_with_Chicken,532.0,50.0,58.0,14.0,Red-Red_(Beans_and_Plantain_with_red_oil),386.0,39.0,54.0,12.0,Atsoomo_(Chin-Chin),307.38,5.91,36.59,10.85,1508.38,110.91,183.59,40.85
8,Male,48.7,1.11,Muscle Gain,Koko_with_Bofroat_(corn_dough_porridge_with_buffloaf),369.0,15.0,59.0,10.0,Banku_with_Okra_Soup,496.0,44.0,69.0,13.0,Angwamu_(Oil_Rice)_with_Hot_Pepper_and_Egg,615.79,38.98,64.77,13.31,Roasted/Boiled_Maize_with_Coconut,248.0,8.0,39.0,7.0,1728.79,105.98,231.77,43.31
9,Female,49.7,1.06,Muscle Gain,Tom_Brown_and_bread,313.0,12.0,55.0,6.0,Banku_with_Okra_Soup,466.0,46.0,73.0,11.0,Tuo_Zaafi_with_Meat_Stew,525.0,44.0,77.0,12.0,Atsoomo_(Chin-Chin),307.38,5.91,36.59,10.85,1611.38,107.91,241.59,39.85
22,Male,75.9,1.75,Muscle Gain,Hausa_Koko_(millet_porridge)_with_Koose,463.0,16.0,44.0,8.0,Jollof_Rice_with_Chicken,968.0,52.0,89.0,20.0,Boiled_Plantain/Yam_and_Garden_egg_stew,639.0,22.0,67.0,11.0,Atsoomo_(Chin-Chin),307.38,5.91,36.59,10.85,2377.38,95.91,236.59,49.85
50,Male,60.8,1.72,Weight Loss,White_porridge_and_bread,347.0,7.0,54.0,4.0,Angwamu_(Oil_Rice)_with_Hot_Pepper_and_Egg,540.0,24.0,49.0,18.0,Tuo_Zaafi_with_Meat_Stew,705.0,36.0,61.0,10.0,Kofi_Brokeman_(Roasted_Plantain_with_Groundnut),259.0,7.0,39.0,6.0,1851.0,74.0,203.0,38.0
34,Female,65.3,1.59,Weight Loss,Koko_with_Bofroat_(corn_dough_porridge_with_buffloaf),455.0,11.0,49.0,8.0,Jollof_Rice_with_Chicken,704.0,34.0,72.0,13.0,Tuo_Zaafi_with_Meat_Stew,653.0,29.0,76.0,9.0,Atsoomo_(Chin-Chin),307.38,5.91,36.59,10.85,2119.38,79.91,233.59,40.85
51,Female,56.4,1.68,Weight Loss,Tea/Milo/Coffee_with_bread,241.0,6.0,31.0,6.0,Kenkey_and_Fried_Fish_with_Hot_Pepper,642.0,36.0,49.0,16.0,Plain_Rice_with_Chicken,596.0,47.0,57.0,16.0,Atsoomo_(Chin-Chin),307.38,5.91,36.59,10.85,1786.38,94.91,173.59,48.85
41,Female,71.2,1.59,Muscle Gain,Rice_water_and_bread,330.0,8.0,61.0,5.0,Waakye_and_Fish_with_egg,654.0,42.0,77.0,13.0,Plain_Rice_with_Chicken,799.0,51.0,72.0,18.0,Nkatie_Cake_(Groundnut_Cake),385.0,9.0,27.0,17.0,2168.0,110.0,237.0,53.0
58,Female,58.9,1.62,Weight Loss,Rice_water_and_bread,313.0,8.0,55.0,3.0,Banku_with_Okra_Soup,518.0,26.0,69.0,9.0,Banku_and_Tilapia_with_Hot_Pepper,588.0,34.0,53.0,12.0,Agbelikaklo_with_Coconut,341.0,5.0,38.0,7.0,1760.0,73.0,215.0,31.0
50,Female,70.0,1.49,Muscle Gain,Tom_Brown_and_bread,341.0,10.0,62.0,5.0,Waakye_and_Fish_with_egg,682.0,52.0,68.0,13.0,Jollof_Rice_with_Chicken,817.0,44.0,85.0,20.0,Atsoomo_(Chin-Chin),307.38,5.91,36.59,10.85,2147.38,111.91,251.59,48.85
32,Male,72.2,1.67,Muscle Gain,Rice_water_and_bread,394.0,8.0,60.0,5.0,Plain_Rice_with_Chicken,883.0,52.0,66.0,20.0,Jollof_Rice_with_Chicken,776.0,44.0,85.0,19.0,Agbelikaklo_with_Coconut,344.0,4.0,57.0,11.0,2397.0,108.0,268.0,55.0
57,Male,69.6,1.7,Muscle Gain,Koko_with_Bofroat_(corn_dough_porridge_with_buffloaf),485.0,9.0,54.0,10.0,Angwamu_(Oil_Rice)_with_Hot_Pepper_and_Egg,651.0,28.0,57.0,22.0,Banku_and_Tilapia_with_Hot_Pepper,795.0,50.0,69.0,15.0,Agbelikaklo_with_Coconut,401.0,4.0,43.0,11.0,2332.0,91.0,223.0,58.0
22,Male,74.2,1.73,Muscle Gain,Hausa_Koko_(millet_porridge)_with_Koose,465.0,16.0,44.0,8.0,Banku_and_Tilapia_with_Hot_Pepper,713.0,52.0,65.0,13.0,Kenkey_and_Fried_Fish_with_Hot_Pepper,651.0,42.0,66.0,19.0,Agbelikaklo_with_Coconut,388.0,6.0,51.0,10.0,2217.0,116.0,226.0,50.0
53,Male,71.7,1.68,Muscle Gain,Oatmeal,336.42,9.46,47.78,5.3,Banku_and_Tilapia_with_Hot_Pepper,685.0,43.0,68.0,16.0,Angwamu_(Oil_Rice)_with_Hot_Pepper_and_Egg,575.0,32.0,56.0,23.0,Atsoomo_(Chin-Chin),307.38,5.91,36.59,10.85,1903.8,90.37,208.37,55.15
48,Female,78.9,1.51,Muscle Gain,Oatmeal,336.42,9.46,47.78,5.3,Banku_with_Okra_Soup,752.0,32.0,75.0,13.0,Jollof_Rice_with_Chicken,749.0,54.0,78.0,19.0,Nkatie_Cake_(Groundnut_Cake),360.0,12.0,24.0,19.0,2197.42,107.46,224.78,56.3
7,Male,37.7,1.05,Weight Loss,Rice_water_and_bread,288.0,11.0,47.0,4.0,Jollof_Rice_with_Chicken,605.0,52.0,70.0,15.0,Angwamu_(Oil_Rice)_with_Hot_Pepper_and_Egg,615.79,38.98,64.77,13.31,Atsoomo_(Chin-Chin),307.38,5.91,36.59,10.85,1816.17,107.89,218.36,43.16
42,Male,84.2,1.77,Muscle Gain,Oatmeal,336.42,9.46,47.78,5.3,Banku_with_Okra_Soup,686.0,44.0,69.0,12.0,Fufu_with_Light_Soup_with_Goat_Meat,728.0,52.0,77.0,17.0,Atsoomo_(Chin-Chin),456.0,4.0,35.0,20.0,2206.42,109.46,228.78,54.3
85,Female,52.2,1.54,Weight Loss,Oatmeal,283.0,8.0,45.0,2.0,Angwamu_(Oil_Rice)_with_Hot_Pepper_and_Egg,539.0,26.0,55.0,14.0,Jollof_Rice_with_Chicken,666.0,38.0,76.0,12.0,Nkatie_Cake_(Groundnut_Cake),257.0,10.0,19.0,13.0,1745.0,82.0,195.0,41.0
20,Female,65.6,1.66,Weight Loss,Hausa_Koko_(millet_porridge)_with_Koose,336.0,12.0,42.0,4.0,Jollof_Rice_with_Chicken,760.0,40.0,72.0,14.0,Angwamu_(Oil_Rice)_with_Hot_Pepper_and_Egg,615.79,38.98,64.77,13.31,Nkatie_Cake_(Groundnut_Cake),307.0,8.0,23.0,12.0,2018.79,98.98,201.77,43.31
81,Male,73.3,1.65,Muscle Gain,Oatmeal,336.42,9.46,47.78,5.3,Jollof_Rice_with_Chicken,619.2,39.43,64.97,13.31,Angwamu_(Oil_Rice)_with_Hot_Pepper_and_Egg,615.79,38.98,64.77,13.31,Atsoomo_(Chin-Chin),307.38,5.91,36.59,10.85,1878.79,93.78,214.11,42.77
38,Male,75.6,1.68,Muscle Gain,Rice_water_and_bread,311.0,9.0,61.0,5.0,Waakye_and_Fish_with_egg,811.0,52.0,66.0,13.0,Red-Red_(Beans_and_Plantain_with_red_oil),625.0,32.0,59.0,20.0,Agbelikaklo_with_Coconut,314.0,4.0,50.0,9.0,2061.0,97.0,236.0,47.0
42,Female,65.2,1.6,Weight Loss,Hausa_Koko_(millet_porridge)_with_Koose,373.0,12.0,42.0,5.0,Boiled_Plantain/Yam_and_Garden_egg_stew,488.0,20.0,54.0,8.0,Banku_with_Okra_Soup,657.0,30.0,77.0,9.0,Atsoomo_(Chin-Chin),307.38,5.91,36.59,10.85,1825.38,67.91,209.59,32.85
39,Female,71.8,1.61,Muscle Gain,Rice_water_and_bread,286.0,8.0,59.0,5.0,Red-Red_(Beans_and_Plantain_with_red_oil),621.0,33.0,47.0,20.0,Angwamu_(Oil_Rice)_with_Hot_Pepper_and_Egg,615.79,38.98,64.77,13.31,Atsoomo_(Chin-Chin),307.38,5.91,36.59,10.85,1830.17,85.89,207.36,49.16
35,Male,73.0,1.73,Muscle Gain,Tea/Milo/Coffee_with_bread,376.0,7.0,40.0,7.0,Waakye_and_Fish_with_egg,799.0,52.0,67.0,11.0,Angwamu_(Oil_Rice)_with_Hot_Pepper_and_Egg,615.79,38.98,64.77,13.31,Atsoomo_(Chin-Chin),307.38,5.91,36.59,10.85,2098.17,103.89,208.36,42.16
6,Male,32.0,1.0,Weight Loss,Tea/Milo/Coffee_with_bread,267.0,7.0,35.0,6.0,Boiled_Plantain/Yam_and_Garden_egg_stew,434.0,22.0,56.0,7.0,Plain_Rice_with_Chicken,558.0,63.0,69.0,16.0,Agbelikaklo_with_Coconut,246.0,6.0,46.0,8.0,1505.0,98.0,206.0,37.0
24,Female,71.1,1.53,Muscle Gain,Rice_water_and_bread,306.0,9.0,56.0,5.0,Tuo_Zaafi_with_Meat_Stew,733.0,42.0,66.0,14.0,Banku_with_Okra_Soup,701.0,38.0,70.0,13.0,Atsoomo_(Chin-Chin),307.38,5.91,36.59,10.85,2047.38,94.91,228.59,42.85
60,Female,74.9,1.61,Muscle Gain,Tea/Milo/Coffee_with_bread,330.0,7.0,34.0,7.0,Banku_and_Tilapia_with_Hot_Pepper,698.0,46.0,63.0,15.0,Angwamu_(Oil_Rice)_with_Hot_Pepper_and_Egg,615.79,38.98,64.77,13.31,Kofi_Brokeman_(Roasted_Plantain_with_Groundnut),276.0,7.0,43.0,9.0,1919.79,98.98,204.77,44.31
72,Female,56.5,1.54,Weight Loss,Rice_water_and_bread,243.0,9.0,53.0,3.0,Fufu_with_Light_Soup_with_Goat_Meat,620.0,38.0,64.0,8.0,Jollof_Rice_with_Chicken,577.0,41.0,64.0,12.0,Atsoomo_(Chin-Chin),307.38,5.91,36.59,10.85,1747.38,93.91,217.59,33.85
19,Female,77.1,1.65,Muscle Gain,Oatmeal,336.42,9.46,47.78,5.3,Plain_Rice_with_Chicken,735.0,50.0,76.0,20.0,Banku_with_Okra_Soup,669.0,33.0,70.0,11.0,Atsoomo_(Chin-Chin),307.38,5.91,36.59,10.85,2047.8,98.37,230.37,47.15
12,Male,49.3,1.29,Weight Loss,Tom_Brown_and_bread,325.0,11.0,48.0,4.0,Jollof_Rice_with_Chicken,619.2,39.43,64.97,13.31,Boiled_Plantain/Yam_and_Garden_egg_stew,375.0,23.0,51.0,8.0,Kofi_Brokeman_(Roasted_Plantain_with_Groundnut),238.0,9.0,39.0,7.0,1557.2,82.43,202.97,32.31
44,Male,60.0,1.76,Weight Loss,White_porridge_and_bread,331.0,6.0,49.0,4.0,Fufu_with_Light_Soup_with_Goat_Meat,675.0,37.0,66.0,9.0,Tuo_Zaafi_with_Meat_Stew,673.0,33.0,77.0,12.0,Atsoomo_(Chin-Chin),307.38,5.91,36.59,10.85,1986.38,81.91,228.59,35.85
61,Female,59.0,1.59,Weight Loss,Rice_water_and_bread,297.0,9.0,55.0,3.0,Plain_Rice_with_Chicken,612.0,49.0,59.0,12.0,Angwamu_(Oil_Rice)_with_Hot_Pepper_and_Egg,615.79,38.98,64.77,13.31,Plantain_Chips,279.0,3.0,37.0,8.0,1803.79,99.98,215.77,36.31
62,Female,58.3,1.59,Weight Loss,Oatmeal,336.42,9.46,47.78,5.3,Jollof_Rice_with_Chicken,619.2,39.43,64.97,13.31,Fufu_with_Light_Soup_with_Goat_Meat,653.0,37.0,73.0,8.0,Plantain_Chips,260.0,3.0,42.0,6.0,1868.62,88.89,227.75,32.61
43,Female,65.2,1.65,Weight Loss,Tom_Brown_and_bread,357.0,9.0,49.0,4.0,Jollof_Rice_with_Chicken,619.2,39.43,64.97,13.31,Fufu_with_Light_Soup_with_Goat_Meat,742.0,32.0,64.0,13.0,Atsoomo_(Chin-Chin),307.38,5.91,36.59,10.85,2025.58,86.34,214.56,41.16
19,Female,51.2,1.63,Weight Loss,Oatmeal,282.0,10.0,43.0,3.0,Tuo_Zaafi_with_Meat_Stew,537.0,32.0,74.0,10.0,Fufu_with_Light_Soup_with_Goat_Meat,641.0,35.0,75.0,12.0,Agbelikaklo_with_Coconut,306.0,5.0,44.0,8.0,1766.0,82.0,236.0,33.0
49,Female,57.4,1.61,Weight Loss,Rice_water_and_bread,333.0,8.0,45.0,4.0,Boiled_Plantain/Yam_and_Garden_egg_stew,513.0,21.0,53.0,6.0,Angwamu_(Oil_Rice)_with_Hot_Pepper_and_Egg,615.79,38.98,64.77,13.31,Atsoomo_(Chin-Chin),307.38,5.91,36.59,10.85,1769.17,73.89,199.36,34.16
37,Female,68.6,1.65,Muscle Gain,White_porridge_and_bread,342.0,8.0,53.0,6.0,Kenkey_and_Fried_Fish_with_Hot_Pepper,641.0,44.0,58.0,18.0,Angwamu_(Oil_Rice)_with_Hot_Pepper_and_Egg,641.0,25.0,61.0,18.0,Atsoomo_(Chin-Chin),307.38,5.91,36.59,10.85,1931.38,82.91,208.59,52.85
11,Female,50.0,1.14,Muscle Gain,Tom_Brown_and_bread,282.0,10.0,67.0,6.0,Red-Red_(Beans_and_Plantain_with_red_oil),484.0,32.0,52.0,20.0,Jollof_Rice_with_Chicken,599.0,51.0,78.0,17.0,Atsoomo_(Chin-Chin),307.38,5.91,36.59,10.85,1672.38,98.91,233.59,53.85
85,Male,57.1,1.65,Weight Loss,Koko_with_Bofroat_(corn_dough_porridge_with_buffloaf),376.0,8.0,48.0,6.0,Boiled_Plantain/Yam_and_Garden_egg_stew,488.0,20.0,50.0,4.0,Angwamu_(Oil_Rice)_with_Hot_Pepper_and_Egg,615.79,38.98,64.77,13.31,Atsoomo_(Chin-Chin),307.38,5.91,36.59,10.85,1787.17,72.89,199.36,34.16
31,Male,60.4,1.73,Weight Loss,Oatmeal,279.0,9.0,34.0,4.0,Fufu_with_Light_Soup_with_Goat_Meat,710.0,35.0,78.0,9.0,Red-Red_(Beans_and_Plantain_with_red_oil),585.0,28.0,44.0,14.0,Agbelikaklo_with_Coconut,281.0,4.0,48.0,8.0,1855.0,76.0,204.0,35.0
42,Female,72.6,1.65,Muscle Gain,Oatmeal,309.0,10.0,44.0,5.0,Waakye_and_Fish_with_egg,759.0,49.0,66.0,13.0,Tuo_Zaafi_with_Meat_Stew,595.0,37.0,85.0,15.0,Plantain_Chips,262.0,3.0,51.0,10.0,1925.0,99.0,246.0,43.0
47,Female,66.9,1.57,Weight Loss,Koko_with_Bofroat_(corn_dough_porridge_with_buffloaf),411.0,10.0,54.0,8.0,Tuo_Zaafi_with_Meat_Stew,696.0,36.0,74.0,10.0,Angwamu_(Oil_Rice)_with_Hot_Pepper_and_Egg,526.0,25.0,55.0,16.0,Atsoomo_(Chin-Chin),307.38,5.91,36.59,10.85,1940.38,76.91,219.59,44.85
48,Male,73.5,1.77,Muscle Gain,Oatmeal,293.0,10.0,45.0,5.0,Kenkey_and_Fried_Fish_with_Hot_Pepper,641.0,46.0,67.0,22.0,Fufu_with_Light_Soup_with_Goat_Meat,709.0,40.0,80.0,15.0,Atsoomo_(Chin-Chin),307.38,5.91,36.59,10.85,1950.38,101.91,228.59,52.85
28,Female,60.5,1.6,Weight Loss,Hausa_Koko_(millet_porridge)_with_Koose,383.0,13.0,35.0,7.0,Waakye_and_Fish_with_egg,708.0,38.0,60.0,9.0,Boiled_Plantain/Yam_and_Garden_egg_stew,493.0,22.0,52.0,7.0,Atsoomo_(Chin-Chin),307.38,5.91,36.59,10.85,1891.38,78.91,183.59,33.85
55,Female,59.0,1.6,Weight Loss,Tom_Brown_and_bread,354.0,8.0,54.0,4.0,Plain_Rice_with_Chicken,627.0,40.0,69.0,14.0,Angwamu_(Oil_Rice)_with_Hot_Pepper_and_Egg,615.79,38.98,64.77,13.31,Atsoomo_(Chin-Chin),376.0,4.0,29.0,14.0,1972.79,90.98,216.77,45.31
9,Female,44.8,1.07,Muscle Gain,Oatmeal,336.42,9.46,47.78,5.3,Waakye_and_Fish_with_egg,609.0,58.0,76.0,12.0,Jollof_Rice_with_Chicken,690.0,50.0,90.0,22.0,Atsoomo_(Chin-Chin),309.0,3.0,37.0,21.0,1944.42,120.46,250.78,60.3
59,Female,77.7,1.58,Muscle Gain,Oatmeal,350.0,12.0,38.0,4.0,Fufu_with_Light_Soup_with_Goat_Meat,720.0,43.0,71.0,14.0,Plain_Rice_with_Chicken,715.0,48.0,59.0,20.0,Atsoomo_(Chin-Chin),307.38,5.91,36.59,10.85,2092.38,108.91,204.59,48.85
13,Male,39.8,1.23,Weight Loss,Oatmeal,281.0,9.0,36.0,3.0,Boiled_Plantain/Yam_and_Garden_egg_stew,471.0,24.0,64.0,8.0,Banku_and_Tilapia_with_Hot_Pepper,548.0,47.0,54.0,13.0,Atsoomo_(Chin-Chin),307.38,5.91,36.59,10.85,1607.38,85.91,190.59,34.85
73,Female,67.0,1.54,Muscle Gain,Rice_water_and_bread,317.0,9.0,48.0,4.0,Fufu_with_Light_Soup_with_Goat_Meat,550.0,34.0,88.0,11.0,Red-Red_(Beans_and_Plantain_with_red_oil),498.0,33.0,61.0,12.0,Atsoomo_(Chin-Chin),307.38,5.91,36.59,10.85,1672.38,81.91,233.59,37.85
40,Female,76.6,1.59,Muscle Gain,Oatmeal,281.0,12.0,43.0,5.0,Tuo_Zaafi_with_Meat_Stew,680.0,33.0,70.0,14.0,Angwamu_(Oil_Rice)_with_Hot_Pepper_and_Egg,661.0,25.0,64.0,22.0,Atsoomo_(Chin-Chin),408.0,3.0,36.0,22.0,2030.0,73.0,213.0,63.0
76,Female,67.8,1.56,Muscle Gain,Hausa_Koko_(millet_porridge)_with_Koose,294.0,15.0,46.0,5.0,Waakye_and_Fish_with_egg,583.0,54.0,60.0,10.0,Tuo_Zaafi_with_Meat_Stew,658.0,32.0,79.0,10.0,Atsoomo_(Chin-Chin),339.0,3.0,38.0,18.0,1874.0,104.0,223.0,43.0
30,Female,74.0,1.63,Muscle Gain,Hausa_Koko_(millet_porridge)_with_Koose,348.0,12.0,42.0,8.0,Banku_and_Tilapia_with_Hot_Pepper,684.0,38.0,72.0,14.0,Plain_Rice_with_Chicken,795.0,51.0,75.0,19.0,Atsoomo_(Chin-Chin),307.38,5.91,36.59,10.85,2134.38,106.91,225.59,51.85
34,Female,78.7,1.55,Muscle Gain,Oatmeal,314.0,10.0,41.0,4.0,Kenkey_and_Fried_Fish_with_Hot_Pepper,597.0,45.0,65.0,20.0,Banku_and_Tilapia_with_Hot_Pepper,555.0,48.0,66.0,13.0,Atsoomo_(Chin-Chin),307.38,5.91,36.59,10.85,1773.38,108.91,208.59,47.85
32,Female,74.8,1.55,Muscle Gain,Tea/Milo/Coffee_with_bread,320.0,6.0,36.0,7.0,Waakye_and_Fish_with_egg,601.0,43.0,73.0,10.0,Jollof_Rice_with_Chicken,675.0,44.0,89.0,20.0,Nkatie_Cake_(Groundnut_Cake),333.0,12.0,21.0,16.0,1929.0,105.0,219.0,53.0
17,Male,47.5,1.34,Weight Loss,Koko_with_Bofroat_(corn_dough_porridge_with_buffloaf),345.0,14.0,61.0,8.0,Banku_with_Okra_Soup,467.0,40.0,63.0,10.0,Red-Red_(Beans_and_Plantain_with_red_oil),385.0,34.0,43.0,13.0,Atsoomo_(Chin-Chin),307.38,5.91,36.59,10.85,1504.38,93.91,203.59,41.85
17,Male,49.6,1.34,Weight Loss,Oatmeal,236.0,11.0,35.0,3.0,Waakye_and_Fish_with_egg,468.0,49.0,59.0,8.0,Angwamu_(Oil_Rice)_with_Hot_Pepper_and_Egg,522.0,27.0,52.0,16.0,Plantain_Chips,250.0,3.0,39.0,8.0,1476.0,90.0,185.0,35.0
36,Male,57.6,1.77,Weight Loss,Tom_Brown_and_bread,355.0,8.0,51.0,4.0,Banku_with_Okra_Soup,625.0,35.0,68.0,8.0,Waakye_and_Fish_with_egg,719.0,44.0,67.0,8.0,Atsoomo_(Chin-Chin),307.38,5.91,36.59,10.85,2006.38,92.91,222.59,30.85
75,Male,61.3,1.66,Weight Loss,Koko_with_Bofroat_(corn_dough_porridge_with_buffloaf),452.0,8.0,48.0,6.0,Fufu_with_Light_Soup_with_Goat_Meat,566.0,40.0,79.0,8.0,Red-Red_(Beans_and_Plantain_with_red_oil),470.0,33.0,50.0,13.0,Atsoomo_(Chin-Chin),307.38,5.91,36.59,10.85,1795.38,86.91,213.59,37.85
54,Male,74.0,1.73,Muscle Gain,Rice_water_and_bread,315.0,9.0,60.0,5.0,Angwamu_(Oil_Rice)_with_Hot_Pepper_and_Egg,566.0,28.0,53.0,24.0,Banku_with_Okra_Soup,826.0,39.0,63.0,12.0,Atsoomo_(Chin-Chin),473.0,3.0,31.0,21.0,2180.0,79.0,207.0,62.0
53,Male,77.8,1.78,Muscle Gain,Rice_water_and_bread,375.0,9.0,47.0,5.0,Plain_Rice_with_Chicken,830.0,61.0,69.0,16.0,Banku_with_Okra_Soup,641.0,39.0,83.0,12.0,Atsoomo_(Chin-Chin),307.38,5.91,36.59,10.85,2153.38,114.91,235.59,43.85
10,Male,44.1,1.2,Weight Loss,Rice_water_and_bread,302.0,8.0,42.0,4.0,Kenkey_and_Fried_Fish_with_Hot_Pepper,532.0,40.0,47.0,13.0,Banku_and_Tilapia_with_Hot_Pepper,536.0,41.0,50.0,12.0,Atsoomo_(Chin-Chin),307.38,5.91,36.59,10.85,1677.38,94.91,175.59,39.85
52,Male,62.4,1.76,Weight Loss,White_porridge_and_bread,365.0,6.0,54.0,4.0,Banku_and_Tilapia_with_Hot_Pepper,565.0,39.0,63.0,10.0,Plain_Rice_with_Chicken,732.0,50.0,70.0,13.0,Atsoomo_(Chin-Chin),307.38,5.91,36.59,10.85,1969.38,100.91,223.59,37.85
51,Male,76.4,1.66,Muscle Gain,Tom_Brown_and_bread,368.0,10.0,64.0,6.0,Tuo_Zaafi_with_Meat_Stew,793.0,40.0,77.0,12.0,Waakye_and_Fish_with_egg,745.0,57.0,74.0,10.0,Roasted/Boiled_Maize_with_Coconut,276.0,6.0,37.0,9.0,2182.0,113.0,252.0,37.0
23,Female,61.0,1.54,Weight Loss,Tea/Milo/Coffee_with_bread,266.0,5.0,38.0,6.0,Boiled_Plantain/Yam_and_Garden_egg_stew,542.0,18.0,54.0,7.0,Angwamu_(Oil_Rice)_with_Hot_Pepper_and_Egg,615.79,38.98,64.77,13.31,Atsoomo_(Chin-Chin),307.38,5.91,36.59,10.85,1731.17,67.89,193.36,37.16
42,Female,53.5,1.63,Weight Loss,Koko_with_Bofroat_(corn_dough_porridge_with_buffloaf),436.0,10.0,51.0,8.0,Tuo_Zaafi_with_Meat_Stew,613.0,35.0,77.0,9.0,Boiled_Plantain/Yam_and_Garden_egg_stew,516.0,21.0,65.0,7.0,Atsoomo_(Chin-Chin),307.38,5.91,36.59,10.85,1872.38,71.91,229.59,34.85
41,Male,66.2,1.74,Weight Loss,Oatmeal,336.42,9.46,47.78,5.3,Kenkey_and_Fried_Fish_with_Hot_Pepper,606.0,36.0,52.0,14.0,Tuo_Zaafi_with_Meat_Stew,666.0,39.0,66.0,12.0,Atsoomo_(Chin-Chin),307.38,5.91,36.59,10.85,1915.8,90.37,202.37,42.15
76,Male,61.4,1.66,Weight Loss,White_porridge_and_bread,349.0,6.0,48.0,3.0,Jollof_Rice_with_Chicken,594.0,49.0,74.0,12.0,Angwamu_(Oil_Rice)_with_Hot_Pepper_and_Egg,615.79,38.98,64.77,13.31,Atsoomo_(Chin-Chin),307.38,5.91,36.59,10.85,1866.17,99.89,223.36,39.16
34,Female,68.4,1.62,Muscle Gain,Tea/Milo/Coffee_with_bread,290.0,7.0,41.0,6.0,Angwamu_(Oil_Rice)_with_Hot_Pepper_and_Egg,528.0,30.0,54.0,23.0,Fufu_with_Light_Soup_with_Goat_Meat,708.0,46.0,80.0,16.0,Plantain_Chips,261.0,3.0,39.0,10.0,1787.0,86.0,214.0,55.0
6,Female,41.4,1.0,Muscle Gain,Oatmeal,214.0,12.0,46.0,4.0,Waakye_and_Fish_with_egg,501.0,61.0,74.0,10.0,Angwamu_(Oil_Rice)_with_Hot_Pepper_and_Egg,615.79,38.98,64.77,13.31,Atsoomo_(Chin-Chin),344.0,3.0,37.0,19.0,1674.79,114.98,221.77,46.31
7,Female,42.8,1.0,Muscle Gain,Oatmeal,212.0,12.0,42.0,4.0,Boiled_Plantain/Yam_and_Garden_egg_stew,481.0,26.0,61.0,9.0,Tuo_Zaafi_with_Meat_Stew,498.0,50.0,83.0,14.0,Agbelikaklo_with_Coconut,254.0,7.0,49.0,9.0,1445.0,95.0,235.0,36.0
50,Male,63.3,1.74,Weight Loss,Oatmeal,336.42,9.46,47.78,5.3,Banku_and_Tilapia_with_Hot_Pepper,682.0,37.0,63.0,12.0,Fufu_with_Light_Soup_with_Goat_Meat,755.0,38.0,73.0,11.0,Atsoomo_(Chin-Chin),409.0,4.0,31.0,14.0,2182.42,88.46,214.78,42.3
55,Female,54.0,1.57,Weight Loss,Oatmeal,305.0,9.0,34.0,3.0,Banku_with_Okra_Soup,631.0,28.0,62.0,8.0,Kenkey_and_Fried_Fish_with_Hot_Pepper,534.0,38.0,49.0,17.0,Atsoomo_(Chin-Chin),307.38,5.91,36.59,10.85,1777.38,80.91,181.59,38.85
60,Female,63.4,1.53,Weight Loss,Oatmeal,289.0,11.0,34.0,4.0,Banku_and_Tilapia_with_Hot_Pepper,647.0,34.0,62.0,12.0,Angwamu_(Oil_Rice)_with_Hot_Pepper_and_Egg,560.0,26.0,46.0,15.0,Plantain_Chips,256.0,3.0,43.0,10.0,1752.0,74.0,185.0,41.0
83,Female,67.7,1.56,Muscle Gain,Oatmeal,336.42,9.46,47.78,5.3,Jollof_Rice_with_Chicken,712.0,43.0,79.0,17.0,Tuo_Zaafi_with_Meat_Stew,667.0,32.0,67.0,10.0,Roasted/Boiled_Maize_with_Coconut,266.0,7.0,35.0,5.0,1981.42,91.46,228.78,37.3
71,Female,69.0,1.57,Muscle Gain,Oatmeal,279.0,10.0,43.0,4.0,Waakye_and_Fish_with_egg,556.0,50.0,61.0,9.0,Plain_Rice_with_Chicken,735.0,58.0,70.0,14.0,Atsoomo_(Chin-Chin),307.38,5.91,36.59,10.85,1877.38,123.91,210.59,37.85
34,Male,62.1,1.64,Weight Loss,Hausa_Koko_(millet_porridge)_with_Koose,396.0,14.0,44.0,5.0,Waakye_and_Fish_with_egg,590.0,46.0,62.0,9.0,Kenkey_and_Fried_Fish_with_Hot_Pepper,711.0,39.0,49.0,13.0,Atsoomo_(Chin-Chin),307.38,5.91,36.59,10.85,2004.38,104.91,191.59,37.85
19,Female,67.1,1.6,Muscle Gain,White_porridge_and_bread,357.0,7.0,58.0,6.0,Fufu_with_Light_Soup_with_Goat_Meat,786.0,46.0,73.0,16.0,Kenkey_and_Fried_Fish_with_Hot_Pepper,536.0,38.0,54.0,19.0,Agbelikaklo_with_Coconut,354.0,4.0,53.0,10.0,2033.0,95.0,238.0,51.0
59,Male,80.8,1.72,Muscle Gain,Rice_water_and_bread,336.0,8.0,62.0,4.0,Red-Red_(Beans_and_Plantain_with_red_oil),630.0,39.0,48.0,18.0,Banku_and_Tilapia_with_Hot_Pepper,715.0,52.0,68.0,13.0,Atsoomo_(Chin-Chin),462.0,4.0,38.0,19.0,2143.0,103.0,216.0,54.0
80,Female,52.0,1.54,Weight Loss,Tom_Brown_and_bread,317.0,9.0,53.0,3.0,Jollof_Rice_with_Chicken,693.0,40.0,67.0,11.0,Waakye_and_Fish_with_egg,639.0,43.0,71.0,6.0,Atsoomo_(Chin-Chin),307.38,5.91,36.59,10.85,1956.38,97.91,227.59,30.85
8,Female,42.0,1.02,Muscle Gain,Oatmeal,336.42,9.46,47.78,5.3,Kenkey_and_Fried_Fish_with_Hot_Pepper,471.0,54.0,57.0,22.0,Banku_and_Tilapia_with_Hot_Pepper,484.0,60.0,67.0,16.0,Atsoomo_(Chin-Chin),307.38,5.91,36.59,10.85,1598.8,129.37,208.37,54.15
26,Female,70.1,1.59,Muscle Gain,Hausa_Koko_(millet_porridge)_with_Koose,366.0,15.0,43.0,8.0,Banku_with_Okra_Soup,728.0,31.0,65.0,13.0,Jollof_Rice_with_Chicken,719.0,45.0,87.0,18.0,Plantain_Chips,324.0,3.0,46.0,13.0,2137.0,94.0,241.0,52.0
20,Male,62.5,1.75,Weight Loss,White_porridge_and_bread,338.0,7.0,42.0,4.0,Tuo_Zaafi_with_Meat_Stew,661.0,36.0,68.0,8.0,Banku_and_Tilapia_with_Hot_Pepper,683.0,39.0,51.0,13.0,Atsoomo_(Chin-Chin),307.38,5.91,36.59,10.85,1989.38,87.91,197.59,35.85
73,Male,73.9,1.63,Muscle Gain,White_porridge_and_bread,339.0,7.0,56.0,5.0,Waakye_and_Fish_with_egg,620.0,60.0,67.0,9.0,Banku_and_Tilapia_with_Hot_Pepper,718.0,45.0,64.0,11.0,Atsoomo_(Chin-Chin),307.38,5.91,36.59,10.85,1984.38,117.91,223.59,35.85
29,Female,62.4,1.6,Weight Loss,Oatmeal,291.0,11.0,42.0,3.0,Fufu_with_Light_Soup_with_Goat_Meat,654.0,34.0,74.0,10.0,Angwamu_(Oil_Rice)_with_Hot_Pepper_and_Egg,615.79,38.98,64.77,13.31,Atsoomo_(Chin-Chin),307.38,5.91,36.59,10.85,1868.17,89.89,217.36,37.16
14,Female,46.6,1.17,Muscle Gain,Koko_with_Bofroat_(corn_dough_porridge_with_buffloaf),400.0,14.0,65.0,9.0,Jollof_Rice_with_Chicken,619.2,39.43,64.97,13.31,Waakye_and_Fish_with_egg,581.0,52.0,79.0,10.0,Atsoomo_(Chin-Chin),307.38,5.91,36.59,10.85,1907.58,111.34,245.56,43.16
82,Male,56.9,1.63,Weight Loss,Oatmeal,295.0,9.0,36.0,2.0,Jollof_Rice_with_Chicken,794.0,38.0,79.0,11.0,Plain_Rice_with_Chicken,618.0,53.0,67.0,9.0,Atsoomo_(Chin-Chin),307.38,5.91,36.59,10.85,2014.38,105.91,218.59,32.85
85,Male,58.5,1.64,Weight Loss,Tom_Brown_and_bread,369.0,7.0,56.0,4.0,Banku_with_Okra_Soup,564.0,30.0,70.0,8.0,Plain_Rice_with_Chicken,668.0,50.0,62.0,9.0,Atsoomo_(Chin-Chin),307.38,5.91,36.59,10.85,1908.38,92.91,224.59,31.85
59,Female,55.7,1.58,Weight Loss,Koko_with_Bofroat_(corn_dough_porridge_with_buffloaf),425.0,11.0,61.0,7.0,Banku_with_Okra_Soup,627.0,28.0,62.0,9.0,Banku_and_Tilapia_with_Hot_Pepper,576.0,32.0,64.0,11.0,Atsoomo_(Chin-Chin),307.38,5.91,36.59,10.85,1935.38,76.91,223.59,37.85
6,Female,40.2,1.0,Muscle Gain,Oatmeal,277.0,10.0,39.0,5.0,Jollof_Rice_with_Chicken,687.0,52.0,83.0,17.0,Boiled_Plantain/Yam_and_Garden_egg_stew,438.0,31.0,69.0,11.0,Atsoomo_(Chin-Chin),307.38,5.91,36.59,10.85,1709.38,98.91,227.59,43.85
57,Female,65.5,1.67,Muscle Gain,Oatmeal,305.0,10.0,41.0,5.0,Kenkey_and_Fried_Fish_with_Hot_Pepper,613.0,40.0,63.0,20.0,Tuo_Zaafi_with_Meat_Stew,696.0,36.0,75.0,14.0,Atsoomo_(Chin-Chin),307.38,5.91,36.59,10.85,1921.38,91.91,215.59,49.85
36,Female,61.7,1.65,Weight Loss,Koko_with_Bofroat_(corn_dough_porridge_with_buffloaf),456.0,8.0,61.0,8.0,Kenkey_and_Fried_Fish_with_Hot_Pepper,609.0,35.0,46.0,13.0,Waakye_and_Fish_with_egg,579.0,39.0,58.0,8.0,Atsoomo_(Chin-Chin),307.38,5.91,36.59,10.85,1951.38,87.91,201.59,39.85
71,Male,73.6,1.66,Muscle Gain,Rice_water_and_bread,320.0,9.0,55.0,3.0,Boiled_Plantain/Yam_and_Garden_egg_stew,454.0,22.0,61.0,7.0,Jollof_Rice_with_Chicken,764.0,56.0,90.0,17.0,Atsoomo_(Chin-Chin),307.38,5.91,36.59,10.85,1845.38,92.91,242.59,37.85
33,Male,78.8,1.72,Muscle Gain,Rice_water_and_bread,308.0,8.0,50.0,5.0,Boiled_Plantain/Yam_and_Garden_egg_stew,654.0,21.0,73.0,9.0,Red-Red_(Beans_and_Plantain_with_red_oil),677.0,34.0,46.0,18.0,Atsoomo_(Chin-Chin),307.38,5.91,36.59,10.85,1946.38,68.91,205.59,42.85
50,Female,59.6,1.65,Weight Loss,Tom_Brown_and_bread,391.0,10.0,61.0,4.0,Jollof_Rice_with_Chicken,619.2,39.43,64.97,13.31,Boiled_Plantain/Yam_and_Garden_egg_stew,428.0,17.0,53.0,8.0,Atsoomo_(Chin-Chin),307.38,5.91,36.59,10.85,1745.58,72.34,215.56,36.16
69,Male,62.4,1.68,Weight Loss,Oatmeal,282.0,12.0,42.0,3.0,Fufu_with_Light_Soup_with_Goat_Meat,642.0,34.0,66.0,9.0,Jollof_Rice_with_Chicken,680.0,41.0,67.0,13.0,Atsoomo_(Chin-Chin),307.38,5.91,36.59,10.85,1911.38,92.91,211.59,35.85
55,Male,64.2,1.75,Weight Loss,Tea/Milo/Coffee_with_bread,291.0,6.0,35.0,7.0,Jollof_Rice_with_Chicken,876.0,47.0,72.0,14.0,Angwamu_(Oil_Rice)_with_Hot_Pepper_and_Egg,532.0,27.0,55.0,15.0,Atsoomo_(Chin-Chin),307.38,5.91,36.59,10.85,2006.38,85.91,198.59,46.85
48,Male,74.8,1.75,Muscle Gain,Koko_with_Bofroat_(corn_dough_porridge_with_buffloaf),496.0,14.0,66.0,8.0,Jollof_Rice_with_Chicken,770.0,48.0,77.0,21.0,Angwamu_(Oil_Rice)_with_Hot_Pepper_and_Egg,615.79,38.98,64.77,13.31,Atsoomo_(Chin-Chin),307.38,5.91,36.59,10.85,2189.17,106.89,244.36,53.16
64,Male,59.8,1.7,Weight Loss,Oatmeal,303.0,8.0,45.0,3.0,Jollof_Rice_with_Chicken,783.0,41.0,75.0,12.0,Banku_and_Tilapia_with_Hot_Pepper,491.0,38.0,54.0,10.0,Atsoomo_(Chin-Chin),307.38,5.91,36.59,10.85,1884.38,92.91,210.59,35.85
10,Female,40.1,1.1,Weight Loss,Hausa_Koko_(millet_porridge)_with_Koose,269.0,15.0,42.0,7.0,Kenkey_and_Fried_Fish_with_Hot_Pepper,409.0,40.0,61.0,13.0,Red-Red_(Beans_and_Plantain_with_red_oil),360.0,36.0,54.0,13.0,Atsoomo_(Chin-Chin),307.38,5.91,36.59,10.85,1345.38,96.91,193.59,43.85
82,Female,53.2,1.51,Weight Loss,Hausa_Koko_(millet_porridge)_with_Koose,324.0,13.0,42.0,4.0,Boiled_Plantain/Yam_and_Garden_egg_stew,476.0,18.0,50.0,7.0,Angwamu_(Oil_Rice)_with_Hot_Pepper_and_Egg,615.79,38.98,64.77,13.31,Agbelikaklo_with_Coconut,285.0,5.0,44.0,6.0,1700.79,74.98,200.77,30.31
50,Male,67.9,1.75,Weight Loss,Oatmeal,336.42,9.46,47.78,5.3,Angwamu_(Oil_Rice)_with_Hot_Pepper_and_Egg,567.0,29.0,48.0,16.0,Plain_Rice_with_Chicken,770.0,51.0,67.0,12.0,Atsoomo_(Chin-Chin),307.38,5.91,36.59,10.85,1980.8,95.37,199.37,44.15
15,Male,50.2,1.27,Muscle Gain,Rice_water_and_bread,271.0,10.0,54.0,4.0,Fufu_with_Light_Soup_with_Goat_Meat,666.0,60.0,72.0,15.0,Angwamu_(Oil_Rice)_with_Hot_Pepper_and_Egg,586.0,34.0,60.0,25.0,Atsoomo_(Chin-Chin),307.38,5.91,36.59,10.85,1830.38,109.91,222.59,54.85
13,Female,38.9,1.15,Weight Loss,Hausa_Koko_(millet_porridge)_with_Koose,243.0,13.0,39.0,6.0,Boiled_Plantain/Yam_and_Garden_egg_stew,398.0,24.0,63.0,7.0,Red-Red_(Beans_and_Plantain_with_red_oil),425.0,38.0,48.0,13.0,Atsoomo_(Chin-Chin),307.38,5.91,36.59,10.85,1373.38,80.91,186.59,36.85
38,Female,70.9,1.58,Muscle Gain,Koko_with_Bofroat_(corn_dough_porridge_with_buffloaf),394.0,12.0,64.0,9.0,Waakye_and_Fish_with_egg,675.0,50.0,75.0,10.0,Kenkey_and_Fried_Fish_with_Hot_Pepper,668.0,38.0,65.0,19.0,Atsoomo_(Chin-Chin),307.38,5.91,36.59,10.85,2044.38,105.91,240.59,48.85
29,Female,64.4,1.64,Muscle Gain,Koko_with_Bofroat_(corn_dough_porridge_with_buffloaf),496.0,13.0,67.0,11.0,Angwamu_(Oil_Rice)_with_Hot_Pepper_and_Egg,674.0,26.0,64.0,21.0,Jollof_Rice_with_Chicken,785.0,50.0,94.0,17.0,Atsoomo_(Chin-Chin),307.38,5.91,36.59,10.85,2262.38,94.91,261.59,59.85
19,Male,59.5,1.75,Weight Loss,Koko_with_Bofroat_(corn_dough_porridge_with_buffloaf),476.0,11.0,51.0,6.0,Kenkey_and_Fried_Fish_with_Hot_Pepper,646.0,40.0,56.0,13.0,Red-Red_(Beans_and_Plantain_with_red_oil),507.0,30.0,53.0,13.0,Atsoomo_(Chin-Chin),307.38,5.91,36.59,10.85,1936.38,86.91,196.59,42.85
17,Female,56.0,1.26,Muscle Gain,Tea/Milo/Coffee_with_bread,250.0,7.0,35.0,8.0,Kenkey_and_Fried_Fish_with_Hot_Pepper,484.0,51.0,55.0,19.0,Angwamu_(Oil_Rice)_with_Hot_Pepper_and_Egg,554.0,39.0,61.0,21.0,Atsoomo_(Chin-Chin),307.38,5.91,36.59,10.85,1595.38,102.91,187.59,58.85
42,Male,63.6,1.75,Weight Loss,Koko_with_Bofroat_(corn_dough_porridge_with_buffloaf),467.0,11.0,57.0,6.0,Kenkey_and_Fried_Fish_with_Hot_Pepper,606.0,42.0,55.0,16.0,Plain_Rice_with_Chicken,803.0,50.0,57.0,13.0,Plantain_Chips,284.0,3.0,36.0,10.0,2160.0,106.0,205.0,45.0
23,Male,68.8,1.74,Weight Loss,Tea/Milo/Coffee_with_bread,289.0,5.0,30.0,6.0,Red-Red_(Beans_and_Plantain_with_red_oil),511.0,35.0,54.0,12.0,Kenkey_and_Fried_Fish_with_Hot_Pepper,583.0,42.0,59.0,15.0,Atsoomo_(Chin-Chin),307.38,5.91,36.59,10.85,1690.38,87.91,179.59,43.85
5,Female,30.6,1.0,Weight Loss,Koko_with_Bofroat_(corn_dough_porridge_with_buffloaf),299.0,10.0,50.0,7.0,Banku_with_Okra_Soup,508.0,34.0,74.0,9.0,Banku_and_Tilapia_with_Hot_Pepper,502.0,39.0,53.0,12.0,Atsoomo_(Chin-Chin),307.38,5.91,36.59,10.85,1616.38,88.91,213.59,38.85
52,Female,57.2,1.54,Weight Loss,Koko_with_Bofroat_(corn_dough_porridge_with_buffloaf),348.0,10.0,57.0,8.0,Red-Red_(Beans_and_Plantain_with_red_oil),447.0,26.0,54.0,12.0,Kenkey_and_Fried_Fish_with_Hot_Pepper,539.0,39.0,49.0,15.0,Atsoomo_(Chin-Chin),307.38,5.91,36.59,10.85,1641.38,80.91,196.59,45.85
45,Female,55.0,1.58,Weight Loss,White_porridge_and_bread,313.0,7.0,52.0,4.0,Fufu_with_Light_Soup_with_Goat_Meat,740.0,33.0,62.0,11.0,Tuo_Zaafi_with_Meat_Stew,543.0,35.0,64.0,11.0,Nkatie_Cake_(Groundnut_Cake),316.0,9.0,18.0,14.0,1912.0,84.0,196.0,40.0
26,Female,62.6,1.67,Weight Loss,Tea/Milo/Coffee_with_bread,284.0,6.0,31.0,6.0,Angwamu_(Oil_Rice)_with_Hot_Pepper_and_Egg,535.0,24.0,58.0,17.0,Banku_with_Okra_Soup,536.0,29.0,73.0,10.0,Atsoomo_(Chin-Chin),307.38,5.91,36.59,10.85,1662.38,64.91,198.59,43.85
51,Female,59.6,1.64,Weight Loss,White_porridge_and_bread,293.0,6.0,48.0,4.0,Kenkey_and_Fried_Fish_with_Hot_Pepper,585.0,32.0,60.0,16.0,Tuo_Zaafi_with_Meat_Stew,631.0,30.0,59.0,10.0,Atsoomo_(Chin-Chin),307.38,5.91,36.59,10.85,1816.38,73.91,203.59,40.85
31,Female,56.8,1.6,Weight Loss,Hausa_Koko_(millet_porridge)_with_Koose,355.0,11.0,36.0,5.0,Banku_and_Tilapia_with_Hot_Pepper,520.0,39.0,64.0,11.0,Plain_Rice_with_Chicken,693.0,49.0,56.0,14.0,Atsoomo_(Chin-Chin),307.38,5.91,36.59,10.85,1875.38,104.91,192.59,40.85
40,Female,63.9,1.57,Weight Loss,Oatmeal,271.0,9.0,43.0,4.0,Banku_and_Tilapia_with_Hot_Pepper,657.0,33.0,60.0,12.0,Angwamu_(Oil_Rice)_with_Hot_Pepper_and_Egg,501.0,25.0,60.0,15.0,Roasted/Boiled_Maize_with_Coconut,260.0,5.0,32.0,5.0,1689.0,72.0,195.0,36.0
68,Female,54.3,1.59,Weight Loss,Hausa_Koko_(millet_porridge)_with_Koose,284.0,10.0,43.0,4.0,Jollof_Rice_with_Chicken,619.2,39.43,64.97,13.31,Jollof_Rice_with_Chicken,549.0,38.0,74.0,11.0,Kofi_Brokeman_(Roasted_Plantain_with_Groundnut),206.0,7.0,39.0,6.0,1658.2,94.43,220.97,34.31
28,Female,60.3,1.56,Weight Loss,Tea/Milo/Coffee_with_bread,290.0,6.0,32.0,4.0,Jollof_Rice_with_Chicken,619.2,39.43,64.97,13.31,Boiled_Plantain/Yam_and_Garden_egg_stew,508.0,18.0,51.0,8.0,Atsoomo_(Chin-Chin),307.38,5.91,36.59,10.85,1724.58,69.34,184.56,36.16
20,Male,56.4,1.75,Weight Loss,Oatmeal,312.0,12.0,40.0,3.0,Tuo_Zaafi_with_Meat_Stew,594.0,37.0,62.0,11.0,Red-Red_(Beans_and_Plantain_with_red_oil),537.0,34.0,43.0,12.0,Atsoomo_(Chin-Chin),307.38,5.91,36.59,10.85,1750.38,88.91,181.59,36.85
9,Male,42.6,1.13,Weight Loss,Tea/Milo/Coffee_with_bread,264.0,6.0,30.0,6.0,Red-Red_(Beans_and_Plantain_with_red_oil),440.0,41.0,44.0,16.0,Jollof_Rice_with_Chicken,574.0,47.0,81.0,16.0,Nkatie_Cake_(Groundnut_Cake),253.0,13.0,23.0,13.0,1531.0,107.0,178.0,51.0
13,Male,42.7,1.2,Weight Loss,Koko_with_Bofroat_(corn_dough_porridge_with_buffloaf),299.0,9.0,46.0,8.0,Tuo_Zaafi_with_Meat_Stew,473.0,36.0,65.0,9.0,Boiled_Plantain/Yam_and_Garden_egg_stew,447.0,24.0,50.0,8.0,Atsoomo_(Chin-Chin),307.38,5.91,36.59,10.85,1526.38,74.91,197.59,35.85
58,Male,74.1,1.74,Muscle Gain,Tea/Milo/Coffee_with_bread,388.0,6.0,39.0,8.0,Jollof_Rice_with_Chicken,788.0,57.0,85.0,20.0,Angwamu_(Oil_Rice)_with_Hot_Pepper_and_Egg,615.79,38.98,64.77,13.31,Kofi_Brokeman_(Roasted_Plantain_with_Groundnut),368.0,7.0,38.0,9.0,2159.79,108.98,226.77,50.31
71,Female,68.5,1.54,Muscle Gain,Koko_with_Bofroat_(corn_dough_porridge_with_buffloaf),407.0,12.0,58.0,7.0,Tuo_Zaafi_with_Meat_Stew,607.0,38.0,65.0,11.0,Banku_and_Tilapia_with_Hot_Pepper,525.0,40.0,71.0,11.0,Atsoomo_(Chin-Chin),307.38,5.91,36.59,10.85,1846.38,95.91,230.59,39.85
64,Female,73.2,1.58,Muscle Gain,Oatmeal,336.42,9.46,47.78,5.3,Jollof_Rice_with_Chicken,619.2,39.43,64.97,13.31,Fufu_with_Light_Soup_with_Goat_Meat,551.0,39.0,90.0,11.0,Atsoomo_(Chin-Chin),307.38,5.91,36.59,10.85,1814.0,93.8,239.34,40.46
75,Female,56.3,1.54,Weight Loss,Rice_water_and_bread,238.0,7.0,47.0,3.0,Jollof_Rice_with_Chicken,619.2,39.43,64.97,13.31,Tuo_Zaafi_with_Meat_Stew,587.0,35.0,66.0,8.0,Atsoomo_(Chin-Chin),307.38,5.91,36.59,10.85,1751.58,87.34,214.56,35.16
43,Male,69.8,1.75,Muscle Gain,Hausa_Koko_(millet_porridge)_with_Koose,359.0,16.0,50.0,7.0,Boiled_Plantain/Yam_and_Garden_egg_stew,614.0,26.0,74.0,11.0,Plain_Rice_with_Chicken,710.0,55.0,64.0,16.0,Atsoomo_(Chin-Chin),307.38,5.91,36.59,10.85,1990.38,102.91,224.59,44.85
28,Male,59.4,1.76,Weight Loss,Hausa_Koko_(millet_porridge)_with_Koose,400.0,13.0,36.0,5.0,Red-Red_(Beans_and_Plantain_with_red_oil),501.0,34.0,52.0,14.0,Fufu_with_Light_Soup_with_Goat_Meat,620.0,38.0,76.0,10.0,Atsoomo_(Chin-Chin),307.38,5.91,36.59,10.85,1828.38,90.91,200.59,39.85
29,Male,83.1,1.77,Muscle Gain,Tom_Brown_and_bread,474.0,8.0,63.0,6.0,Waakye_and_Fish_with_egg,841.0,52.0,60.0,10.0,Tuo_Zaafi_with_Meat_Stew,781.0,40.0,77.0,14.0,Atsoomo_(Chin-Chin),307.38,5.91,36.59,10.85,2403.38,105.91,236.59,40.85
41,Female,61.0,1.66,Weight Loss,Rice_water_and_bread,272.0,9.0,45.0,3.0,Kenkey_and_Fried_Fish_with_Hot_Pepper,548.0,30.0,50.0,14.0,Banku_with_Okra_Soup,581.0,25.0,63.0,8.0,Atsoomo_(Chin-Chin),307.38,5.91,36.59,10.85,1708.38,69.91,194.59,35.85
78,Male,75.4,1.64,Muscle Gain,Tea/Milo/Coffee_with_bread,304.0,6.0,43.0,5.0,Banku_and_Tilapia_with_Hot_Pepper,683.0,45.0,62.0,13.0,Tuo_Zaafi_with_Meat_Stew,753.0,40.0,65.0,10.0,Atsoomo_(Chin-Chin),307.38,5.91,36.59,10.85,2047.38,96.91,206.59,38.85
46,Male,65.7,1.7,Weight Loss,White_porridge_and_bread,322.0,6.0,43.0,4.0,Angwamu_(Oil_Rice)_with_Hot_Pepper_and_Egg,641.0,23.0,50.0,16.0,Fufu_with_Light_Soup_with_Goat_Meat,674.0,40.0,73.0,12.0,Atsoomo_(Chin-Chin),307.38,5.91,36.59,10.85,1944.38,74.91,202.59,42.85
30,Male,78.4,1.66,Muscle Gain,Tom_Brown_and_bread,409.0,9.0,68.0,5.0,Plain_Rice_with_Chicken,739.0,54.0,61.0,17.0,Waakye_and_Fish_with_egg,777.0,54.0,61.0,10.0,Atsoomo_(Chin-Chin),307.38,5.91,36.59,10.85,2232.38,122.91,226.59,42.85
58,Male,84.1,1.68,Muscle Gain,Hausa_Koko_(millet_porridge)_with_Koose,369.0,15.0,45.0,6.0,Tuo_Zaafi_with_Meat_Stew,839.0,36.0,83.0,14.0,Waakye_and_Fish_with_egg,677.0,46.0,72.0,10.0,Nkatie_Cake_(Groundnut_Cake),338.0,10.0,25.0,17.0,2223.0,107.0,225.0,47.0
18,Male,58.9,1.7,Weight Loss,Rice_water_and_bread,288.0,8.0,43.0,4.0,Banku_with_Okra_Soup,689.0,37.0,68.0,10.0,Plain_Rice_with_Chicken,641.0,41.0,68.0,14.0,Kofi_Brokeman_(Roasted_Plantain_with_Groundnut),269.0,6.0,36.0,8.0,1887.0,92.0,215.0,36.0
44,Male,86.8,1.69,Muscle Gain,Tea/Milo/Coffee_with_bread,316.0,6.0,43.0,8.0,Banku_and_Tilapia_with_Hot_Pepper,801.0,55.0,61.0,14.0,Red-Red_(Beans_and_Plantain_with_red_oil),660.0,37.0,53.0,16.0,Roasted/Boiled_Maize_with_Coconut,267.0,7.0,38.0,8.0,2044.0,105.0,195.0,46.0
51,Female,74.2,1.67,Muscle Gain,Koko_with_Bofroat_(corn_dough_porridge_with_buffloaf),474.0,10.0,60.0,10.0,Fufu_with_Light_Soup_with_Goat_Meat,629.0,42.0,77.0,17.0,Waakye_and_Fish_with_egg,632.0,54.0,69.0,13.0,Atsoomo_(Chin-Chin),307.38,5.91,36.59,10.85,2042.38,111.91,242.59,50.85
62,Female,59.9,1.61,Weight Loss,Koko_with_Bofroat_(corn_dough_porridge_with_buffloaf),324.0,8.0,53.0,4.0,Waakye_and_Fish_with_egg,542.0,39.0,63.0,6.0,Boiled_Plantain/Yam_and_Garden_egg_stew,419.0,17.0,59.0,6.0,Atsoomo_(Chin-Chin),307.38,5.91,36.59,10.85,1592.38,69.91,211.59,26.85
9,Male,52.6,1.12,Muscle Gain,Oatmeal,280.0,16.0,48.0,4.0,Red-Red_(Beans_and_Plantain_with_red_oil),542.0,36.0,54.0,17.0,Jollof_Rice_with_Chicken,768.0,60.0,91.0,17.0,Atsoomo_(Chin-Chin),307.38,5.91,36.59,10.85,1897.38,117.91,229.59,48.85
35,Female,58.8,1.61,Weight Loss,Hausa_Koko_(millet_porridge)_with_Koose,312.0,11.0,37.0,6.0,Red-Red_(Beans_and_Plantain_with_red_oil),458.0,28.0,45.0,12.0,Plain_Rice_with_Chicken,686.0,49.0,59.0,13.0,Kofi_Brokeman_(Roasted_Plantain_with_Groundnut),231.0,7.0,40.0,7.0,1687.0,95.0,181.0,38.0
42,Male,61.7,1.68,Weight Loss,Tea/Milo/Coffee_with_bread,312.0,6.0,32.0,7.0,Jollof_Rice_with_Chicken,671.0,46.0,75.0,16.0,Banku_with_Okra_Soup,733.0,35.0,76.0,8.0,Atsoomo_(Chin-Chin),307.38,5.91,36.59,10.85,2023.38,92.91,219.59,41.85
45,Female,55.3,1.6,Weight Loss,Tom_Brown_and_bread,349.0,9.0,56.0,4.0,Boiled_Plantain/Yam_and_Garden_egg_stew,453.0,17.0,58.0,8.0,Banku_with_Okra_Soup,545.0,33.0,76.0,9.0,Atsoomo_(Chin-Chin),307.38,5.91,36.59,10.85,1654.38,64.91,226.59,31.85
56,Male,75.5,1.7,Muscle Gain,Tea/Milo/Coffee_with_bread,315.0,7.0,40.0,7.0,Plain_Rice_with_Chicken,789.0,66.0,60.0,17.0,Banku_and_Tilapia_with_Hot_Pepper,638.0,50.0,61.0,15.0,Atsoomo_(Chin-Chin),307.38,5.91,36.59,10.85,2049.38,128.91,197.59,49.85
75,Female,70.4,1.56,Muscle Gain,Oatmeal,290.0,10.0,39.0,3.0,Banku_and_Tilapia_with_Hot_Pepper,531.0,45.0,58.0,10.0,Banku_with_Okra_Soup,613.0,33.0,68.0,9.0,Atsoomo_(Chin-Chin),307.38,5.91,36.59,10.85,1741.38,93.91,201.59,32.85
85,Female,52.6,1.5,Weight Loss,Hausa_Koko_(millet_porridge)_with_Koose,357.0,12.0,38.0,4.0,Red-Red_(Beans_and_Plantain_with_red_oil),503.0,29.0,45.0,10.0,Fufu_with_Light_Soup_with_Goat_Meat,637.0,29.0,75.0,10.0,Atsoomo_(Chin-Chin),307.38,5.91,36.59,10.85,1804.38,75.91,194.59,34.85
13,Female,46.9,1.15,Muscle Gain,White_porridge_and_bread,321.0,9.0,59.0,5.0,Boiled_Plantain/Yam_and_Garden_egg_stew,448.0,31.0,65.0,9.0,Angwamu_(Oil_Rice)_with_Hot_Pepper_and_Egg,615.79,38.98,64.77,13.31,Atsoomo_(Chin-Chin),307.38,5.91,36.59,10.85,1692.17,84.89,225.36,38.16
77,Female,56.1,1.57,Weight Loss,Tom_Brown_and_bread,312.0,8.0,54.0,3.0,Jollof_Rice_with_Chicken,702.0,38.0,66.0,11.0,Boiled_Plantain/Yam_and_Garden_egg_stew,448.0,22.0,51.0,7.0,Kofi_Brokeman_(Roasted_Plantain_with_Groundnut),258.0,6.0,34.0,4.0,1720.0,74.0,205.0,25.0
58,Female,62.8,1.63,Weight Loss,Rice_water_and_bread,326.0,8.0,43.0,4.0,Plain_Rice_with_Chicken,620.0,50.0,65.0,12.0,Kenkey_and_Fried_Fish_with_Hot_Pepper,607.0,36.0,56.0,16.0,Atsoomo_(Chin-Chin),307.38,5.91,36.59,10.85,1860.38,99.91,200.59,42.85
20,Female,58.4,1.69,Weight Loss,Hausa_Koko_(millet_porridge)_with_Koose,309.0,12.0,41.0,5.0,Angwamu_(Oil_Rice)_with_Hot_Pepper_and_Egg,525.0,27.0,56.0,15.0,Kenkey_and_Fried_Fish_with_Hot_Pepper,579.0,37.0,49.0,14.0,Kofi_Brokeman_(Roasted_Plantain_with_Groundnut),258.0,7.0,31.0,6.0,1671.0,83.0,177.0,40.0
22,Female,66.4,1.7,Muscle Gain,Oatmeal,336.42,9.46,47.78,5.3,Tuo_Zaafi_with_Meat_Stew,794.0,43.0,73.0,15.0,Boiled_Plantain/Yam_and_Garden_egg_stew,462.0,24.0,55.0,8.0,Atsoomo_(Chin-Chin),307.38,5.91,36.59,10.85,1899.8,82.37,212.37,39.15
14,Male,41.2,1.25,Weight Loss,Hausa_Koko_(millet_porridge)_with_Koose,333.0,16.0,35.0,5.0,Red-Red_(Beans_and_Plantain_with_red_oil),427.0,29.0,54.0,12.0,Banku_and_Tilapia_with_Hot_Pepper,585.0,41.0,53.0,10.0,Atsoomo_(Chin-Chin),307.38,5.91,36.59,10.85,1652.38,91.91,178.59,37.85
36,Male,62.8,1.76,Weight Loss,Oatmeal,336.42,9.46,47.78,5.3,Waakye_and_Fish_with_egg,729.0,45.0,68.0,10.0,Jollof_Rice_with_Chicken,668.0,47.0,73.0,15.0,Atsoomo_(Chin-Chin),307.38,5.91,36.59,10.85,2040.8,107.37,225.37,41.15
32,Female,58.4,1.58,Weight Loss,Oatmeal,336.42,9.46,47.78,5.3,Jollof_Rice_with_Chicken,619.2,39.43,64.97,13.31,Fufu_with_Light_Soup_with_Goat_Meat,732.0,31.0,62.0,12.0,Atsoomo_(Chin-Chin),307.38,5.91,36.59,10.85,1995.0,85.8,211.34,41.46
7,Female,30.9,1.0,Weight Loss,Oatmeal,202.0,13.0,35.0,3.0,Plain_Rice_with_Chicken,509.0,51.0,54.0,13.0,Waakye_and_Fish_with_egg,442.0,55.0,68.0,9.0,Atsoomo_(Chin-Chin),307.38,5.91,36.59,10.85,1460.38,124.91,193.59,35.85
77,Male,73.2,1.67,Muscle Gain,Tom_Brown_and_bread,336.0,13.0,55.0,4.0,Red-Red_(Beans_and_Plantain_with_red_oil),484.0,37.0,50.0,15.0,Tuo_Zaafi_with_Meat_Stew,632.0,36.0,64.0,11.0,Atsoomo_(Chin-Chin),307.38,5.91,36.59,10.85,1759.38,91.91,205.59,40.85
26,Female,59.0,1.66,Weight Loss,Oatmeal,274.0,11.0,34.0,3.0,Jollof_Rice_with_Chicken,654.0,41.0,76.0,13.0,Plain_Rice_with_Chicken,563.0,43.0,55.0,15.0,Atsoomo_(Chin-Chin),307.38,5.91,36.59,10.85,1798.38,100.91,201.59,41.85
34,Male,64.8,1.79,Weight Loss,Tea/Milo/Coffee_with_bread,310.0,6.0,30.0,6.0,Fufu_with_Light_Soup_with_Goat_Meat,629.0,34.0,62.0,12.0,Angwamu_(Oil_Rice)_with_Hot_Pepper_and_Egg,679.0,25.0,51.0,19.0,Atsoomo_(Chin-Chin),307.38,5.91,36.59,10.85,1925.38,70.91,179.59,47.85
7,Male,39.4,1.02,Weight Loss,White_porridge_and_bread,286.0,9.0,51.0,4.0,Jollof_Rice_with_Chicken,624.0,50.0,79.0,14.0,Banku_and_Tilapia_with_Hot_Pepper,436.0,47.0,63.0,12.0,Atsoomo_(Chin-Chin),307.38,5.91,36.59,10.85,1653.38,111.91,229.59,40.85
48,Male,61.9,1.69,Weight Loss,White_porridge_and_bread,313.0,7.0,54.0,4.0,Angwamu_(Oil_Rice)_with_Hot_Pepper_and_Egg,603.0,23.0,54.0,16.0,Angwamu_(Oil_Rice)_with_Hot_Pepper_and_Egg,615.79,38.98,64.77,13.31,Plantain_Chips,320.0,3.0,38.0,10.0,1851.79,71.98,210.77,43.31
60,Female,60.6,1.59,Weight Loss,Hausa_Koko_(millet_porridge)_with_Koose,341.0,11.0,36.0,6.0,Red-Red_(Beans_and_Plantain_with_red_oil),454.0,28.0,50.0,15.0,Banku_with_Okra_Soup,594.0,25.0,70.0,10.0,Plantain_Chips,295.0,3.0,45.0,8.0,1684.0,67.0,201.0,39.0
52,Male,67.2,1.75,Weight Loss,Oatmeal,308.0,11.0,41.0,3.0,Banku_and_Tilapia_with_Hot_Pepper,551.0,47.0,58.0,9.0,Kenkey_and_Fried_Fish_with_Hot_Pepper,594.0,41.0,55.0,15.0,Atsoomo_(Chin-Chin),307.38,5.91,36.59,10.85,1760.38,104.91,190.59,37.85
51,Female,65.7,1.67,Muscle Gain,Hausa_Koko_(millet_porridge)_with_Koose,344.0,14.0,40.0,7.0,Plain_Rice_with_Chicken,818.0,49.0,59.0,16.0,Kenkey_and_Fried_Fish_with_Hot_Pepper,579.0,44.0,60.0,21.0,Atsoomo_(Chin-Chin),307.38,5.91,36.59,10.85,2048.38,112.91,195.59,54.85
70,Male,63.8,1.66,Weight Loss,Koko_with_Bofroat_(corn_dough_porridge_with_buffloaf),367.0,12.0,51.0,6.0,Red-Red_(Beans_and_Plantain_with_red_oil),486.0,34.0,44.0,12.0,Banku_with_Okra_Soup,537.0,30.0,70.0,7.0,Atsoomo_(Chin-Chin),307.38,5.91,36.59,10.85,1697.38,81.91,201.59,35.85
5,Female,34.1,1.0,Muscle Gain,Rice_water_and_bread,261.0,10.0,57.0,4.0,Boiled_Plantain/Yam_and_Garden_egg_stew,468.0,25.0,58.0,8.0,Angwamu_(Oil_Rice)_with_Hot_Pepper_and_Egg,423.0,38.0,68.0,24.0,Kofi_Brokeman_(Roasted_Plantain_with_Groundnut),218.0,9.0,45.0,9.0,1370.0,82.0,228.0,45.0
56,Female,57.2,1.57,Weight Loss,Hausa_Koko_(millet_porridge)_with_Koose,316.0,13.0,36.0,6.0,Jollof_Rice_with_Chicken,619.2,39.43,64.97,13.31,Red-Red_(Beans_and_Plantain_with_red_oil),500.0,27.0,41.0,13.0,Roasted/Boiled_Maize_with_Coconut,253.0,5.0,30.0,5.0,1688.2,84.43,171.97,37.31
11,Male,55.8,1.23,Muscle Gain,Tom_Brown_and_bread,358.0,13.0,63.0,5.0,Banku_with_Okra_Soup,651.0,46.0,70.0,11.0,Red-Red_(Beans_and_Plantain_with_red_oil),449.0,39.0,60.0,16.0,Atsoomo_(Chin-Chin),307.38,5.91,36.59,10.85,1765.38,103.91,229.59,42.85
41,Female,78.6,1.57,Muscle Gain,Hausa_Koko_(millet_porridge)_with_Koose,371.0,15.0,39.0,8.0,Banku_with_Okra_Soup,687.0,39.0,76.0,11.0,Red-Red_(Beans_and_Plantain_with_red_oil),497.0,28.0,51.0,15.0,Atsoomo_(Chin-Chin),307.38,5.91,36.59,10.85,1862.38,87.91,202.59,44.85
84,Female,67.3,1.52,Muscle Gain,Oatmeal,242.0,10.0,39.0,4.0,Fufu_with_Light_Soup_with_Goat_Meat,669.0,39.0,78.0,12.0,Jollof_Rice_with_Chicken,616.0,40.0,82.0,17.0,Atsoomo_(Chin-Chin),307.38,5.91,36.59,10.85,1834.38,94.91,235.59,43.85
29,Female,74.4,1.56,Muscle Gain,Hausa_Koko_(millet_porridge)_with_Koose,367.0,13.0,39.0,8.0,Boiled_Plantain/Yam_and_Garden_egg_stew,568.0,22.0,62.0,10.0,Banku_with_Okra_Soup,664.0,32.0,65.0,11.0,Kofi_Brokeman_(Roasted_Plantain_with_Groundnut),273.0,8.0,37.0,10.0,1872.0,75.0,203.0,39.0
81,Male,59.8,1.61,Weight Loss,Rice_water_and_bread,313.0,7.0,52.0,2.0,Kenkey_and_Fried_Fish_with_Hot_Pepper,581.0,36.0,57.0,13.0,Banku_and_Tilapia_with_Hot_Pepper,493.0,44.0,57.0,10.0,Atsoomo_(Chin-Chin),307.38,5.91,36.59,10.85,1694.38,92.91,202.59,35.85
72,Male,63.1,1.66,Weight Loss,Koko_with_Bofroat_(corn_dough_porridge_with_buffloaf),431.0,9.0,51.0,5.0,Jollof_Rice_with_Chicken,787.0,41.0,87.0,13.0,Banku_and_Tilapia_with_Hot_Pepper,495.0,40.0,49.0,8.0,Atsoomo_(Chin-Chin),307.38,5.91,36.59,10.85,2020.38,95.91,223.59,36.85
79,Male,70.2,1.65,Muscle Gain,Tom_Brown_and_bread,404.0,8.0,67.0,5.0,Jollof_Rice_with_Chicken,619.2,39.43,64.97,13.31,Fufu_with_Light_Soup_with_Goat_Meat,606.0,40.0,80.0,13.0,Kofi_Brokeman_(Roasted_Plantain_with_Groundnut),255.0,7.0,40.0,8.0,1884.2,94.43,251.97,39.31
51,Male,74.1,1.65,Muscle Gain,Oatmeal,364.0,9.0,45.0,5.0,Kenkey_and_Fried_Fish_with_Hot_Pepper,643.0,48.0,59.0,17.0,Banku_and_Tilapia_with_Hot_Pepper,667.0,43.0,56.0,13.0,Atsoomo_(Chin-Chin),307.38,5.91,36.59,10.85,1981.38,105.91,196.59,45.85
19,Female,77.3,1.65,Muscle Gain,Rice_water_and_bread,374.0,8.0,48.0,5.0,Jollof_Rice_with_Chicken,698.0,51.0,87.0,20.0,Waakye_and_Fish_with_egg,767.0,49.0,75.0,13.0,Atsoomo_(Chin-Chin),307.38,5.91,36.59,10.85,2146.38,113.91,246.59,48.85
58,Female,51.6,1.55,Weight Loss,Hausa_Koko_(millet_porridge)_with_Koose,338.0,12.0,35.0,6.0,Jollof_Rice_with_Chicken,619.2,39.43,64.97,13.31,Plain_Rice_with_Chicken,707.0,46.0,63.0,14.0,Roasted/Boiled_Maize_with_Coconut,239.0,5.0,39.0,5.0,1903.2,102.43,201.97,38.31
14,Male,41.4,1.26,Weight Loss,Rice_water_and_bread,282.0,9.0,49.0,3.0,Waakye_and_Fish_with_egg,606.0,55.0,69.0,9.0,Red-Red_(Beans_and_Plantain_with_red_oil),470.0,40.0,50.0,13.0,Roasted/Boiled_Maize_with_Coconut,215.0,6.0,39.0,6.0,1573.0,110.0,207.0,31.0
36,Female,53.5,1.56,Weight Loss,Oatmeal,285.0,9.0,41.0,3.0,Tuo_Zaafi_with_Meat_Stew,569.0,32.0,72.0,10.0,Jollof_Rice_with_Chicken,675.0,41.0,76.0,16.0,Atsoomo_(Chin-Chin),307.38,5.91,36.59,10.85,1836.38,87.91,225.59,39.85
20,Male,71.5,1.71,Muscle Gain,Oatmeal,358.0,9.0,46.0,4.0,Boiled_Plantain/Yam_and_Garden_egg_stew,586.0,22.0,73.0,11.0,Banku_and_Tilapia_with_Hot_Pepper,647.0,55.0,71.0,13.0,Atsoomo_(Chin-Chin),307.38,5.91,36.59,10.85,1898.38,91.91,226.59,38.85
30,Male,56.2,1.63,Weight Loss,Oatmeal,311.0,11.0,38.0,3.0,Tuo_Zaafi_with_Meat_Stew,704.0,39.0,63.0,9.0,Boiled_Plantain/Yam_and_Garden_egg_stew,529.0,20.0,60.0,7.0,Atsoomo_(Chin-Chin),411.0,4.0,30.0,14.0,1955.0,74.0,191.0,33.0
38,Female,71.7,1.56,Muscle Gain,Tom_Brown_and_bread,427.0,12.0,65.0,5.0,Waakye_and_Fish_with_egg,640.0,55.0,77.0,10.0,Banku_and_Tilapia_with_Hot_Pepper,614.0,51.0,65.0,16.0,Atsoomo_(Chin-Chin),307.38,5.91,36.59,10.85,1988.38,123.91,243.59,41.85
33,Male,75.1,1.68,Muscle Gain,Oatmeal,336.42,9.46,47.78,5.3,Angwamu_(Oil_Rice)_with_Hot_Pepper_and_Egg,686.0,33.0,66.0,22.0,Kenkey_and_Fried_Fish_with_Hot_Pepper,751.0,46.0,62.0,17.0,Atsoomo_(Chin-Chin),307.38,5.91,36.59,10.85,2080.8,94.37,212.37,55.15
51,Female,57.0,1.66,Weight Loss,Tea/Milo/Coffee_with_bread,273.0,6.0,30.0,6.0,Tuo_Zaafi_with_Meat_Stew,572.0,31.0,76.0,9.0,Waakye_and_Fish_with_egg,620.0,46.0,56.0,8.0,Kofi_Brokeman_(Roasted_Plantain_with_Groundnut),262.0,7.0,34.0,6.0,1727.0,90.0,196.0,29.0
38,Female,78.2,1.65,Muscle Gain,Tea/Milo/Coffee_with_bread,300.0,7.0,43.0,8.0,Jollof_Rice_with_Chicken,619.2,39.43,64.97,13.31,Banku_with_Okra_Soup,622.0,39.0,73.0,11.0,Agbelikaklo_with_Coconut,345.0,6.0,51.0,9.0,1886.2,91.43,231.97,41.31
27,Male,78.8,1.76,Muscle Gain,Oatmeal,336.42,9.46,47.78,5.3,Banku_and_Tilapia_with_Hot_Pepper,596.0,52.0,61.0,13.0,Angwamu_(Oil_Rice)_with_Hot_Pepper_and_Egg,615.79,38.98,64.77,13.31,Atsoomo_(Chin-Chin),307.38,5.91,36.59,10.85,1855.59,106.35,210.14,42.46
43,Male,84.9,1.67,Muscle Gain,Oatmeal,354.0,10.0,49.0,4.0,Plain_Rice_with_Chicken,852.0,55.0,64.0,20.0,Banku_with_Okra_Soup,620.0,42.0,72.0,10.0,Atsoomo_(Chin-Chin),435.0,4.0,29.0,19.0,2261.0,111.0,214.0,53.0
17,Female,54.3,1.3,Muscle Gain,Tea/Milo/Coffee_with_bread,264.0,7.0,34.0,7.0,Waakye_and_Fish_with_egg,512.0,66.0,76.0,10.0,Angwamu_(Oil_Rice)_with_Hot_Pepper_and_Egg,550.0,30.0,56.0,21.0,Atsoomo_(Chin-Chin),307.38,5.91,36.59,10.85,1633.38,108.91,202.59,48.85
80,Male,70.6,1.64,Muscle Gain,White_porridge_and_bread,380.0,8.0,49.0,4.0,Boiled_Plantain/Yam_and_Garden_egg_stew,511.0,27.0,71.0,8.0,Waakye_and_Fish_with_egg,632.0,46.0,79.0,11.0,Atsoomo_(Chin-Chin),307.38,5.91,36.59,10.85,1830.38,86.91,235.59,33.85
6,Male,36.7,1.0,Weight Loss,Oatmeal,336.42,9.46,47.78,5.3,Waakye_and_Fish_with_egg,517.0,48.0,60.0,8.0,Banku_with_Okra_Soup,524.0,36.0,67.0,10.0,Atsoomo_(Chin-Chin),307.38,5.91,36.59,10.85,1684.8,99.37,211.37,34.15
74,Male,71.8,1.65,Muscle Gain,Rice_water_and_bread,293.0,8.0,57.0,3.0,Red-Red_(Beans_and_Plantain_with_red_oil),487.0,31.0,48.0,13.0,Plain_Rice_with_Chicken,618.0,67.0,74.0,17.0,Atsoomo_(Chin-Chin),307.38,5.91,36.59,10.85,1705.38,111.91,215.59,43.85
54,Male,64.9,1.63,Weight Loss,Oatmeal,336.42,9.46,47.78,5.3,Boiled_Plantain/Yam_and_Garden_egg_stew,466.0,19.0,63.0,8.0,Fufu_with_Light_Soup_with_Goat_Meat,689.0,34.0,63.0,9.0,Plantain_Chips,281.0,3.0,41.0,8.0,1772.42,65.46,214.78,30.3
40,Male,69.9,1.68,Weight Loss,Tom_Brown_and_bread,327.0,11.0,53.0,4.0,Banku_and_Tilapia_with_Hot_Pepper,574.0,36.0,65.0,12.0,Angwamu_(Oil_Rice)_with_Hot_Pepper_and_Egg,615.79,38.98,64.77,13.31,Atsoomo_(Chin-Chin),307.38,5.91,36.59,10.85,1824.17,91.89,219.36,40.16
42,Male,80.2,1.7,Muscle Gain,Tea/Milo/Coffee_with_bread,357.0,6.0,45.0,8.0,Jollof_Rice_with_Chicken,866.0,55.0,89.0,18.0,Tuo_Zaafi_with_Meat_Stew,684.0,40.0,80.0,15.0,Atsoomo_(Chin-Chin),307.38,5.91,36.59,10.85,2214.38,106.91,250.59,51.85
5,Female,33.2,1.0,Muscle Gain,Hausa_Koko_(millet_porridge)_with_Koose,312.0,15.0,46.0,6.0,Banku_and_Tilapia_with_Hot_Pepper,451.0,50.0,66.0,16.0,Waakye_and_Fish_with_egg,510.0,58.0,76.0,11.0,Atsoomo_(Chin-Chin),307.38,5.91,36.59,10.85,1580.38,128.91,224.59,43.85
84,Female,64.0,1.55,Muscle Gain,Tea/Milo/Coffee_with_bread,310.0,7.0,41.0,5.0,Angwamu_(Oil_Rice)_with_Hot_Pepper_and_Egg,580.0,27.0,60.0,21.0,Banku_and_Tilapia_with_Hot_Pepper,655.0,50.0,60.0,11.0,Atsoomo_(Chin-Chin),307.38,5.91,36.59,10.85,1852.38,89.91,197.59,47.85
44,Female,52.5,1.58,Weight Loss,White_porridge_and_bread,322.0,6.0,55.0,4.0,Jollof_Rice_with_Chicken,637.0,44.0,78.0,15.0,Fufu_with_Light_Soup_with_Goat_Meat,613.0,30.0,69.0,12.0,Atsoomo_(Chin-Chin),307.38,5.91,36.59,10.85,1879.38,85.91,238.59,41.85
29,Female,68.5,1.65,Muscle Gain,Koko_with_Bofroat_(corn_dough_porridge_with_buffloaf),495.0,10.0,59.0,10.0,Banku_and_Tilapia_with_Hot_Pepper,590.0,50.0,65.0,14.0,Kenkey_and_Fried_Fish_with_Hot_Pepper,617.0,37.0,55.0,20.0,Atsoomo_(Chin-Chin),307.38,5.91,36.59,10.85,2009.38,102.91,215.59,54.85
55,Female,61.4,1.65,Weight Loss,Koko_with_Bofroat_(corn_dough_porridge_with_buffloaf),441.0,9.0,48.0,6.0,Red-Red_(Beans_and_Plantain_with_red_oil),500.0,30.0,45.0,13.0,Angwamu_(Oil_Rice)_with_Hot_Pepper_and_Egg,615.79,38.98,64.77,13.31,Nkatie_Cake_(Groundnut_Cake),312.0,10.0,21.0,14.0,1868.79,87.98,178.77,46.31
9,Female,44.2,1.08,Muscle Gain,Koko_with_Bofroat_(corn_dough_porridge_with_buffloaf),325.0,14.0,65.0,10.0,Waakye_and_Fish_with_egg,551.0,54.0,67.0,11.0,Plain_Rice_with_Chicken,613.0,73.0,66.0,15.0,Atsoomo_(Chin-Chin),307.38,5.91,36.59,10.85,1796.38,146.91,234.59,46.85
13,Female,34.3,1.16,Weight Loss,Oatmeal,336.42,9.46,47.78,5.3,Boiled_Plantain/Yam_and_Garden_egg_stew,434.0,26.0,50.0,8.0,Tuo_Zaafi_with_Meat_Stew,521.0,33.0,56.0,11.0,Atsoomo_(Chin-Chin),307.38,5.91,36.59,10.85,1598.8,74.37,190.37,35.15
17,Male,44.6,1.33,Weight Loss,Hausa_Koko_(millet_porridge)_with_Koose,272.0,14.0,45.0,5.0,Banku_with_Okra_Soup,531.0,37.0,70.0,8.0,Angwamu_(Oil_Rice)_with_Hot_Pepper_and_Egg,455.0,27.0,58.0,15.0,Atsoomo_(Chin-Chin),307.38,5.91,36.59,10.85,1565.38,83.91,209.59,38.85
21,Female,56.7,1.52,Weight Loss,Tea/Milo/Coffee_with_bread,239.0,5.0,37.0,5.0,Banku_and_Tilapia_with_Hot_Pepper,593.0,41.0,56.0,10.0,Angwamu_(Oil_Rice)_with_Hot_Pepper_and_Egg,615.79,38.98,64.77,13.31,Atsoomo_(Chin-Chin),307.38,5.91,36.59,10.85,1755.17,90.89,194.36,39.16
46,Male,64.6,1.7,Weight Loss,Tea/Milo/Coffee_with_bread,331.0,6.0,30.0,5.0,Kenkey_and_Fried_Fish_with_Hot_Pepper,547.0,40.0,48.0,13.0,Banku_with_Okra_Soup,756.0,27.0,67.0,9.0,Atsoomo_(Chin-Chin),307.38,5.91,36.59,10.85,1941.38,78.91,181.59,37.85
17,Male,49.3,1.34,Weight Loss,Oatmeal,227.0,11.0,45.0,3.0,Kenkey_and_Fried_Fish_with_Hot_Pepper,446.0,40.0,56.0,14.0,Banku_and_Tilapia_with_Hot_Pepper,548.0,50.0,52.0,12.0,Atsoomo_(Chin-Chin),307.38,5.91,36.59,10.85,1528.38,106.91,189.59,39.85
27,Male,70.4,1.76,Weight Loss,Tea/Milo/Coffee_with_bread,327.0,6.0,37.0,6.0,Red-Red_(Beans_and_Plantain_with_red_oil),629.0,30.0,50.0,15.0,Waakye_and_Fish_with_egg,651.0,50.0,60.0,10.0,Roasted/Boiled_Maize_with_Coconut,259.0,6.0,38.0,5.0,1866.0,92.0,185.0,36.0
36,Female,67.8,1.55,Muscle Gain,Tom_Brown_and_bread,420.0,9.0,64.0,6.0,Kenkey_and_Fried_Fish_with_Hot_Pepper,610.0,43.0,60.0,17.0,Waakye_and_Fish_with_egg,721.0,55.0,78.0,13.0,Atsoomo_(Chin-Chin),307.38,5.91,36.59,10.85,2058.38,112.91,238.59,46.85
9,Female,39.0,1.06,Weight Loss,Oatmeal,336.42,9.46,47.78,5.3,Jollof_Rice_with_Chicken,545.0,50.0,82.0,13.0,Fufu_with_Light_Soup_with_Goat_Meat,445.0,48.0,70.0,9.0,Nkatie_Cake_(Groundnut_Cake),231.0,9.0,19.0,13.0,1557.42,116.46,218.78,40.3
14,Male,52.9,1.25,Muscle Gain,Hausa_Koko_(millet_porridge)_with_Koose,330.0,19.0,46.0,8.0,Kenkey_and_Fried_Fish_with_Hot_Pepper,557.0,48.0,57.0,20.0,Boiled_Plantain/Yam_and_Garden_egg_stew,523.0,28.0,60.0,10.0,Atsoomo_(Chin-Chin),307.38,5.91,36.59,10.85,1717.38,100.91,199.59,48.85
5,Male,31.3,1.0,Weight Loss,Koko_with_Bofroat_(corn_dough_porridge_with_buffloaf),313.0,13.0,58.0,8.0,Jollof_Rice_with_Chicken,619.2,39.43,64.97,13.31,Tuo_Zaafi_with_Meat_Stew,550.0,39.0,58.0,9.0,Atsoomo_(Chin-Chin),307.38,5.91,36.59,10.85,1789.58,97.34,217.56,41.16
38,Female,74.4,1.52,Muscle Gain,Koko_with_Bofroat_(corn_dough_porridge_with_buffloaf),465.0,12.0,68.0,11.0,Jollof_Rice_with_Chicken,698.0,51.0,74.0,18.0,Tuo_Zaafi_with_Meat_Stew,734.0,34.0,71.0,13.0,Atsoomo_(Chin-Chin),307.38,5.91,36.59,10.85,2204.38,102.91,249.59,52.85
7,Female,32.5,1.0,Weight Loss,White_porridge_and_bread,272.0,8.0,53.0,4.0,Kenkey_and_Fried_Fish_with_Hot_Pepper,522.0,38.0,60.0,14.0,Angwamu_(Oil_Rice)_with_Hot_Pepper_and_Egg,407.0,27.0,47.0,16.0,Kofi_Brokeman_(Roasted_Plantain_with_Groundnut),243.0,7.0,37.0,8.0,1444.0,80.0,197.0,42.0
56,Female,55.9,1.65,Weight Loss,Tea/Milo/Coffee_with_bread,290.0,5.0,35.0,4.0,Fufu_with_Light_Soup_with_Goat_Meat,655.0,39.0,63.0,11.0,Jollof_Rice_with_Chicken,641.0,36.0,81.0,13.0,Roasted/Boiled_Maize_with_Coconut,227.0,6.0,32.0,6.0,1813.0,86.0,211.0,34.0
83,Female,67.3,1.52,Muscle Gain,Hausa_Koko_(millet_porridge)_with_Koose,308.0,14.0,40.0,5.0,Tuo_Zaafi_with_Meat_Stew,606.0,37.0,82.0,10.0,Plain_Rice_with_Chicken,672.0,55.0,75.0,17.0,Atsoomo_(Chin-Chin),307.38,5.91,36.59,10.85,1893.38,111.91,233.59,42.85
44,Male,79.9,1.76,Muscle Gain,Tea/Milo/Coffee_with_bread,341.0,6.0,43.0,8.0,Jollof_Rice_with_Chicken,952.0,55.0,86.0,19.0,Plain_Rice_with_Chicken,767.0,54.0,73.0,15.0,Kofi_Brokeman_(Roasted_Plantain_with_Groundnut),371.0,8.0,42.0,11.0,2431.0,123.0,244.0,53.0
45,Female,74.7,1.54,Muscle Gain,Tom_Brown_and_bread,363.0,9.0,57.0,6.0,Banku_and_Tilapia_with_Hot_Pepper,697.0,42.0,62.0,16.0,Boiled_Plantain/Yam_and_Garden_egg_stew,552.0,25.0,65.0,8.0,Atsoomo_(Chin-Chin),307.38,5.91,36.59,10.85,1919.38,81.91,220.59,40.85
7,Female,32.3,1.0,Weight Loss,Oatmeal,218.0,13.0,45.0,3.0,Waakye_and_Fish_with_egg,441.0,52.0,61.0,8.0,Banku_with_Okra_Soup,513.0,37.0,68.0,8.0,Atsoomo_(Chin-Chin),307.38,5.91,36.59,10.85,1479.38,107.91,210.59,29.85
84,Male,58.4,1.62,Weight Loss,Koko_with_Bofroat_(corn_dough_porridge_with_buffloaf),338.0,9.0,55.0,7.0,Jollof_Rice_with_Chicken,619.2,39.43,64.97,13.31,Waakye_and_Fish_with_egg,566.0,42.0,54.0,7.0,Atsoomo_(Chin-Chin),307.38,5.91,36.59,10.85,1830.58,96.34,210.56,38.16
54,Male,62.9,1.72,Weight Loss,Hausa_Koko_(millet_porridge)_with_Koose,387.0,13.0,44.0,5.0,Red-Red_(Beans_and_Plantain_with_red_oil),622.0,26.0,46.0,13.0,Jollof_Rice_with_Chicken,744.0,37.0,73.0,16.0,Roasted/Boiled_Maize_with_Coconut,249.0,6.0,30.0,4.0,2002.0,82.0,193.0,38.0
46,Female,74.4,1.59,Muscle Gain,Koko_with_Bofroat_(corn_dough_porridge_with_buffloaf),468.0,10.0,53.0,9.0,Plain_Rice_with_Chicken,636.0,50.0,62.0,20.0,Jollof_Rice_with_Chicken,771.0,49.0,79.0,20.0,Agbelikaklo_with_Coconut,305.0,4.0,43.0,8.0,2180.0,113.0,237.0,57.0
42,Male,79.5,1.63,Muscle Gain,Tea/Milo/Coffee_with_bread,304.0,6.0,37.0,8.0,Banku_and_Tilapia_with_Hot_Pepper,704.0,55.0,66.0,15.0,Angwamu_(Oil_Rice)_with_Hot_Pepper_and_Egg,691.0,34.0,67.0,23.0,Atsoomo_(Chin-Chin),307.38,5.91,36.59,10.85,2006.38,100.91,206.59,56.85
41,Female,67.7,1.63,Muscle Gain,Oatmeal,323.0,12.0,47.0,4.0,Kenkey_and_Fried_Fish_with_Hot_Pepper,669.0,44.0,53.0,21.0,Waakye_and_Fish_with_egg,595.0,45.0,64.0,12.0,Plantain_Chips,283.0,3.0,49.0,12.0,1870.0,104.0,213.0,49.0
70,Female,70.5,1.57,Muscle Gain,Oatmeal,287.0,10.0,44.0,4.0,Plain_Rice_with_Chicken,665.0,57.0,72.0,17.0,Angwamu_(Oil_Rice)_with_Hot_Pepper_and_Egg,485.0,33.0,58.0,18.0,Atsoomo_(Chin-Chin),307.38,5.91,36.59,10.85,1744.38,105.91,210.59,49.85
8,Male,49.3,1.11,Muscle Gain,White_porridge_and_bread,348.0,9.0,61.0,5.0,Jollof_Rice_with_Chicken,619.2,39.43,64.97,13.31,Fufu_with_Light_Soup_with_Goat_Meat,621.0,52.0,75.0,16.0,Atsoomo_(Chin-Chin),307.38,5.91,36.59,10.85,1895.58,106.34,237.56,45.16
73,Male,61.0,1.68,Weight Loss,Rice_water_and_bread,314.0,8.0,54.0,3.0,Plain_Rice_with_Chicken,704.0,56.0,56.0,10.0,Boiled_Plantain/Yam_and_Garden_egg_stew,493.0,23.0,59.0,6.0,Atsoomo_(Chin-Chin),307.38,5.91,36.59,10.85,1818.38,92.91,205.59,29.85
59,Female,54.0,1.64,Weight Loss,Oatmeal,336.42,9.46,47.78,5.3,Banku_with_Okra_Soup,546.0,34.0,76.0,9.0,Tuo_Zaafi_with_Meat_Stew,565.0,35.0,71.0,10.0,Atsoomo_(Chin-Chin),307.38,5.91,36.59,10.85,1754.8,84.37,231.37,35.15
22,Male,60.9,1.78,Weight Loss,Oatmeal,336.42,9.46,47.78,5.3,Angwamu_(Oil_Rice)_with_Hot_Pepper_and_Egg,583.0,24.0,46.0,19.0,Plain_Rice_with_Chicken,701.0,53.0,54.0,16.0,Atsoomo_(Chin-Chin),307.38,5.91,36.59,10.85,1927.8,92.37,184.37,51.15
26,Female,79.2,1.67,Muscle Gain,Rice_water_and_bread,284.0,10.0,62.0,4.0,Fufu_with_Light_Soup_with_Goat_Meat,800.0,43.0,72.0,16.0,Angwamu_(Oil_Rice)_with_Hot_Pepper_and_Egg,658.0,32.0,57.0,20.0,Atsoomo_(Chin-Chin),307.38,5.91,36.59,10.85,2049.38,90.91,227.59,50.85
51,Female,63.3,1.61,Weight Loss,Oatmeal,336.42,9.46,47.78,5.3,Red-Red_(Beans_and_Plantain_with_red_oil),487.0,26.0,56.0,13.0,Angwamu_(Oil_Rice)_with_Hot_Pepper_and_Egg,615.79,38.98,64.77,13.31,Atsoomo_(Chin-Chin),307.38,5.91,36.59,10.85,1746.59,80.35,205.14,42.46
32,Female,58.2,1.62,Weight Loss,Oatmeal,259.0,10.0,35.0,4.0,Banku_with_Okra_Soup,593.0,32.0,73.0,9.0,Angwamu_(Oil_Rice)_with_Hot_Pepper_and_Egg,615.79,38.98,64.77,13.31,Atsoomo_(Chin-Chin),307.38,5.91,36.59,10.85,1775.17,86.89,209.36,37.16
45,Male,74.5,1.8,Muscle Gain,Oatmeal,336.42,9.46,47.78,5.3,Banku_and_Tilapia_with_Hot_Pepper,729.0,44.0,74.0,15.0,Red-Red_(Beans_and_Plantain_with_red_oil),691.0,37.0,49.0,17.0,Atsoomo_(Chin-Chin),307.38,5.91,36.59,10.85,2063.8,96.37,207.37,48.15
27,Female,56.1,1.63,Weight Loss,Oatmeal,336.42,9.46,47.78,5.3,Banku_with_Okra_Soup,516.0,30.0,74.0,9.0,Banku_and_Tilapia_with_Hot_Pepper,548.0,42.0,54.0,11.0,Nkatie_Cake_(Groundnut_Cake),277.0,10.0,22.0,12.0,1677.42,91.46,197.78,37.3
56,Male,58.2,1.78,Weight Loss,White_porridge_and_bread,400.0,7.0,54.0,4.0,Kenkey_and_Fried_Fish_with_Hot_Pepper,699.0,38.0,51.0,16.0,Tuo_Zaafi_with_Meat_Stew,761.0,35.0,62.0,12.0,Atsoomo_(Chin-Chin),307.38,5.91,36.59,10.85,2167.38,85.91,203.59,42.85
71,Female,67.3,1.56,Muscle Gain,Oatmeal,287.0,10.0,49.0,3.0,Red-Red_(Beans_and_Plantain_with_red_oil),433.0,34.0,60.0,12.0,Tuo_Zaafi_with_Meat_Stew,691.0,39.0,79.0,11.0,Kofi_Brokeman_(Roasted_Plantain_with_Groundnut),297.0,7.0,38.0,7.0,1708.0,90.0,226.0,33.0
17,Male,45.1,1.34,Weight Loss,Tea/Milo/Coffee_with_bread,246.0,6.0,37.0,6.0,Red-Red_(Beans_and_Plantain_with_red_oil),489.0,37.0,52.0,13.0,Tuo_Zaafi_with_Meat_Stew,552.0,39.0,77.0,12.0,Nkatie_Cake_(Groundnut_Cake),294.0,11.0,21.0,15.0,1581.0,93.0,187.0,46.0
16,Female,45.0,1.24,Weight Loss,Tom_Brown_and_bread,284.0,8.0,48.0,4.0,Banku_and_Tilapia_with_Hot_Pepper,513.0,48.0,60.0,12.0,Boiled_Plantain/Yam_and_Garden_egg_stew,380.0,22.0,54.0,8.0,Plantain_Chips,193.0,3.0,45.0,8.0,1370.0,81.0,207.0,32.0
65,Female,73.3,1.58,Muscle Gain,Oatmeal,271.0,9.0,41.0,4.0,Jollof_Rice_with_Chicken,768.0,42.0,86.0,18.0,Plain_Rice_with_Chicken,645.0,50.0,67.0,16.0,Roasted/Boiled_Maize_with_Coconut,257.0,6.0,34.0,5.0,1941.0,107.0,228.0,43.0
9,Female,47.9,1.05,Muscle Gain,Tea/Milo/Coffee_with_bread,275.0,8.0,36.0,8.0,Kenkey_and_Fried_Fish_with_Hot_Pepper,446.0,45.0,66.0,21.0,Banku_with_Okra_Soup,544.0,43.0,67.0,12.0,Nkatie_Cake_(Groundnut_Cake),311.0,14.0,24.0,19.0,1576.0,110.0,193.0,60.0
29,Male,80.5,1.67,Muscle Gain,White_porridge_and_bread,368.0,7.0,50.0,5.0,Banku_with_Okra_Soup,781.0,34.0,86.0,12.0,Jollof_Rice_with_Chicken,799.0,52.0,90.0,21.0,Atsoomo_(Chin-Chin),307.38,5.91,36.59,10.85,2255.38,98.91,262.59,48.85
57,Male,60.5,1.69,Weight Loss,Tom_Brown_and_bread,422.0,11.0,51.0,4.0,Angwamu_(Oil_Rice)_with_Hot_Pepper_and_Egg,583.0,27.0,59.0,16.0,Red-Red_(Beans_and_Plantain_with_red_oil),514.0,27.0,52.0,15.0,Atsoomo_(Chin-Chin),307.38,5.91,36.59,10.85,1826.38,70.91,198.59,45.85
62,Female,71.2,1.6,Muscle Gain,Tea/Milo/Coffee_with_bread,270.0,6.0,38.0,5.0,Red-Red_(Beans_and_Plantain_with_red_oil),496.0,32.0,59.0,13.0,Banku_with_Okra_Soup,585.0,38.0,71.0,9.0,Atsoomo_(Chin-Chin),307.38,5.91,36.59,10.85,1658.38,81.91,204.59,37.85
39,Female,70.9,1.54,Muscle Gain,Tea/Milo/Coffee_with_bread,306.0,6.0,45.0,6.0,Plain_Rice_with_Chicken,654.0,46.0,66.0,19.0,Fufu_with_Light_Soup_with_Goat_Meat,819.0,46.0,70.0,15.0,Agbelikaklo_with_Coconut,298.0,4.0,46.0,8.0,2077.0,102.0,227.0,48.0
46,Female,75.3,1.59,Muscle Gain,Hausa_Koko_(millet_porridge)_with_Koose,335.0,15.0,48.0,8.0,Waakye_and_Fish_with_egg,674.0,51.0,80.0,13.0,Jollof_Rice_with_Chicken,805.0,44.0,87.0,22.0,Atsoomo_(Chin-Chin),307.38,5.91,36.59,10.85,2121.38,115.91,251.59,53.85
11,Male,48.8,1.25,Weight Loss,Oatmeal,336.42,9.46,47.78,5.3,Waakye_and_Fish_with_egg,568.0,61.0,64.0,8.0,Red-Red_(Beans_and_Plantain_with_red_oil),409.0,36.0,48.0,12.0,Atsoomo_(Chin-Chin),307.38,5.91,36.59,10.85,1620.8,112.37,196.37,36.15
75,Female,68.1,1.54,Muscle Gain,Tea/Milo/Coffee_with_bread,246.0,7.0,34.0,5.0,Angwamu_(Oil_Rice)_with_Hot_Pepper_and_Egg,562.0,28.0,51.0,17.0,Angwamu_(Oil_Rice)_with_Hot_Pepper_and_Egg,615.79,38.98,64.77,13.31,Atsoomo_(Chin-Chin),307.38,5.91,36.59,10.85,1731.17,79.89,186.36,46.16
59,Male,73.7,1.65,Muscle Gain,Koko_with_Bofroat_(corn_dough_porridge_with_buffloaf),418.0,10.0,68.0,11.0,Banku_with_Okra_Soup,827.0,36.0,72.0,13.0,Kenkey_and_Fried_Fish_with_Hot_Pepper,729.0,42.0,63.0,22.0,Atsoomo_(Chin-Chin),307.38,5.91,36.59,10.85,2281.38,93.91,239.59,56.85
19,Female,65.3,1.6,Muscle Gain,Koko_with_Bofroat_(corn_dough_porridge_with_buffloaf),413.0,13.0,65.0,10.0,Plain_Rice_with_Chicken,712.0,57.0,70.0,17.0,Tuo_Zaafi_with_Meat_Stew,682.0,36.0,84.0,13.0,Atsoomo_(Chin-Chin),307.38,5.91,36.59,10.85,2114.38,111.91,255.59,50.85
48,Female,75.7,1.64,Muscle Gain,Oatmeal,292.0,13.0,49.0,4.0,Jollof_Rice_with_Chicken,663.0,54.0,96.0,21.0,Angwamu_(Oil_Rice)_with_Hot_Pepper_and_Egg,548.0,27.0,66.0,24.0,Atsoomo_(Chin-Chin),307.38,5.91,36.59,10.85,1810.38,99.91,247.59,59.85
59,Male,79.7,1.65,Muscle Gain,White_porridge_and_bread,438.0,8.0,47.0,6.0,Waakye_and_Fish_with_egg,729.0,49.0,67.0,12.0,Kenkey_and_Fried_Fish_with_Hot_Pepper,713.0,48.0,55.0,19.0,Plantain_Chips,297.0,3.0,48.0,12.0,2177.0,108.0,217.0,49.0
8,Female,41.5,1.02,Muscle Gain,Hausa_Koko_(millet_porridge)_with_Koose,306.0,15.0,47.0,8.0,Angwamu_(Oil_Rice)_with_Hot_Pepper_and_Egg,435.0,32.0,57.0,19.0,Banku_with_Okra_Soup,537.0,43.0,65.0,10.0,Nkatie_Cake_(Groundnut_Cake),255.0,14.0,27.0,18.0,1533.0,104.0,196.0,55.0
11,Female,43.9,1.2,Weight Loss,Tom_Brown_and_bread,270.0,9.0,48.0,4.0,Jollof_Rice_with_Chicken,616.0,50.0,80.0,14.0,Red-Red_(Beans_and_Plantain_with_red_oil),415.0,33.0,54.0,12.0,Atsoomo_(Chin-Chin),307.38,5.91,36.59,10.85,1608.38,97.91,218.59,40.85
6,Male,36.1,1.01,Weight Loss,Oatmeal,279.0,13.0,36.0,4.0,Waakye_and_Fish_with_egg,510.0,50.0,58.0,10.0,Red-Red_(Beans_and_Plantain_with_red_oil),492.0,33.0,43.0,15.0,Atsoomo_(Chin-Chin),307.38,5.91,36.59,10.85,1588.38,101.91,173.59,39.85
84,Male,57.6,1.61,Weight Loss,Tom_Brown_and_bread,334.0,9.0,57.0,3.0,Jollof_Rice_with_Chicken,619.2,39.43,64.97,13.31,Kenkey_and_Fried_Fish_with_Hot_Pepper,518.0,38.0,60.0,14.0,Plantain_Chips,284.0,3.0,40.0,8.0,1755.2,89.43,221.97,38.31
51,Female,68.5,1.57,Muscle Gain,Rice_water_and_bread,345.0,9.0,63.0,4.0,Fufu_with_Light_Soup_with_Goat_Meat,752.0,45.0,74.0,14.0,Waakye_and_Fish_with_egg,767.0,45.0,80.0,12.0,Atsoomo_(Chin-Chin),307.38,5.91,36.59,10.85,2171.38,104.91,253.59,40.85
15,Female,38.8,1.23,Weight Loss,Hausa_Koko_(millet_porridge)_with_Koose,295.0,15.0,41.0,5.0,Banku_with_Okra_Soup,480.0,31.0,59.0,9.0,Banku_and_Tilapia_with_Hot_Pepper,483.0,49.0,63.0,12.0,Atsoomo_(Chin-Chin),307.38,5.91,36.59,10.85,1565.38,100.91,199.59,36.85
81,Female,55.0,1.53,Weight Loss,Koko_with_Bofroat_(corn_dough_porridge_with_buffloaf),360.0,8.0,58.0,6.0,Waakye_and_Fish_with_egg,555.0,36.0,54.0,8.0,Angwamu_(Oil_Rice)_with_Hot_Pepper_and_Egg,489.0,25.0,45.0,12.0,Atsoomo_(Chin-Chin),307.38,5.91,36.59,10.85,1711.38,74.91,193.59,36.85
14,Female,38.0,1.19,Weight Loss,Koko_with_Bofroat_(corn_dough_porridge_with_buffloaf),311.0,9.0,47.0,8.0,Jollof_Rice_with_Chicken,619.2,39.43,64.97,13.31,Boiled_Plantain/Yam_and_Garden_egg_stew,386.0,24.0,59.0,8.0,Atsoomo_(Chin-Chin),307.38,5.91,36.59,10.85,1623.58,78.34,207.56,40.16
43,Female,60.5,1.55,Weight Loss,Hausa_Koko_(millet_porridge)_with_Koose,386.0,11.0,35.0,7.0,Jollof_Rice_with_Chicken,619.2,39.43,64.97,13.31,Angwamu_(Oil_Rice)_with_Hot_Pepper_and_Egg,615.79,38.98,64.77,13.31,Agbelikaklo_with_Coconut,295.0,4.0,46.0,8.0,1915.99,93.41,210.74,41.62
36,Male,81.9,1.77,Muscle Gain,White_porridge_and_bread,387.0,8.0,54.0,5.0,Plain_Rice_with_Chicken,829.0,63.0,74.0,17.0,Banku_and_Tilapia_with_Hot_Pepper,704.0,43.0,57.0,14.0,Nkatie_Cake_(Groundnut_Cake),356.0,10.0,26.0,18.0,2276.0,124.0,211.0,54.0
77,Female,68.7,1.58,Muscle Gain,Tea/Milo/Coffee_with_bread,281.0,6.0,41.0,6.0,Angwamu_(Oil_Rice)_with_Hot_Pepper_and_Egg,618.0,25.0,67.0,20.0,Tuo_Zaafi_with_Meat_Stew,610.0,37.0,68.0,11.0,Atsoomo_(Chin-Chin),307.38,5.91,36.59,10.85,1816.38,73.91,212.59,47.85
26,Male,74.1,1.66,Muscle Gain,Koko_with_Bofroat_(corn_dough_porridge_with_buffloaf),476.0,14.0,68.0,10.0,Kenkey_and_Fried_Fish_with_Hot_Pepper,600.0,49.0,54.0,17.0,Boiled_Plantain/Yam_and_Garden_egg_stew,599.0,27.0,74.0,10.0,Atsoomo_(Chin-Chin),307.38,5.91,36.59,10.85,1982.38,95.91,232.59,47.85
14,Male,52.3,1.23,Muscle Gain,White_porridge_and_bread,343.0,9.0,51.0,5.0,Tuo_Zaafi_with_Meat_Stew,662.0,43.0,66.0,13.0,Angwamu_(Oil_Rice)_with_Hot_Pepper_and_Egg,615.79,38.98,64.77,13.31,Atsoomo_(Chin-Chin),307.38,5.91,36.59,10.85,1928.17,96.89,218.36,42.16
28,Male,75.1,1.7,Muscle Gain,Rice_water_and_bread,366.0,8.0,49.0,4.0,Banku_with_Okra_Soup,621.0,34.0,84.0,13.0,Tuo_Zaafi_with_Meat_Stew,862.0,44.0,72.0,12.0,Atsoomo_(Chin-Chin),307.38,5.91,36.59,10.85,2156.38,91.91,241.59,39.85
24,Female,64.2,1.65,Muscle Gain,Rice_water_and_bread,302.0,8.0,62.0,5.0,Red-Red_(Beans_and_Plantain_with_red_oil),552.0,37.0,58.0,17.0,Waakye_and_Fish_with_egg,766.0,54.0,66.0,10.0,Kofi_Brokeman_(Roasted_Plantain_with_Groundnut),297.0,8.0,43.0,10.0,1917.0,107.0,229.0,42.0
48,Female,55.4,1.56,Weight Loss,Hausa_Koko_(millet_porridge)_with_Koose,377.0,12.0,38.0,6.0,Banku_with_Okra_Soup,630.0,29.0,75.0,9.0,Angwamu_(Oil_Rice)_with_Hot_Pepper_and_Egg,547.0,23.0,50.0,17.0,Atsoomo_(Chin-Chin),307.38,5.91,36.59,10.85,1861.38,69.91,199.59,42.85
71,Female,54.9,1.57,Weight Loss,Tom_Brown_and_bread,352.0,9.0,49.0,3.0,Banku_and_Tilapia_with_Hot_Pepper,486.0,33.0,58.0,10.0,Angwamu_(Oil_Rice)_with_Hot_Pepper_and_Egg,483.0,27.0,57.0,13.0,Atsoomo_(Chin-Chin),288.0,4.0,33.0,11.0,1609.0,73.0,197.0,37.0
39,Female,54.9,1.63,Weight Loss,Oatmeal,296.0,9.0,37.0,4.0,Banku_with_Okra_Soup,637.0,29.0,69.0,8.0,Red-Red_(Beans_and_Plantain_with_red_oil),573.0,27.0,51.0,12.0,Plantain_Chips,321.0,3.0,37.0,8.0,1827.0,68.0,194.0,32.0
7,Female,41.6,1.0,Muscle Gain,Tom_Brown_and_bread,333.0,12.0,57.0,5.0,Angwamu_(Oil_Rice)_with_Hot_Pepper_and_Egg,411.0,33.0,51.0,19.0,Tuo_Zaafi_with_Meat_Stew,506.0,50.0,78.0,12.0,Atsoomo_(Chin-Chin),307.38,5.91,36.59,10.85,1557.38,100.91,222.59,46.85
66,Male,76.4,1.66,Muscle Gain,Koko_with_Bofroat_(corn_dough_porridge_with_buffloaf),390.0,10.0,51.0,9.0,Angwamu_(Oil_Rice)_with_Hot_Pepper_and_Egg,522.0,34.0,55.0,20.0,Angwamu_(Oil_Rice)_with_Hot_Pepper_and_Egg,615.79,38.98,64.77,13.31,Atsoomo_(Chin-Chin),307.38,5.91,36.59,10.85,1835.17,88.89,207.36,53.16
72,Female,58.0,1.58,Weight Loss,Koko_with_Bofroat_(corn_dough_porridge_with_buffloaf),348.0,10.0,58.0,5.0,Banku_and_Tilapia_with_Hot_Pepper,532.0,43.0,54.0,11.0,Kenkey_and_Fried_Fish_with_Hot_Pepper,443.0,36.0,47.0,13.0,Kofi_Brokeman_(Roasted_Plantain_with_Groundnut),261.0,7.0,38.0,5.0,1584.0,96.0,197.0,34.0
9,Male,41.9,1.16,Weight Loss,Oatmeal,336.42,9.46,47.78,5.3,Jollof_Rice_with_Chicken,697.0,44.0,80.0,14.0,Banku_and_Tilapia_with_Hot_Pepper,495.0,48.0,52.0,12.0,Atsoomo_(Chin-Chin),307.38,5.91,36.59,10.85,1835.8,107.37,216.37,42.15
74,Male,61.5,1.63,Weight Loss,Rice_water_and_bread,306.0,8.0,54.0,2.0,Plain_Rice_with_Chicken,665.0,42.0,54.0,13.0,Jollof_Rice_with_Chicken,704.0,40.0,71.0,12.0,Nkatie_Cake_(Groundnut_Cake),358.0,12.0,21.0,9.0,2033.0,102.0,200.0,36.0
14,Female,44.4,1.2,Muscle Gain,Tea/Milo/Coffee_with_bread,214.0,8.0,42.0,7.0,Tuo_Zaafi_with_Meat_Stew,548.0,50.0,82.0,12.0,Banku_and_Tilapia_with_Hot_Pepper,564.0,57.0,62.0,14.0,Agbelikaklo_with_Coconut,224.0,7.0,57.0,8.0,1550.0,122.0,243.0,41.0
29,Female,67.0,1.58,Muscle Gain,Rice_water_and_bread,361.0,9.0,53.0,4.0,Kenkey_and_Fried_Fish_with_Hot_Pepper,588.0,39.0,63.0,21.0,Tuo_Zaafi_with_Meat_Stew,726.0,42.0,84.0,15.0,Atsoomo_(Chin-Chin),307.38,5.91,36.59,10.85,1982.38,95.91,236.59,50.85
26,Male,61.9,1.72,Weight Loss,Koko_with_Bofroat_(corn_dough_porridge_with_buffloaf),488.0,9.0,46.0,8.0,Angwamu_(Oil_Rice)_with_Hot_Pepper_and_Egg,650.0,23.0,48.0,19.0,Waakye_and_Fish_with_egg,633.0,49.0,68.0,9.0,Atsoomo_(Chin-Chin),307.38,5.91,36.59,10.85,2078.38,86.91,198.59,46.85
50,Male,80.1,1.76,Muscle Gain,White_porridge_and_bread,360.0,8.0,49.0,5.0,Jollof_Rice_with_Chicken,619.2,39.43,64.97,13.31,Tuo_Zaafi_with_Meat_Stew,683.0,37.0,72.0,13.0,Atsoomo_(Chin-Chin),307.38,5.91,36.59,10.85,1969.58,90.34,222.56,42.16
53,Female,68.2,1.55,Muscle Gain,Koko_with_Bofroat_(corn_dough_porridge_with_buffloaf),497.0,12.0,67.0,8.0,Kenkey_and_Fried_Fish_with_Hot_Pepper,580.0,43.0,66.0,17.0,Jollof_Rice_with_Chicken,655.0,49.0,77.0,20.0,Atsoomo_(Chin-Chin),307.38,5.91,36.59,10.85,2039.38,109.91,246.59,55.85
43,Male,56.9,1.67,Weight Loss,Hausa_Koko_(millet_porridge)_with_Koose,435.0,13.0,45.0,5.0,Banku_with_Okra_Soup,734.0,28.0,64.0,8.0,Angwamu_(Oil_Rice)_with_Hot_Pepper_and_Egg,615.79,38.98,64.77,13.31,Atsoomo_(Chin-Chin),307.38,5.91,36.59,10.85,2092.17,85.89,210.36,37.16
69,Male,62.0,1.68,Weight Loss,White_porridge_and_bread,359.0,7.0,51.0,4.0,Waakye_and_Fish_with_egg,656.0,48.0,53.0,8.0,Jollof_Rice_with_Chicken,760.0,41.0,68.0,11.0,Atsoomo_(Chin-Chin),307.38,5.91,36.59,10.85,2082.38,101.91,208.59,33.85
79,Male,74.9,1.65,Muscle Gain,Hausa_Koko_(millet_porridge)_with_Koose,389.0,16.0,38.0,7.0,Tuo_Zaafi_with_Meat_Stew,696.0,44.0,73.0,12.0,Red-Red_(Beans_and_Plantain_with_red_oil),500.0,39.0,54.0,17.0,Atsoomo_(Chin-Chin),307.38,5.91,36.59,10.85,1892.38,104.91,201.59,46.85
69,Female,66.7,1.55,Muscle Gain,Rice_water_and_bread,313.0,9.0,56.0,3.0,Angwamu_(Oil_Rice)_with_Hot_Pepper_and_Egg,462.0,28.0,61.0,19.0,Waakye_and_Fish_with_egg,623.0,56.0,62.0,11.0,Agbelikaklo_with_Coconut,256.0,6.0,53.0,8.0,1654.0,99.0,232.0,41.0
50,Male,56.9,1.66,Weight Loss,Oatmeal,317.0,9.0,36.0,3.0,Kenkey_and_Fried_Fish_with_Hot_Pepper,671.0,39.0,60.0,16.0,Banku_with_Okra_Soup,622.0,34.0,68.0,9.0,Atsoomo_(Chin-Chin),307.38,5.91,36.59,10.85,1917.38,87.91,200.59,38.85
22,Female,64.5,1.56,Weight Loss,Oatmeal,336.42,9.46,47.78,5.3,Tuo_Zaafi_with_Meat_Stew,550.0,30.0,77.0,11.0,Angwamu_(Oil_Rice)_with_Hot_Pepper_and_Egg,578.0,24.0,53.0,19.0,Atsoomo_(Chin-Chin),307.38,5.91,36.59,10.85,1771.8,69.37,214.37,46.15
22,Female,55.5,1.62,Weight Loss,Tea/Milo/Coffee_with_bread,239.0,5.0,37.0,4.0,Banku_with_Okra_Soup,624.0,28.0,76.0,9.0,Angwamu_(Oil_Rice)_with_Hot_Pepper_and_Egg,629.0,26.0,48.0,19.0,Atsoomo_(Chin-Chin),307.38,5.91,36.59,10.85,1799.38,64.91,197.59,42.85
78,Male,74.9,1.62,Muscle Gain,Oatmeal,336.42,9.46,47.78,5.3,Fufu_with_Light_Soup_with_Goat_Meat,707.0,49.0,75.0,11.0,Boiled_Plantain/Yam_and_Garden_egg_stew,451.0,22.0,70.0,7.0,Atsoomo_(Chin-Chin),307.38,5.91,36.59,10.85,1801.8,86.37,229.37,34.15
72,Male,71.7,1.67,Muscle Gain,Hausa_Koko_(millet_porridge)_with_Koose,360.0,13.0,46.0,7.0,Fufu_with_Light_Soup_with_Goat_Meat,634.0,40.0,74.0,11.0,Banku_with_Okra_Soup,667.0,42.0,64.0,8.0,Atsoomo_(Chin-Chin),307.38,5.91,36.59,10.85,1968.38,100.91,220.59,36.85
21,Male,58.8,1.76,Weight Loss,Hausa_Koko_(millet_porridge)_with_Koose,386.0,12.0,36.0,4.0,Boiled_Plantain/Yam_and_Garden_egg_stew,481.0,18.0,65.0,7.0,Angwamu_(Oil_Rice)_with_Hot_Pepper_and_Egg,615.79,38.98,64.77,13.31,Atsoomo_(Chin-Chin),307.38,5.91,36.59,10.85,1790.17,74.89,202.36,35.16
74,Male,62.8,1.64,Weight Loss,Koko_with_Bofroat_(corn_dough_porridge_with_buffloaf),388.0,11.0,48.0,4.0,Banku_and_Tilapia_with_Hot_Pepper,653.0,45.0,66.0,10.0,Plain_Rice_with_Chicken,718.0,46.0,63.0,10.0,Atsoomo_(Chin-Chin),307.38,5.91,36.59,10.85,2066.38,107.91,213.59,34.85
83,Male,57.3,1.6,Weight Loss,Tea/Milo/Coffee_with_bread,265.0,6.0,35.0,4.0,Banku_with_Okra_Soup,679.0,29.0,72.0,7.0,Angwamu_(Oil_Rice)_with_Hot_Pepper_and_Egg,615.79,38.98,64.77,13.31,Atsoomo_(Chin-Chin),307.38,5.91,36.59,10.85,1867.17,79.89,208.36,35.16
75,Male,72.2,1.67,Muscle Gain,Hausa_Koko_(millet_porridge)_with_Koose,380.0,14.0,40.0,7.0,Angwamu_(Oil_Rice)_with_Hot_Pepper_and_Egg,540.0,34.0,52.0,17.0,Boiled_Plantain/Yam_and_Garden_egg_stew,506.0,28.0,61.0,7.0,Atsoomo_(Chin-Chin),307.38,5.91,36.59,10.85,1733.38,81.91,189.59,41.85
56,Female,64.0,1.62,Muscle Gain,Tom_Brown_and_bread,383.0,9.0,55.0,5.0,Plain_Rice_with_Chicken,771.0,50.0,67.0,20.0,Jollof_Rice_with_Chicken,882.0,51.0,76.0,18.0,Atsoomo_(Chin-Chin),307.38,5.91,36.59,10.85,2343.38,115.91,234.59,53.85
59,Male,61.1,1.75,Weight Loss,Koko_with_Bofroat_(corn_dough_porridge_with_buffloaf),409.0,12.0,51.0,8.0,Tuo_Zaafi_with_Meat_Stew,749.0,30.0,58.0,11.0,Angwamu_(Oil_Rice)_with_Hot_Pepper_and_Egg,608.0,30.0,60.0,15.0,Atsoomo_(Chin-Chin),307.38,5.91,36.59,10.85,2073.38,77.91,205.59,44.85
13,Male,47.8,1.24,Muscle Gain,Koko_with_Bofroat_(corn_dough_porridge_with_buffloaf),344.0,16.0,58.0,8.0,Tuo_Zaafi_with_Meat_Stew,539.0,42.0,66.0,12.0,Plain_Rice_with_Chicken,651.0,62.0,76.0,18.0,Atsoomo_(Chin-Chin),307.38,5.91,36.59,10.85,1841.38,125.91,236.59,48.85
24,Male,72.0,1.69,Muscle Gain,Oatmeal,336.42,9.46,47.78,5.3,Plain_Rice_with_Chicken,815.0,63.0,64.0,15.0,Jollof_Rice_with_Chicken,908.0,50.0,90.0,19.0,Atsoomo_(Chin-Chin),307.38,5.91,36.59,10.85,2366.8,128.37,238.37,50.15
39,Male,65.2,1.74,Weight Loss,Tea/Milo/Coffee_with_bread,343.0,6.0,38.0,6.0,Waakye_and_Fish_with_egg,696.0,50.0,71.0,8.0,Tuo_Zaafi_with_Meat_Stew,597.0,30.0,73.0,9.0,Agbelikaklo_with_Coconut,298.0,4.0,40.0,8.0,1934.0,90.0,222.0,31.0
35,Male,75.4,1.69,Muscle Gain,Rice_water_and_bread,346.0,9.0,62.0,5.0,Plain_Rice_with_Chicken,793.0,56.0,77.0,16.0,Kenkey_and_Fried_Fish_with_Hot_Pepper,588.0,49.0,68.0,20.0,Atsoomo_(Chin-Chin),307.38,5.91,36.59,10.85,2034.38,119.91,243.59,51.85
27,Female,61.0,1.67,Weight Loss,Rice_water_and_bread,259.0,8.0,43.0,3.0,Plain_Rice_with_Chicken,612.0,40.0,54.0,12.0,Jollof_Rice_with_Chicken,611.0,41.0,83.0,13.0,Atsoomo_(Chin-Chin),307.38,5.91,36.59,10.85,1789.38,94.91,216.59,38.85
24,Female,58.0,1.64,Weight Loss,Oatmeal,282.0,8.0,36.0,3.0,Kenkey_and_Fried_Fish_with_Hot_Pepper,639.0,33.0,52.0,13.0,Plain_Rice_with_Chicken,649.0,44.0,61.0,12.0,Atsoomo_(Chin-Chin),307.38,5.91,36.59,10.85,1877.38,90.91,185.59,38.85
18,Male,59.8,1.71,Weight Loss,Tea/Milo/Coffee_with_bread,327.0,5.0,32.0,6.0,Banku_and_Tilapia_with_Hot_Pepper,666.0,36.0,59.0,9.0,Plain_Rice_with_Chicken,715.0,42.0,63.0,15.0,Atsoomo_(Chin-Chin),307.38,5.91,36.59,10.85,2015.38,88.91,190.59,40.85
80,Male,57.4,1.66,Weight Loss,Tea/Milo/Coffee_with_bread,277.0,6.0,33.0,4.0,Plain_Rice_with_Chicken,690.0,41.0,60.0,12.0,Tuo_Zaafi_with_Meat_Stew,565.0,30.0,66.0,8.0,Atsoomo_(Chin-Chin),307.38,5.91,36.59,10.85,1839.38,82.91,195.59,34.85
60,Female,74.7,1.6,Muscle Gain,Hausa_Koko_(millet_porridge)_with_Koose,338.0,14.0,51.0,7.0,Fufu_with_Light_Soup_with_Goat_Meat,783.0,34.0,76.0,14.0,Red-Red_(Beans_and_Plantain_with_red_oil),630.0,34.0,61.0,15.0,Atsoomo_(Chin-Chin),307.38,5.91,36.59,10.85,2058.38,87.91,224.59,46.85
76,Female,57.6,1.53,Weight Loss,Oatmeal,219.0,8.0,37.0,2.0,Tuo_Zaafi_with_Meat_Stew,638.0,34.0,72.0,8.0,Angwamu_(Oil_Rice)_with_Hot_Pepper_and_Egg,441.0,28.0,52.0,16.0,Atsoomo_(Chin-Chin),307.38,5.91,36.59,10.85,1605.38,75.91,197.59,36.85
34,Female,52.4,1.52,Weight Loss,White_porridge_and_bread,341.0,6.0,51.0,4.0,Red-Red_(Beans_and_Plantain_with_red_oil),450.0,26.0,55.0,12.0,Plain_Rice_with_Chicken,697.0,40.0,62.0,16.0,Atsoomo_(Chin-Chin),307.38,5.91,36.59,10.85,1795.38,77.91,204.59,42.85
22,Male,79.0,1.77,Muscle Gain,Tom_Brown_and_bread,452.0,9.0,52.0,5.0,Angwamu_(Oil_Rice)_with_Hot_Pepper_and_Egg,566.0,31.0,65.0,19.0,Angwamu_(Oil_Rice)_with_Hot_Pepper_and_Egg,615.79,38.98,64.77,13.31,Roasted/Boiled_Maize_with_Coconut,333.0,7.0,41.0,7.0,1966.79,85.98,222.77,44.31
26,Male,61.3,1.65,Weight Loss,White_porridge_and_bread,401.0,6.0,55.0,4.0,Jollof_Rice_with_Chicken,870.0,37.0,70.0,16.0,Red-Red_(Beans_and_Plantain_with_red_oil),584.0,30.0,42.0,12.0,Atsoomo_(Chin-Chin),307.38,5.91,36.59,10.85,2162.38,78.91,203.59,42.85
84,Male,56.3,1.6,Weight Loss,White_porridge_and_bread,320.0,7.0,49.0,3.0,Plain_Rice_with_Chicken,592.0,44.0,63.0,13.0,Banku_and_Tilapia_with_Hot_Pepper,610.0,40.0,58.0,11.0,Atsoomo_(Chin-Chin),307.38,5.91,36.59,10.85,1829.38,96.91,206.59,37.85
33,Female,72.1,1.64,Muscle Gain,Oatmeal,336.42,9.46,47.78,5.3,Fufu_with_Light_Soup_with_Goat_Meat,746.0,38.0,68.0,14.0,Banku_and_Tilapia_with_Hot_Pepper,612.0,40.0,59.0,15.0,Atsoomo_(Chin-Chin),307.38,5.91,36.59,10.85,2001.8,93.37,211.37,45.15
21,Male,65.7,1.79,Weight Loss,Rice_water_and_bread,322.0,7.0,47.0,3.0,Jollof_Rice_with_Chicken,619.2,39.43,64.97,13.31,Kenkey_and_Fried_Fish_with_Hot_Pepper,608.0,35.0,61.0,17.0,Atsoomo_(Chin-Chin),307.38,5.91,36.59,10.85,1856.58,87.34,209.56,44.16
25,Female,75.8,1.65,Muscle Gain,Tom_Brown_and_bread,341.0,9.0,53.0,5.0,Jollof_Rice_with_Chicken,619.2,39.43,64.97,13.31,Angwamu_(Oil_Rice)_with_Hot_Pepper_and_Egg,615.79,38.98,64.77,13.31,Atsoomo_(Chin-Chin),307.38,5.91,36.59,10.85,1883.37,93.32,219.33,42.47
21,Male,66.5,1.67,Muscle Gain,White_porridge_and_bread,424.0,8.0,49.0,5.0,Tuo_Zaafi_with_Meat_Stew,767.0,44.0,67.0,12.0,Red-Red_(Beans_and_Plantain_with_red_oil),587.0,40.0,61.0,18.0,Atsoomo_(Chin-Chin),307.38,5.91,36.59,10.85,2085.38,97.91,213.59,45.85
25,Male,61.9,1.74,Weight Loss,White_porridge_and_bread,314.0,6.0,46.0,4.0,Kenkey_and_Fried_Fish_with_Hot_Pepper,629.0,39.0,48.0,14.0,Angwamu_(Oil_Rice)_with_Hot_Pepper_and_Egg,597.0,26.0,49.0,18.0,Atsoomo_(Chin-Chin),307.38,5.91,36.59,10.85,1847.38,76.91,179.59,46.85
16,Female,40.8,1.26,Weight Loss,Oatmeal,196.0,12.0,42.0,4.0,Tuo_Zaafi_with_Meat_Stew,452.0,43.0,76.0,11.0,Boiled_Plantain/Yam_and_Garden_egg_stew,363.0,21.0,49.0,7.0,Atsoomo_(Chin-Chin),307.38,5.91,36.59,10.85,1318.38,81.91,203.59,32.85
48,Female,64.8,1.52,Weight Loss,Oatmeal,303.0,10.0,36.0,4.0,Red-Red_(Beans_and_Plantain_with_red_oil),459.0,26.0,48.0,13.0,Waakye_and_Fish_with_egg,701.0,40.0,61.0,8.0,Atsoomo_(Chin-Chin),307.38,5.91,36.59,10.85,1770.38,81.91,181.59,35.85
43,Female,71.5,1.58,Muscle Gain,Tom_Brown_and_bread,431.0,9.0,66.0,6.0,Banku_and_Tilapia_with_Hot_Pepper,724.0,48.0,61.0,13.0,Tuo_Zaafi_with_Meat_Stew,730.0,43.0,80.0,12.0,Atsoomo_(Chin-Chin),307.38,5.91,36.59,10.85,2192.38,105.91,243.59,41.85
47,Male,73.9,1.76,Muscle Gain,Koko_with_Bofroat_(corn_dough_porridge_with_buffloaf),473.0,14.0,65.0,9.0,Plain_Rice_with_Chicken,795.0,66.0,77.0,18.0,Banku_and_Tilapia_with_Hot_Pepper,745.0,46.0,58.0,15.0,Atsoomo_(Chin-Chin),307.38,5.91,36.59,10.85,2320.38,131.91,236.59,52.85
76,Female,69.4,1.56,Muscle Gain,Hausa_Koko_(millet_porridge)_with_Koose,315.0,13.0,38.0,5.0,Plain_Rice_with_Chicken,699.0,54.0,62.0,13.0,Red-Red_(Beans_and_Plantain_with_red_oil),436.0,32.0,53.0,12.0,Atsoomo_(Chin-Chin),307.38,5.91,36.59,10.85,1757.38,104.91,189.59,40.85
84,Female,51.5,1.54,Weight Loss,Oatmeal,220.0,9.0,36.0,2.0,Waakye_and_Fish_with_egg,629.0,47.0,72.0,6.0,Tuo_Zaafi_with_Meat_Stew,569.0,31.0,65.0,8.0,Atsoomo_(Chin-Chin),345.0,4.0,32.0,12.0,1763.0,91.0,205.0,28.0
77,Female,66.9,1.56,Muscle Gain,Tea/Milo/Coffee_with_bread,260.0,7.0,40.0,6.0,Banku_and_Tilapia_with_Hot_Pepper,567.0,44.0,61.0,11.0,Boiled_Plantain/Yam_and_Garden_egg_stew,520.0,25.0,71.0,6.0,Atsoomo_(Chin-Chin),308.0,4.0,40.0,16.0,1655.0,80.0,212.0,39.0
13,Male,39.4,1.21,Weight Loss,Tea/Milo/Coffee_with_bread,217.0,7.0,33.0,5.0,Jollof_Rice_with_Chicken,567.0,57.0,80.0,17.0,Waakye_and_Fish_with_egg,556.0,50.0,64.0,8.0,Atsoomo_(Chin-Chin),307.38,5.91,36.59,10.85,1647.38,119.91,213.59,40.85
21,Female,63.6,1.52,Weight Loss,White_porridge_and_bread,330.0,7.0,54.0,4.0,Angwamu_(Oil_Rice)_with_Hot_Pepper_and_Egg,570.0,25.0,47.0,15.0,Jollof_Rice_with_Chicken,644.0,39.0,76.0,17.0,Atsoomo_(Chin-Chin),307.38,5.91,36.59,10.85,1851.38,76.91,213.59,46.85
28,Male,76.7,1.73,Muscle Gain,Oatmeal,336.42,9.46,47.78,5.3,Red-Red_(Beans_and_Plantain_with_red_oil),649.0,40.0,56.0,18.0,Angwamu_(Oil_Rice)_with_Hot_Pepper_and_Egg,679.0,28.0,66.0,21.0,Atsoomo_(Chin-Chin),307.38,5.91,36.59,10.85,1971.8,83.37,206.37,55.15
27,Male,67.7,1.69,Weight Loss,Koko_with_Bofroat_(corn_dough_porridge_with_buffloaf),396.0,9.0,56.0,7.0,Jollof_Rice_with_Chicken,686.0,39.0,69.0,15.0,Angwamu_(Oil_Rice)_with_Hot_Pepper_and_Egg,694.0,24.0,59.0,18.0,Kofi_Brokeman_(Roasted_Plantain_with_Groundnut),269.0,7.0,35.0,7.0,2045.0,79.0,219.0,47.0
48,Male,78.0,1.72,Muscle Gain,Hausa_Koko_(millet_porridge)_with_Koose,464.0,13.0,39.0,9.0,Waakye_and_Fish_with_egg,656.0,55.0,71.0,11.0,Angwamu_(Oil_Rice)_with_Hot_Pepper_and_Egg,615.79,38.98,64.77,13.31,Atsoomo_(Chin-Chin),307.38,5.91,36.59,10.85,2043.17,112.89,211.36,44.16
49,Male,76.0,1.8,Muscle Gain,White_porridge_and_bread,411.0,8.0,48.0,6.0,Banku_with_Okra_Soup,788.0,39.0,71.0,10.0,Tuo_Zaafi_with_Meat_Stew,767.0,39.0,70.0,12.0,Atsoomo_(Chin-Chin),307.38,5.91,36.59,10.85,2273.38,91.91,225.59,38.85
46,Female,64.6,1.64,Muscle Gain,Tom_Brown_and_bread,338.0,10.0,57.0,5.0,Banku_with_Okra_Soup,618.0,39.0,84.0,12.0,Jollof_Rice_with_Chicken,838.0,44.0,93.0,19.0,Atsoomo_(Chin-Chin),307.38,5.91,36.59,10.85,2101.38,98.91,270.59,46.85
43,Male,59.4,1.67,Weight Loss,White_porridge_and_bread,380.0,7.0,45.0,4.0,Fufu_with_Light_Soup_with_Goat_Meat,667.0,34.0,66.0,12.0,Kenkey_and_Fried_Fish_with_Hot_Pepper,621.0,37.0,55.0,14.0,Agbelikaklo_with_Coconut,344.0,4.0,50.0,8.0,2012.0,82.0,216.0,38.0
30,Male,72.9,1.61,Muscle Gain,Oatmeal,355.0,13.0,49.0,5.0,Kenkey_and_Fried_Fish_with_Hot_Pepper,777.0,42.0,56.0,22.0,Banku_with_Okra_Soup,782.0,37.0,68.0,13.0,Atsoomo_(Chin-Chin),307.38,5.91,36.59,10.85,2221.38,97.91,209.59,50.85
14,Male,50.6,1.24,Muscle Gain,Oatmeal,257.0,15.0,48.0,4.0,Banku_with_Okra_Soup,528.0,52.0,82.0,12.0,Boiled_Plantain/Yam_and_Garden_egg_stew,453.0,32.0,60.0,10.0,Atsoomo_(Chin-Chin),307.38,5.91,36.59,10.85,1545.38,104.91,226.59,36.85
34,Female,57.9,1.55,Weight Loss,Tom_Brown_and_bread,297.0,8.0,49.0,4.0,Banku_with_Okra_Soup,515.0,30.0,71.0,10.0,Jollof_Rice_with_Chicken,697.0,37.0,73.0,16.0,Atsoomo_(Chin-Chin),307.38,5.91,36.59,10.85,1816.38,80.91,229.59,40.85
85,Male,56.1,1.64,Weight Loss,White_porridge_and_bread,331.0,7.0,45.0,4.0,Angwamu_(Oil_Rice)_with_Hot_Pepper_and_Egg,537.0,24.0,48.0,16.0,Red-Red_(Beans_and_Plantain_with_red_oil),474.0,29.0,56.0,12.0,Atsoomo_(Chin-Chin),307.38,5.91,36.59,10.85,1649.38,65.91,185.59,42.85
9,Female,46.8,1.07,Muscle Gain,Tea/Milo/Coffee_with_bread,211.0,8.0,35.0,8.0,Jollof_Rice_with_Chicken,619.2,39.43,64.97,13.31,Fufu_with_Light_Soup_with_Goat_Meat,567.0,45.0,83.0,14.0,Atsoomo_(Chin-Chin),307.38,5.91,36.59,10.85,1704.58,98.34,219.56,46.16
37,Female,68.5,1.58,Muscle Gain,Rice_water_and_bread,352.0,8.0,57.0,4.0,Jollof_Rice_with_Chicken,672.0,52.0,73.0,21.0,Angwamu_(Oil_Rice)_with_Hot_Pepper_and_Egg,600.0,30.0,55.0,23.0,Plantain_Chips,278.0,3.0,49.0,10.0,1902.0,93.0,234.0,58.0
72,Male,72.2,1.63,Muscle Gain,White_porridge_and_bread,321.0,8.0,55.0,5.0,Kenkey_and_Fried_Fish_with_Hot_Pepper,627.0,42.0,53.0,16.0,Boiled_Plantain/Yam_and_Garden_egg_stew,501.0,28.0,59.0,8.0,Atsoomo_(Chin-Chin),307.38,5.91,36.59,10.85,1756.38,83.91,203.59,39.85
14,Male,43.0,1.28,Weight Loss,Rice_water_and_bread,281.0,9.0,48.0,3.0,Red-Red_(Beans_and_Plantain_with_red_oil),431.0,33.0,45.0,15.0,Banku_and_Tilapia_with_Hot_Pepper,497.0,44.0,58.0,12.0,Atsoomo_(Chin-Chin),307.38,5.91,36.59,10.85,1516.38,91.91,187.59,40.85
43,Female,63.3,1.52,Weight Loss,Oatmeal,311.0,9.0,37.0,4.0,Jollof_Rice_with_Chicken,710.0,35.0,72.0,14.0,Plain_Rice_with_Chicken,621.0,39.0,55.0,13.0,Atsoomo_(Chin-Chin),307.38,5.91,36.59,10.85,1949.38,88.91,200.59,41.85
48,Male,81.2,1.73,Muscle Gain,Tea/Milo/Coffee_with_bread,303.0,6.0,34.0,8.0,Jollof_Rice_with_Chicken,619.2,39.43,64.97,13.31,Red-Red_(Beans_and_Plantain_with_red_oil),635.0,37.0,52.0,16.0,Atsoomo_(Chin-Chin),307.38,5.91,36.59,10.85,1864.58,88.34,187.56,48.16
49,Male,62.9,1.72,Weight Loss,Tea/Milo/Coffee_with_bread,270.0,5.0,38.0,6.0,Jollof_Rice_with_Chicken,619.2,39.43,64.97,13.31,Angwamu_(Oil_Rice)_with_Hot_Pepper_and_Egg,567.0,24.0,57.0,15.0,Atsoomo_(Chin-Chin),307.38,5.91,36.59,10.85,1763.58,74.34,196.56,45.16
9,Female,38.0,1.1,Weight Loss,Tom_Brown_and_bread,272.0,10.0,48.0,4.0,Fufu_with_Light_Soup_with_Goat_Meat,580.0,48.0,78.0,11.0,Red-Red_(Beans_and_Plantain_with_red_oil),349.0,34.0,50.0,13.0,Atsoomo_(Chin-Chin),307.38,5.91,36.59,10.85,1508.38,97.91,212.59,38.85
68,Female,58.4,1.58,Weight Loss,Tea/Milo/Coffee_with_bread,234.0,5.0,37.0,4.0,Tuo_Zaafi_with_Meat_Stew,616.0,34.0,65.0,8.0,Banku_with_Okra_Soup,557.0,28.0,62.0,7.0,Atsoomo_(Chin-Chin),307.38,5.91,36.59,10.85,1714.38,72.91,200.59,29.85
23,Male,59.1,1.73,Weight Loss,Tom_Brown_and_bread,409.0,8.0,47.0,4.0,Plain_Rice_with_Chicken,672.0,52.0,59.0,16.0,Kenkey_and_Fried_Fish_with_Hot_Pepper,623.0,44.0,59.0,16.0,Nkatie_Cake_(Groundnut_Cake),356.0,9.0,20.0,14.0,2060.0,113.0,185.0,50.0
5,Female,33.5,1.0,Muscle Gain,Oatmeal,226.0,15.0,45.0,5.0,Boiled_Plantain/Yam_and_Garden_egg_stew,414.0,31.0,68.0,9.0,Angwamu_(Oil_Rice)_with_Hot_Pepper_and_Egg,615.79,38.98,64.77,13.31,Atsoomo_(Chin-Chin),307.38,5.91,36.59,10.85,1563.17,90.89,214.36,38.16
71,Male,76.5,1.65,Muscle Gain,Tea/Milo/Coffee_with_bread,327.0,6.0,40.0,6.0,Plain_Rice_with_Chicken,601.0,63.0,79.0,13.0,Kenkey_and_Fried_Fish_with_Hot_Pepper,649.0,44.0,64.0,18.0,Plantain_Chips,336.0,3.0,49.0,9.0,1913.0,116.0,232.0,46.0
31,Female,68.5,1.59,Muscle Gain,Oatmeal,311.0,12.0,38.0,5.0,Tuo_Zaafi_with_Meat_Stew,598.0,36.0,84.0,15.0,Plain_Rice_with_Chicken,750.0,46.0,69.0,17.0,Agbelikaklo_with_Coconut,361.0,4.0,44.0,10.0,2020.0,98.0,235.0,47.0
53,Female,68.3,1.55,Muscle Gain,Tea/Milo/Coffee_with_bread,303.0,6.0,42.0,6.0,Plain_Rice_with_Chicken,716.0,61.0,63.0,19.0,Angwamu_(Oil_Rice)_with_Hot_Pepper_and_Egg,615.79,38.98,64.77,13.31,Kofi_Brokeman_(Roasted_Plantain_with_Groundnut),330.0,8.0,41.0,11.0,1964.79,113.98,210.77,49.31
54,Male,59.6,1.72,Weight Loss,Tom_Brown_and_bread,372.0,11.0,52.0,4.0,Plain_Rice_with_Chicken,697.0,56.0,65.0,13.0,Red-Red_(Beans_and_Plantain_with_red_oil),613.0,33.0,54.0,14.0,Atsoomo_(Chin-Chin),307.38,5.91,36.59,10.85,1989.38,105.91,207.59,41.85
11,Female,55.8,1.17,Muscle Gain,Oatmeal,239.0,10.0,40.0,4.0,Red-Red_(Beans_and_Plantain_with_red_oil),418.0,43.0,62.0,19.0,Tuo_Zaafi_with_Meat_Stew,581.0,40.0,85.0,12.0,Atsoomo_(Chin-Chin),307.38,5.91,36.59,10.85,1545.38,98.91,223.59,45.85
10,Female,41.3,1.13,Weight Loss,Rice_water_and_bread,228.0,8.0,55.0,3.0,Plain_Rice_with_Chicken,494.0,46.0,61.0,15.0,Jollof_Rice_with_Chicken,636.0,50.0,86.0,15.0,Atsoomo_(Chin-Chin),307.38,5.91,36.59,10.85,1665.38,109.91,238.59,43.85
62,Male,63.3,1.66,Weight Loss,Koko_with_Bofroat_(corn_dough_porridge_with_buffloaf),365.0,8.0,48.0,6.0,Plain_Rice_with_Chicken,696.0,51.0,55.0,11.0,Angwamu_(Oil_Rice)_with_Hot_Pepper_and_Egg,615.79,38.98,64.77,13.31,Nkatie_Cake_(Groundnut_Cake),317.0,9.0,22.0,12.0,1993.79,106.98,189.77,42.31
51,Male,65.8,1.62,Weight Loss,Oatmeal,336.42,9.46,47.78,5.3,Fufu_with_Light_Soup_with_Goat_Meat,635.0,41.0,68.0,12.0,Angwamu_(Oil_Rice)_with_Hot_Pepper_and_Egg,578.0,24.0,47.0,19.0,Atsoomo_(Chin-Chin),307.38,5.91,36.59,10.85,1856.8,80.37,199.37,47.15
55,Female,56.4,1.62,Weight Loss,Hausa_Koko_(millet_porridge)_with_Koose,321.0,13.0,39.0,6.0,Plain_Rice_with_Chicken,726.0,41.0,69.0,12.0,Banku_with_Okra_Soup,652.0,31.0,61.0,8.0,Roasted/Boiled_Maize_with_Coconut,232.0,6.0,35.0,4.0,1931.0,91.0,204.0,30.0
32,Female,58.3,1.49,Weight Loss,White_porridge_and_bread,290.0,7.0,53.0,4.0,Banku_with_Okra_Soup,598.0,30.0,69.0,8.0,Red-Red_(Beans_and_Plantain_with_red_oil),537.0,26.0,46.0,14.0,Roasted/Boiled_Maize_with_Coconut,271.0,5.0,40.0,7.0,1696.0,68.0,208.0,33.0
13,Male,37.5,1.25,Weight Loss,Koko_with_Bofroat_(corn_dough_porridge_with_buffloaf),356.0,14.0,45.0,8.0,Jollof_Rice_with_Chicken,607.0,57.0,86.0,16.0,Tuo_Zaafi_with_Meat_Stew,574.0,41.0,61.0,10.0,Atsoomo_(Chin-Chin),307.38,5.91,36.59,10.85,1844.38,117.91,228.59,44.85
30,Male,55.4,1.75,Weight Loss,Tom_Brown_and_bread,422.0,9.0,55.0,4.0,Angwamu_(Oil_Rice)_with_Hot_Pepper_and_Egg,575.0,28.0,58.0,16.0,Tuo_Zaafi_with_Meat_Stew,721.0,39.0,56.0,10.0,Roasted/Boiled_Maize_with_Coconut,250.0,6.0,35.0,6.0,1968.0,82.0,204.0,36.0
20,Female,63.2,1.59,Weight Loss,Hausa_Koko_(millet_porridge)_with_Koose,378.0,10.0,40.0,6.0,Banku_and_Tilapia_with_Hot_Pepper,628.0,36.0,65.0,11.0,Tuo_Zaafi_with_Meat_Stew,699.0,29.0,73.0,10.0,Atsoomo_(Chin-Chin),307.38,5.91,36.59,10.85,2012.38,80.91,214.59,37.85
7,Female,43.7,1.0,Muscle Gain,Tom_Brown_and_bread,308.0,14.0,51.0,5.0,Red-Red_(Beans_and_Plantain_with_red_oil),477.0,43.0,58.0,17.0,Plain_Rice_with_Chicken,619.0,69.0,73.0,19.0,Agbelikaklo_with_Coconut,260.0,7.0,43.0,10.0,1664.0,133.0,225.0,51.0
14,Male,52.6,1.24,Muscle Gain,Tea/Milo/Coffee_with_bread,266.0,8.0,41.0,9.0,Plain_Rice_with_Chicken,627.0,72.0,61.0,15.0,Red-Red_(Beans_and_Plantain_with_red_oil),440.0,48.0,61.0,18.0,Roasted/Boiled_Maize_with_Coconut,255.0,7.0,45.0,8.0,1588.0,135.0,208.0,50.0
27,Male,79.7,1.79,Muscle Gain,Tea/Milo/Coffee_with_bread,367.0,6.0,36.0,7.0,Banku_and_Tilapia_with_Hot_Pepper,629.0,52.0,60.0,17.0,Fufu_with_Light_Soup_with_Goat_Meat,690.0,44.0,90.0,15.0,Atsoomo_(Chin-Chin),399.0,3.0,31.0,20.0,2085.0,105.0,217.0,59.0
36,Male,80.5,1.77,Muscle Gain,Koko_with_Bofroat_(corn_dough_porridge_with_buffloaf),433.0,13.0,65.0,9.0,Plain_Rice_with_Chicken,856.0,54.0,65.0,15.0,Banku_and_Tilapia_with_Hot_Pepper,699.0,50.0,68.0,17.0,Roasted/Boiled_Maize_with_Coconut,320.0,6.0,35.0,7.0,2308.0,123.0,233.0,48.0
38,Female,78.0,1.64,Muscle Gain,Tom_Brown_and_bread,383.0,10.0,60.0,6.0,Banku_and_Tilapia_with_Hot_Pepper,642.0,45.0,73.0,15.0,Angwamu_(Oil_Rice)_with_Hot_Pepper_and_Egg,576.0,30.0,68.0,18.0,Atsoomo_(Chin-Chin),307.38,5.91,36.59,10.85,1908.38,90.91,237.59,49.85
78,Male,56.6,1.64,Weight Loss,White_porridge_and_bread,341.0,6.0,53.0,3.0,Banku_and_Tilapia_with_Hot_Pepper,614.0,40.0,58.0,10.0,Angwamu_(Oil_Rice)_with_Hot_Pepper_and_Egg,615.79,38.98,64.77,13.31,Atsoomo_(Chin-Chin),307.38,5.91,36.59,10.85,1878.17,90.89,212.36,37.16
33,Male,58.4,1.67,Weight Loss,Rice_water_and_bread,292.0,9.0,49.0,3.0,Kenkey_and_Fried_Fish_with_Hot_Pepper,612.0,39.0,47.0,17.0,Banku_with_Okra_Soup,569.0,30.0,72.0,9.0,Atsoomo_(Chin-Chin),307.38,5.91,36.59,10.85,1780.38,83.91,204.59,39.85
36,Female,63.8,1.54,Weight Loss,Tom_Brown_and_bread,335.0,8.0,61.0,4.0,Red-Red_(Beans_and_Plantain_with_red_oil),509.0,24.0,48.0,12.0,Banku_with_Okra_Soup,663.0,29.0,72.0,8.0,Atsoomo_(Chin-Chin),307.38,5.91,36.59,10.85,1814.38,66.91,217.59,34.85
17,Male,49.0,1.33,Weight Loss,Koko_with_Bofroat_(corn_dough_porridge_with_buffloaf),380.0,11.0,45.0,6.0,Tuo_Zaafi_with_Meat_Stew,568.0,44.0,77.0,9.0,Plain_Rice_with_Chicken,603.0,66.0,53.0,14.0,Atsoomo_(Chin-Chin),307.38,5.91,36.59,10.85,1858.38,126.91,211.59,39.85
20,Female,73.0,1.57,Muscle Gain,Rice_water_and_bread,294.0,9.0,48.0,4.0,Fufu_with_Light_Soup_with_Goat_Meat,633.0,45.0,74.0,12.0,Red-Red_(Beans_and_Plantain_with_red_oil),592.0,28.0,52.0,20.0,Atsoomo_(Chin-Chin),307.38,5.91,36.59,10.85,1826.38,87.91,210.59,46.85
46,Female,59.1,1.63,Weight Loss,Oatmeal,271.0,11.0,41.0,4.0,Red-Red_(Beans_and_Plantain_with_red_oil),555.0,29.0,45.0,14.0,Jollof_Rice_with_Chicken,776.0,35.0,82.0,16.0,Kofi_Brokeman_(Roasted_Plantain_with_Groundnut),277.0,7.0,40.0,8.0,1879.0,82.0,208.0,42.0
24,Female,63.4,1.57,Weight Loss,White_porridge_and_bread,346.0,6.0,44.0,4.0,Red-Red_(Beans_and_Plantain_with_red_oil),564.0,28.0,50.0,14.0,Angwamu_(Oil_Rice)_with_Hot_Pepper_and_Egg,615.79,38.98,64.77,13.31,Atsoomo_(Chin-Chin),307.38,5.91,36.59,10.85,1833.17,78.89,195.36,42.16
73,Female,67.7,1.56,Muscle Gain,Hausa_Koko_(millet_porridge)_with_Koose,394.0,13.0,44.0,5.0,Boiled_Plantain/Yam_and_Garden_egg_stew,511.0,26.0,73.0,7.0,Jollof_Rice_with_Chicken,783.0,52.0,74.0,17.0,Atsoomo_(Chin-Chin),307.38,5.91,36.59,10.85,1995.38,96.91,227.59,39.85
79,Male,74.8,1.61,Muscle Gain,Tea/Milo/Coffee_with_bread,295.0,7.0,41.0,6.0,Kenkey_and_Fried_Fish_with_Hot_Pepper,610.0,52.0,52.0,18.0,Tuo_Zaafi_with_Meat_Stew,651.0,44.0,65.0,10.0,Atsoomo_(Chin-Chin),307.38,5.91,36.59,10.85,1863.38,108.91,194.59,44.85
9,Male,42.4,1.17,Weight Loss,Tea/Milo/Coffee_with_bread,272.0,6.0,30.0,6.0,Red-Red_(Beans_and_Plantain_with_red_oil),503.0,33.0,51.0,16.0,Banku_and_Tilapia_with_Hot_Pepper,550.0,53.0,63.0,12.0,Roasted/Boiled_Maize_with_Coconut,246.0,6.0,33.0,5.0,1571.0,98.0,177.0,39.0
16,Female,54.0,1.28,Muscle Gain,White_porridge_and_bread,244.0,8.0,58.0,6.0,Waakye_and_Fish_with_egg,466.0,60.0,76.0,11.0,Banku_with_Okra_Soup,457.0,39.0,71.0,11.0,Atsoomo_(Chin-Chin),307.38,5.91,36.59,10.85,1474.38,112.91,241.59,38.85
38,Male,77.3,1.77,Muscle Gain,Oatmeal,336.42,9.46,47.78,5.3,Angwamu_(Oil_Rice)_with_Hot_Pepper_and_Egg,587.0,30.0,62.0,23.0,Waakye_and_Fish_with_egg,721.0,48.0,74.0,12.0,Atsoomo_(Chin-Chin),307.38,5.91,36.59,10.85,1951.8,93.37,220.37,51.15
47,Female,54.9,1.53,Weight Loss,Rice_water_and_bread,266.0,8.0,49.0,3.0,Banku_and_Tilapia_with_Hot_Pepper,569.0,32.0,55.0,10.0,Fufu_with_Light_Soup_with_Goat_Meat,710.0,38.0,73.0,11.0,Atsoomo_(Chin-Chin),307.38,5.91,36.59,10.85,1852.38,83.91,213.59,34.85
82,Male,74.0,1.64,Muscle Gain,Oatmeal,344.0,10.0,47.0,4.0,Angwamu_(Oil_Rice)_with_Hot_Pepper_and_Egg,592.0,32.0,56.0,17.0,Plain_Rice_with_Chicken,726.0,67.0,63.0,15.0,Atsoomo_(Chin-Chin),307.38,5.91,36.59,10.85,1969.38,114.91,202.59,46.85
54,Male,76.3,1.65,Muscle Gain,Koko_with_Bofroat_(corn_dough_porridge_with_buffloaf),511.0,10.0,53.0,10.0,Tuo_Zaafi_with_Meat_Stew,863.0,43.0,81.0,14.0,Banku_with_Okra_Soup,627.0,37.0,71.0,10.0,Atsoomo_(Chin-Chin),382.0,3.0,31.0,21.0,2383.0,93.0,236.0,55.0
74,Female,69.1,1.57,Muscle Gain,Koko_with_Bofroat_(corn_dough_porridge_with_buffloaf),359.0,12.0,66.0,8.0,Banku_and_Tilapia_with_Hot_Pepper,543.0,42.0,71.0,11.0,Angwamu_(Oil_Rice)_with_Hot_Pepper_and_Egg,536.0,30.0,61.0,16.0,Atsoomo_(Chin-Chin),307.38,5.91,36.59,10.85,1745.38,89.91,234.59,45.85
51,Male,65.3,1.78,Weight Loss,Rice_water_and_bread,358.0,8.0,56.0,4.0,Kenkey_and_Fried_Fish_with_Hot_Pepper,598.0,44.0,57.0,16.0,Banku_and_Tilapia_with_Hot_Pepper,566.0,39.0,63.0,11.0,Atsoomo_(Chin-Chin),307.38,5.91,36.59,10.85,1829.38,96.91,212.59,41.85
7,Female,42.4,1.0,Muscle Gain,Oatmeal,210.0,10.0,40.0,4.0,Fufu_with_Light_Soup_with_Goat_Meat,520.0,46.0,72.0,13.0,Angwamu_(Oil_Rice)_with_Hot_Pepper_and_Egg,432.0,30.0,55.0,23.0,Atsoomo_(Chin-Chin),307.38,5.91,36.59,10.85,1469.38,91.91,203.59,50.85
83,Female,66.6,1.55,Muscle Gain,Oatmeal,316.0,13.0,40.0,4.0,Waakye_and_Fish_with_egg,634.0,51.0,74.0,10.0,Boiled_Plantain/Yam_and_Garden_egg_stew,438.0,24.0,65.0,8.0,Atsoomo_(Chin-Chin),307.38,5.91,36.59,10.85,1695.38,93.91,215.59,32.85
46,Female,55.7,1.69,Weight Loss,White_porridge_and_bread,331.0,7.0,52.0,4.0,Waakye_and_Fish_with_egg,545.0,36.0,72.0,8.0,Jollof_Rice_with_Chicken,730.0,35.0,86.0,14.0,Atsoomo_(Chin-Chin),307.38,5.91,36.59,10.85,1913.38,83.91,246.59,36.85
21,Female,59.0,1.63,Weight Loss,Oatmeal,336.42,9.46,47.78,5.3,Jollof_Rice_with_Chicken,691.0,40.0,73.0,16.0,Fufu_with_Light_Soup_with_Goat_Meat,699.0,34.0,72.0,13.0,Atsoomo_(Chin-Chin),355.0,3.0,27.0,13.0,2081.42,86.46,219.78,47.3
41,Female,55.7,1.58,Weight Loss,Koko_with_Bofroat_(corn_dough_porridge_with_buffloaf),423.0,10.0,48.0,8.0,Plain_Rice_with_Chicken,575.0,41.0,55.0,12.0,Banku_and_Tilapia_with_Hot_Pepper,647.0,38.0,59.0,12.0,Kofi_Brokeman_(Roasted_Plantain_with_Groundnut),244.0,6.0,33.0,6.0,1889.0,95.0,195.0,38.0
48,Female,59.5,1.56,Weight Loss,Koko_with_Bofroat_(corn_dough_porridge_with_buffloaf),448.0,8.0,47.0,8.0,Red-Red_(Beans_and_Plantain_with_red_oil),558.0,28.0,54.0,15.0,Plain_Rice_with_Chicken,632.0,39.0,55.0,14.0,Plantain_Chips,277.0,3.0,36.0,8.0,1915.0,78.0,192.0,45.0
33,Female,56.9,1.53,Weight Loss,White_porridge_and_bread,308.0,6.0,44.0,4.0,Plain_Rice_with_Chicken,679.0,46.0,69.0,13.0,Banku_with_Okra_Soup,586.0,32.0,61.0,9.0,Roasted/Boiled_Maize_with_Coconut,280.0,5.0,36.0,6.0,1853.0,89.0,210.0,32.0
53,Male,62.9,1.72,Weight Loss,Tea/Milo/Coffee_with_bread,352.0,5.0,39.0,7.0,Jollof_Rice_with_Chicken,619.2,39.43,64.97,13.31,Kenkey_and_Fried_Fish_with_Hot_Pepper,682.0,34.0,59.0,15.0,Agbelikaklo_with_Coconut,361.0,4.0,41.0,8.0,2014.2,82.43,203.97,43.31
49,Female,62.9,1.59,Weight Loss,Oatmeal,336.42,9.46,47.78,5.3,Jollof_Rice_with_Chicken,619.2,39.43,64.97,13.31,Fufu_with_Light_Soup_with_Goat_Meat,626.0,37.0,68.0,12.0,Atsoomo_(Chin-Chin),307.38,5.91,36.59,10.85,1889.0,91.8,217.34,41.46
76,Female,70.2,1.55,Muscle Gain,Oatmeal,336.42,9.46,47.78,5.3,Angwamu_(Oil_Rice)_with_Hot_Pepper_and_Egg,594.0,28.0,65.0,19.0,Boiled_Plantain/Yam_and_Garden_egg_stew,543.0,20.0,69.0,6.0,Atsoomo_(Chin-Chin),307.38,5.91,36.59,10.85,1780.8,63.37,218.37,41.15
39,Male,63.8,1.67,Weight Loss,Koko_with_Bofroat_(corn_dough_porridge_with_buffloaf),468.0,9.0,47.0,7.0,Fufu_with_Light_Soup_with_Goat_Meat,716.0,41.0,80.0,11.0,Jollof_Rice_with_Chicken,682.0,47.0,72.0,16.0,Agbelikaklo_with_Coconut,347.0,4.0,48.0,8.0,2213.0,101.0,247.0,42.0
24,Male,58.6,1.69,Weight Loss,Hausa_Koko_(millet_porridge)_with_Koose,344.0,11.0,44.0,6.0,Jollof_Rice_with_Chicken,667.0,38.0,73.0,13.0,Waakye_and_Fish_with_egg,620.0,39.0,54.0,10.0,Atsoomo_(Chin-Chin),307.38,5.91,36.59,10.85,1938.38,93.91,207.59,39.85
36,Female,53.6,1.63,Weight Loss,Hausa_Koko_(millet_porridge)_with_Koose,339.0,11.0,37.0,5.0,Tuo_Zaafi_with_Meat_Stew,576.0,29.0,72.0,11.0,Red-Red_(Beans_and_Plantain_with_red_oil),528.0,31.0,48.0,13.0,Atsoomo_(Chin-Chin),307.38,5.91,36.59,10.85,1750.38,76.91,193.59,39.85
59,Female,62.9,1.62,Muscle Gain,Rice_water_and_bread,308.0,9.0,62.0,4.0,Jollof_Rice_with_Chicken,619.2,39.43,64.97,13.31,Plain_Rice_with_Chicken,767.0,52.0,67.0,18.0,Atsoomo_(Chin-Chin),307.38,5.91,36.59,10.85,2001.58,106.34,230.56,46.16
18,Female,73.1,1.55,Muscle Gain,Oatmeal,336.42,9.46,47.78,5.3,Angwamu_(Oil_Rice)_with_Hot_Pepper_and_Egg,618.0,26.0,66.0,22.0,Kenkey_and_Fried_Fish_with_Hot_Pepper,663.0,42.0,65.0,21.0,Atsoomo_(Chin-Chin),307.38,5.91,36.59,10.85,1924.8,83.37,215.37,59.15
7,Male,36.5,1.06,Weight Loss,White_porridge_and_bread,255.0,6.0,54.0,4.0,Waakye_and_Fish_with_egg,587.0,49.0,65.0,8.0,Plain_Rice_with_Chicken,603.0,66.0,65.0,13.0,Atsoomo_(Chin-Chin),307.38,5.91,36.59,10.85,1752.38,126.91,220.59,35.85
57,Female,80.3,1.6,Muscle Gain,Rice_water_and_bread,338.0,8.0,63.0,4.0,Banku_and_Tilapia_with_Hot_Pepper,660.0,46.0,55.0,12.0,Fufu_with_Light_Soup_with_Goat_Meat,818.0,44.0,85.0,12.0,Atsoomo_(Chin-Chin),307.38,5.91,36.59,10.85,2123.38,103.91,239.59,38.85
34,Female,64.1,1.55,Muscle Gain,Tea/Milo/Coffee_with_bread,314.0,7.0,44.0,8.0,Banku_with_Okra_Soup,745.0,31.0,74.0,10.0,Kenkey_and_Fried_Fish_with_Hot_Pepper,627.0,37.0,65.0,19.0,Atsoomo_(Chin-Chin),307.38,5.91,36.59,10.85,1993.38,80.91,219.59,47.85
36,Female,69.9,1.62,Muscle Gain,White_porridge_and_bread,346.0,7.0,56.0,5.0,Red-Red_(Beans_and_Plantain_with_red_oil),504.0,33.0,54.0,15.0,Plain_Rice_with_Chicken,786.0,58.0,66.0,17.0,Atsoomo_(Chin-Chin),307.38,5.91,36.59,10.85,1943.38,103.91,212.59,47.85
11,Male,46.4,1.23,Weight Loss,Rice_water_and_bread,282.0,9.0,51.0,3.0,Boiled_Plantain/Yam_and_Garden_egg_stew,385.0,26.0,51.0,7.0,Jollof_Rice_with_Chicken,704.0,53.0,78.0,13.0,Atsoomo_(Chin-Chin),321.0,4.0,35.0,14.0,1692.0,92.0,215.0,37.0
74,Female,70.4,1.58,Muscle Gain,Tea/Milo/Coffee_with_bread,256.0,6.0,38.0,5.0,Plain_Rice_with_Chicken,720.0,60.0,71.0,15.0,Kenkey_and_Fried_Fish_with_Hot_Pepper,555.0,40.0,68.0,17.0,Atsoomo_(Chin-Chin),307.38,5.91,36.59,10.85,1838.38,111.91,213.59,47.85
50,Female,71.4,1.68,Muscle Gain,White_porridge_and_bread,403.0,7.0,56.0,6.0,Angwamu_(Oil_Rice)_with_Hot_Pepper_and_Egg,682.0,33.0,60.0,23.0,Boiled_Plantain/Yam_and_Garden_egg_stew,551.0,22.0,61.0,9.0,Plantain_Chips,316.0,3.0,45.0,13.0,1952.0,65.0,222.0,51.0
20,Male,71.5,1.68,Muscle Gain,Rice_water_and_bread,353.0,9.0,46.0,4.0,Banku_with_Okra_Soup,734.0,37.0,69.0,11.0,Angwamu_(Oil_Rice)_with_Hot_Pepper_and_Egg,575.0,36.0,64.0,21.0,Atsoomo_(Chin-Chin),307.38,5.91,36.59,10.85,1969.38,87.91,215.59,46.85
67,Female,69.2,1.58,Muscle Gain,Hausa_Koko_(millet_porridge)_with_Koose,332.0,13.0,44.0,6.0,Jollof_Rice_with_Chicken,775.0,44.0,89.0,17.0,Kenkey_and_Fried_Fish_with_Hot_Pepper,546.0,38.0,58.0,15.0,Atsoomo_(Chin-Chin),307.38,5.91,36.59,10.85,1960.38,100.91,227.59,48.85
21,Male,83.0,1.66,Muscle Gain,Koko_with_Bofroat_(corn_dough_porridge_with_buffloaf),523.0,9.0,58.0,9.0,Angwamu_(Oil_Rice)_with_Hot_Pepper_and_Egg,607.0,32.0,55.0,21.0,Red-Red_(Beans_and_Plantain_with_red_oil),634.0,36.0,50.0,17.0,Atsoomo_(Chin-Chin),307.38,5.91,36.59,10.85,2071.38,82.91,199.59,57.85
71,Female,58.2,1.59,Weight Loss,Tea/Milo/Coffee_with_bread,241.0,6.0,36.0,4.0,Banku_with_Okra_Soup,544.0,26.0,76.0,8.0,Fufu_with_Light_Soup_with_Goat_Meat,523.0,37.0,72.0,8.0,Roasted/Boiled_Maize_with_Coconut,252.0,5.0,30.0,4.0,1560.0,74.0,214.0,24.0
65,Female,56.4,1.56,Weight Loss,Tea/Milo/Coffee_with_bread,219.0,6.0,38.0,4.0,Banku_and_Tilapia_with_Hot_Pepper,510.0,42.0,56.0,8.0,Kenkey_and_Fried_Fish_with_Hot_Pepper,522.0,35.0,55.0,12.0,Roasted/Boiled_Maize_with_Coconut,213.0,6.0,33.0,4.0,1464.0,89.0,182.0,28.0
40,Female,63.6,1.55,Weight Loss,Oatmeal,336.42,9.46,47.78,5.3,Banku_with_Okra_Soup,588.0,29.0,65.0,9.0,Banku_and_Tilapia_with_Hot_Pepper,540.0,40.0,56.0,11.0,Atsoomo_(Chin-Chin),307.38,5.91,36.59,10.85,1771.8,84.37,205.37,36.15
51,Female,57.4,1.6,Weight Loss,White_porridge_and_bread,305.0,6.0,46.0,4.0,Red-Red_(Beans_and_Plantain_with_red_oil),455.0,29.0,54.0,16.0,Waakye_and_Fish_with_egg,646.0,35.0,70.0,8.0,Atsoomo_(Chin-Chin),307.38,5.91,36.59,10.85,1713.38,75.91,206.59,38.85
50,Female,60.4,1.58,Weight Loss,White_porridge_and_bread,362.0,6.0,56.0,4.0,Jollof_Rice_with_Chicken,756.0,38.0,72.0,16.0,Fufu_with_Light_Soup_with_Goat_Meat,644.0,33.0,68.0,11.0,Atsoomo_(Chin-Chin),307.38,5.91,36.59,10.85,2069.38,82.91,232.59,41.85
83,Female,64.0,1.5,Muscle Gain,White_porridge_and_bread,297.0,8.0,51.0,5.0,Banku_with_Okra_Soup,554.0,37.0,82.0,8.0,Fufu_with_Light_Soup_with_Goat_Meat,606.0,39.0,76.0,11.0,Atsoomo_(Chin-Chin),307.38,5.91,36.59,10.85,1764.38,89.91,245.59,34.85
54,Male,83.6,1.74,Muscle Gain,Hausa_Koko_(millet_porridge)_with_Koose,408.0,15.0,40.0,8.0,Jollof_Rice_with_Chicken,803.0,54.0,73.0,17.0,Angwamu_(Oil_Rice)_with_Hot_Pepper_and_Egg,617.0,34.0,61.0,22.0,Atsoomo_(Chin-Chin),307.38,5.91,36.59,10.85,2135.38,108.91,210.59,57.85
32,Male,68.0,1.74,Weight Loss,Tom_Brown_and_bread,341.0,8.0,56.0,4.0,Banku_with_Okra_Soup,729.0,36.0,59.0,8.0,Boiled_Plantain/Yam_and_Garden_egg_stew,490.0,19.0,57.0,8.0,Nkatie_Cake_(Groundnut_Cake),332.0,11.0,20.0,14.0,1892.0,74.0,192.0,34.0
46,Female,65.1,1.57,Weight Loss,Rice_water_and_bread,323.0,9.0,52.0,3.0,Plain_Rice_with_Chicken,696.0,39.0,60.0,12.0,Tuo_Zaafi_with_Meat_Stew,678.0,31.0,65.0,10.0,Atsoomo_(Chin-Chin),307.38,5.91,36.59,10.85,2004.38,84.91,213.59,35.85
55,Female,65.5,1.59,Muscle Gain,Rice_water_and_bread,374.0,8.0,54.0,4.0,Jollof_Rice_with_Chicken,710.0,52.0,94.0,21.0,Plain_Rice_with_Chicken,621.0,57.0,74.0,15.0,Atsoomo_(Chin-Chin),307.38,5.91,36.59,10.85,2012.38,122.91,258.59,50.85
70,Male,77.1,1.68,Muscle Gain,Hausa_Koko_(millet_porridge)_with_Koose,412.0,16.0,39.0,6.0,Jollof_Rice_with_Chicken,656.0,46.0,78.0,17.0,Boiled_Plantain/Yam_and_Garden_egg_stew,524.0,27.0,59.0,8.0,Agbelikaklo_with_Coconut,347.0,6.0,57.0,6.0,1939.0,95.0,233.0,37.0
28,Male,71.4,1.62,Muscle Gain,White_porridge_and_bread,369.0,7.0,52.0,5.0,Waakye_and_Fish_with_egg,816.0,46.0,69.0,13.0,Fufu_with_Light_Soup_with_Goat_Meat,796.0,45.0,78.0,16.0,Atsoomo_(Chin-Chin),307.38,5.91,36.59,10.85,2288.38,103.91,235.59,44.85
13,Male,49.6,1.19,Muscle Gain,Tom_Brown_and_bread,304.0,10.0,51.0,6.0,Tuo_Zaafi_with_Meat_Stew,550.0,44.0,78.0,13.0,Angwamu_(Oil_Rice)_with_Hot_Pepper_and_Egg,536.0,34.0,66.0,20.0,Atsoomo_(Chin-Chin),371.0,4.0,39.0,17.0,1761.0,92.0,234.0,56.0
60,Female,56.5,1.65,Weight Loss,Koko_with_Bofroat_(corn_dough_porridge_with_buffloaf),403.0,9.0,54.0,7.0,Plain_Rice_with_Chicken,723.0,41.0,70.0,13.0,Jollof_Rice_with_Chicken,637.0,35.0,85.0,16.0,Atsoomo_(Chin-Chin),307.38,5.91,36.59,10.85,2070.38,90.91,245.59,46.85
20,Male,69.0,1.67,Muscle Gain,White_porridge_and_bread,371.0,8.0,51.0,6.0,Jollof_Rice_with_Chicken,810.0,56.0,72.0,21.0,Red-Red_(Beans_and_Plantain_with_red_oil),518.0,34.0,60.0,16.0,Atsoomo_(Chin-Chin),407.0,4.0,30.0,20.0,2106.0,102.0,213.0,63.0
70,Male,59.5,1.64,Weight Loss,Rice_water_and_bread,278.0,6.0,45.0,2.0,Banku_with_Okra_Soup,510.0,27.0,59.0,6.0,Angwamu_(Oil_Rice)_with_Hot_Pepper_and_Egg,596.0,23.0,50.0,13.0,Atsoomo_(Chin-Chin),307.38,5.91,36.59,10.85,1691.38,61.91,190.59,31.85
39,Female,55.2,1.63,Weight Loss,Oatmeal,260.0,9.0,41.0,3.0,Red-Red_(Beans_and_Plantain_with_red_oil),510.0,31.0,47.0,12.0,Banku_with_Okra_Soup,551.0,30.0,72.0,9.0,Agbelikaklo_with_Coconut,319.0,4.0,43.0,7.0,1640.0,74.0,203.0,31.0
62,Male,79.4,1.69,Muscle Gain,Tea/Milo/Coffee_with_bread,281.0,6.0,40.0,5.0,Fufu_with_Light_Soup_with_Goat_Meat,650.0,46.0,69.0,13.0,Kenkey_and_Fried_Fish_with_Hot_Pepper,542.0,46.0,55.0,15.0,Atsoomo_(Chin-Chin),307.38,5.91,36.59,10.85,1780.38,103.91,200.59,43.85
16,Male,58.1,1.32,Muscle Gain,Tea/Milo/Coffee_with_bread,268.0,7.0,45.0,8.0,Jollof_Rice_with_Chicken,619.2,39.43,64.97,13.31,Banku_and_Tilapia_with_Hot_Pepper,562.0,63.0,62.0,14.0,Atsoomo_(Chin-Chin),307.38,5.91,36.59,10.85,1756.58,115.34,208.56,46.16
27,Male,60.5,1.68,Weight Loss,Rice_water_and_bread,312.0,7.0,44.0,3.0,Tuo_Zaafi_with_Meat_Stew,779.0,37.0,68.0,11.0,Red-Red_(Beans_and_Plantain_with_red_oil),515.0,27.0,44.0,12.0,Atsoomo_(Chin-Chin),307.38,5.91,36.59,10.85,1913.38,76.91,192.59,36.85
50,Male,61.0,1.62,Weight Loss,Hausa_Koko_(millet_porridge)_with_Koose,414.0,14.0,38.0,5.0,Plain_Rice_with_Chicken,723.0,56.0,54.0,15.0,Banku_and_Tilapia_with_Hot_Pepper,713.0,39.0,50.0,11.0,Atsoomo_(Chin-Chin),307.38,5.91,36.59,10.85,2157.38,114.91,178.59,41.85
50,Female,56.3,1.55,Weight Loss,Koko_with_Bofroat_(corn_dough_porridge_with_buffloaf),405.0,9.0,50.0,7.0,Red-Red_(Beans_and_Plantain_with_red_oil),531.0,28.0,48.0,15.0,Kenkey_and_Fried_Fish_with_Hot_Pepper,576.0,33.0,48.0,13.0,Kofi_Brokeman_(Roasted_Plantain_with_Groundnut),261.0,7.0,38.0,7.0,1773.0,77.0,184.0,42.0
15,Male,40.7,1.3,Weight Loss,Rice_water_and_bread,264.0,8.0,51.0,3.0,Plain_Rice_with_Chicken,487.0,53.0,72.0,13.0,Tuo_Zaafi_with_Meat_Stew,491.0,39.0,69.0,11.0,Atsoomo_(Chin-Chin),307.38,5.91,36.59,10.85,1549.38,105.91,228.59,37.85
27,Male,62.3,1.65,Weight Loss,Oatmeal,265.0,12.0,35.0,3.0,Tuo_Zaafi_with_Meat_Stew,610.0,36.0,62.0,10.0,Angwamu_(Oil_Rice)_with_Hot_Pepper_and_Egg,544.0,28.0,59.0,15.0,Atsoomo_(Chin-Chin),307.38,5.91,36.59,10.85,1726.38,81.91,192.59,38.85
30,Male,66.1,1.68,Weight Loss,Tom_Brown_and_bread,418.0,8.0,55.0,4.0,Tuo_Zaafi_with_Meat_Stew,623.0,37.0,57.0,10.0,Waakye_and_Fish_with_egg,638.0,50.0,68.0,8.0,Atsoomo_(Chin-Chin),307.38,5.91,36.59,10.85,1986.38,100.91,216.59,32.85
12,Female,44.7,1.21,Weight Loss,Oatmeal,336.42,9.46,47.78,5.3,Banku_and_Tilapia_with_Hot_Pepper,396.0,42.0,57.0,12.0,Waakye_and_Fish_with_egg,459.0,55.0,53.0,9.0,Atsoomo_(Chin-Chin),307.38,5.91,36.59,10.85,1498.8,112.37,194.37,37.15
33,Male,65.9,1.63,Weight Loss,Tom_Brown_and_bread,397.0,7.0,48.0,4.0,Red-Red_(Beans_and_Plantain_with_red_oil),584.0,28.0,54.0,13.0,Angwamu_(Oil_Rice)_with_Hot_Pepper_and_Egg,615.79,38.98,64.77,13.31,Roasted/Boiled_Maize_with_Coconut,249.0,5.0,33.0,6.0,1845.79,78.98,199.77,36.31
43,Female,53.8,1.59,Weight Loss,Tom_Brown_and_bread,304.0,10.0,57.0,4.0,Banku_with_Okra_Soup,518.0,26.0,61.0,10.0,Waakye_and_Fish_with_egg,660.0,44.0,63.0,8.0,Kofi_Brokeman_(Roasted_Plantain_with_Groundnut),257.0,6.0,37.0,8.0,1739.0,86.0,218.0,30.0
51,Male,68.0,1.67,Muscle Gain,Rice_water_and_bread,412.0,8.0,56.0,5.0,Jollof_Rice_with_Chicken,619.2,39.43,64.97,13.31,Red-Red_(Beans_and_Plantain_with_red_oil),602.0,33.0,57.0,19.0,Atsoomo_(Chin-Chin),307.38,5.91,36.59,10.85,1940.58,86.34,214.56,48.16
64,Female,58.5,1.59,Weight Loss,Rice_water_and_bread,266.0,7.0,52.0,2.0,Tuo_Zaafi_with_Meat_Stew,557.0,29.0,66.0,8.0,Waakye_and_Fish_with_egg,557.0,44.0,67.0,8.0,Atsoomo_(Chin-Chin),307.38,5.91,36.59,10.85,1687.38,85.91,221.59,28.85
75,Female,53.8,1.58,Weight Loss,Tom_Brown_and_bread,306.0,8.0,49.0,4.0,Plain_Rice_with_Chicken,525.0,50.0,59.0,10.0,Angwamu_(Oil_Rice)_with_Hot_Pepper_and_Egg,615.79,38.98,64.77,13.31,Atsoomo_(Chin-Chin),307.38,5.91,36.59,10.85,1754.17,102.89,209.36,38.16
34,Female,73.7,1.65,Muscle Gain,White_porridge_and_bread,379.0,7.0,62.0,5.0,Waakye_and_Fish_with_egg,771.0,48.0,75.0,13.0,Tuo_Zaafi_with_Meat_Stew,718.0,43.0,68.0,13.0,Atsoomo_(Chin-Chin),307.38,5.91,36.59,10.85,2175.38,103.91,241.59,41.85
80,Female,55.2,1.55,Weight Loss,Oatmeal,336.42,9.46,47.78,5.3,Banku_with_Okra_Soup,554.0,34.0,70.0,8.0,Waakye_and_Fish_with_egg,623.0,37.0,60.0,8.0,Atsoomo_(Chin-Chin),307.38,5.91,36.59,10.85,1820.8,86.37,214.37,32.15
55,Male,79.6,1.73,Muscle Gain,Rice_water_and_bread,413.0,9.0,50.0,4.0,Kenkey_and_Fried_Fish_with_Hot_Pepper,594.0,48.0,62.0,17.0,Angwamu_(Oil_Rice)_with_Hot_Pepper_and_Egg,615.79,38.98,64.77,13.31,Atsoomo_(Chin-Chin),307.38,5.91,36.59,10.85,1930.17,101.89,213.36,45.16
85,Female,52.5,1.49,Weight Loss,Oatmeal,265.0,11.0,36.0,2.0,Banku_and_Tilapia_with_Hot_Pepper,462.0,41.0,59.0,8.0,Waakye_and_Fish_with_egg,559.0,39.0,70.0,8.0,Atsoomo_(Chin-Chin),307.38,5.91,36.59,10.85,1593.38,96.91,201.59,28.85
36,Male,62.4,1.75,Weight Loss,Koko_with_Bofroat_(corn_dough_porridge_with_buffloaf),471.0,11.0,59.0,8.0,Tuo_Zaafi_with_Meat_Stew,687.0,33.0,72.0,10.0,Boiled_Plantain/Yam_and_Garden_egg_stew,496.0,20.0,60.0,6.0,Kofi_Brokeman_(Roasted_Plantain_with_Groundnut),328.0,7.0,36.0,7.0,1982.0,71.0,227.0,31.0
34,Female,72.9,1.63,Muscle Gain,Rice_water_and_bread,311.0,7.0,46.0,5.0,Fufu_with_Light_Soup_with_Goat_Meat,734.0,43.0,69.0,14.0,Boiled_Plantain/Yam_and_Garden_egg_stew,565.0,26.0,71.0,9.0,Atsoomo_(Chin-Chin),307.38,5.91,36.59,10.85,1917.38,81.91,222.59,38.85
29,Female,57.6,1.67,Weight Loss,Oatmeal,336.42,9.46,47.78,5.3,Red-Red_(Beans_and_Plantain_with_red_oil),496.0,28.0,46.0,14.0,Plain_Rice_with_Chicken,651.0,46.0,72.0,15.0,Atsoomo_(Chin-Chin),307.38,5.91,36.59,10.85,1790.8,89.37,202.37,45.15
7,Female,31.4,1.0,Weight Loss,Tom_Brown_and_bread,248.0,10.0,48.0,4.0,Angwamu_(Oil_Rice)_with_Hot_Pepper_and_Egg,427.0,31.0,47.0,17.0,Red-Red_(Beans_and_Plantain_with_red_oil),446.0,33.0,43.0,16.0,Atsoomo_(Chin-Chin),307.38,5.91,36.59,10.85,1428.38,79.91,174.59,47.85
29,Male,57.2,1.68,Weight Loss,Tom_Brown_and_bread,388.0,7.0,53.0,4.0,Angwamu_(Oil_Rice)_with_Hot_Pepper_and_Egg,674.0,26.0,56.0,17.0,Angwamu_(Oil_Rice)_with_Hot_Pepper_and_Egg,615.79,38.98,64.77,13.31,Atsoomo_(Chin-Chin),307.38,5.91,36.59,10.85,1985.17,77.89,210.36,45.16
59,Male,83.1,1.65,Muscle Gain,Tea/Milo/Coffee_with_bread,309.0,7.0,41.0,8.0,Banku_and_Tilapia_with_Hot_Pepper,762.0,52.0,68.0,13.0,Waakye_and_Fish_with_egg,759.0,58.0,61.0,11.0,Roasted/Boiled_Maize_with_Coconut,269.0,7.0,35.0,6.0,2099.0,124.0,205.0,38.0
8,Male,38.8,1.06,Weight Loss,Rice_water_and_bread,302.0,9.0,48.0,4.0,Boiled_Plantain/Yam_and_Garden_egg_stew,372.0,26.0,62.0,6.0,Tuo_Zaafi_with_Meat_Stew,630.0,41.0,66.0,10.0,Atsoomo_(Chin-Chin),307.38,5.91,36.59,10.85,1611.38,81.91,212.59,30.85
25,Male,81.9,1.72,Muscle Gain,Hausa_Koko_(millet_porridge)_with_Koose,419.0,15.0,51.0,8.0,Jollof_Rice_with_Chicken,619.2,39.43,64.97,13.31,Tuo_Zaafi_with_Meat_Stew,660.0,34.0,83.0,12.0,Atsoomo_(Chin-Chin),307.38,5.91,36.59,10.85,2005.58,94.34,235.56,44.16
59,Female,52.6,1.65,Weight Loss,Tom_Brown_and_bread,402.0,7.0,49.0,4.0,Angwamu_(Oil_Rice)_with_Hot_Pepper_and_Egg,565.0,26.0,45.0,16.0,Banku_with_Okra_Soup,640.0,27.0,69.0,8.0,Atsoomo_(Chin-Chin),307.38,5.91,36.59,10.85,1914.38,65.91,199.59,38.85
25,Female,68.7,1.66,Muscle Gain,Tom_Brown_and_bread,441.0,10.0,68.0,5.0,Banku_with_Okra_Soup,751.0,32.0,73.0,13.0,Red-Red_(Beans_and_Plantain_with_red_oil),526.0,33.0,61.0,16.0,Plantain_Chips,346.0,3.0,49.0,13.0,2064.0,78.0,251.0,47.0
76,Male,74.6,1.64,Muscle Gain,Rice_water_and_bread,331.0,9.0,47.0,4.0,Waakye_and_Fish_with_egg,650.0,46.0,72.0,10.0,Angwamu_(Oil_Rice)_with_Hot_Pepper_and_Egg,600.0,30.0,66.0,17.0,Atsoomo_(Chin-Chin),307.38,5.91,36.59,10.85,1888.38,90.91,221.59,41.85
26,Female,70.7,1.58,Muscle Gain,Rice_water_and_bread,282.0,8.0,51.0,5.0,Red-Red_(Beans_and_Plantain_with_red_oil),607.0,28.0,57.0,16.0,Fufu_with_Light_Soup_with_Goat_Meat,621.0,40.0,91.0,15.0,Atsoomo_(Chin-Chin),307.38,5.91,36.59,10.85,1817.38,81.91,235.59,46.85
78,Female,53.7,1.57,Weight Loss,Rice_water_and_bread,298.0,7.0,49.0,2.0,Plain_Rice_with_Chicken,503.0,50.0,68.0,10.0,Kenkey_and_Fried_Fish_with_Hot_Pepper,448.0,33.0,50.0,13.0,Atsoomo_(Chin-Chin),307.38,5.91,36.59,10.85,1556.38,95.91,203.59,35.85
25,Female,70.0,1.65,Muscle Gain,Rice_water_and_bread,284.0,8.0,54.0,4.0,Fufu_with_Light_Soup_with_Goat_Meat,611.0,40.0,70.0,14.0,Tuo_Zaafi_with_Meat_Stew,684.0,40.0,84.0,12.0,Plantain_Chips,344.0,3.0,46.0,10.0,1923.0,91.0,254.0,40.0
55,Female,66.1,1.61,Muscle Gain,Koko_with_Bofroat_(corn_dough_porridge_with_buffloaf),481.0,9.0,53.0,10.0,Kenkey_and_Fried_Fish_with_Hot_Pepper,579.0,36.0,53.0,20.0,Waakye_and_Fish_with_egg,689.0,43.0,74.0,11.0,Atsoomo_(Chin-Chin),330.0,3.0,33.0,18.0,2079.0,91.0,213.0,59.0
6,Male,36.0,1.0,Weight Loss,Oatmeal,336.42,9.46,47.78,5.3,Fufu_with_Light_Soup_with_Goat_Meat,624.0,48.0,81.0,11.0,Plain_Rice_with_Chicken,572.0,63.0,53.0,15.0,Kofi_Brokeman_(Roasted_Plantain_with_Groundnut),205.0,9.0,34.0,8.0,1737.42,129.46,215.78,39.3
42,Male,65.8,1.71,Weight Loss,Tea/Milo/Coffee_with_bread,294.0,6.0,36.0,7.0,Banku_and_Tilapia_with_Hot_Pepper,693.0,42.0,63.0,12.0,Fufu_with_Light_Soup_with_Goat_Meat,614.0,34.0,64.0,11.0,Kofi_Brokeman_(Roasted_Plantain_with_Groundnut),300.0,7.0,37.0,6.0,1901.0,89.0,200.0,36.0
77,Male,74.9,1.64,Muscle Gain,Koko_with_Bofroat_(corn_dough_porridge_with_buffloaf),433.0,14.0,59.0,7.0,Red-Red_(Beans_and_Plantain_with_red_oil),467.0,33.0,61.0,14.0,Angwamu_(Oil_Rice)_with_Hot_Pepper_and_Egg,665.0,34.0,58.0,20.0,Atsoomo_(Chin-Chin),307.38,5.91,36.59,10.85,1872.38,86.91,214.59,51.85
70,Male,71.8,1.7,Muscle Gain,Oatmeal,305.0,10.0,50.0,3.0,Plain_Rice_with_Chicken,677.0,62.0,77.0,16.0,Boiled_Plantain/Yam_and_Garden_egg_stew,477.0,28.0,72.0,8.0,Atsoomo_(Chin-Chin),307.38,5.91,36.59,10.85,1766.38,105.91,235.59,37.85
46,Female,72.0,1.64,Muscle Gain,Hausa_Koko_(millet_porridge)_with_Koose,432.0,12.0,41.0,7.0,Jollof_Rice_with_Chicken,863.0,54.0,97.0,21.0,Plain_Rice_with_Chicken,690.0,45.0,72.0,18.0,Atsoomo_(Chin-Chin),307.38,5.91,36.59,10.85,2292.38,116.91,246.59,56.85
36,Male,75.0,1.75,Muscle Gain,Tom_Brown_and_bread,358.0,9.0,62.0,5.0,Waakye_and_Fish_with_egg,849.0,60.0,80.0,11.0,Banku_and_Tilapia_with_Hot_Pepper,741.0,46.0,55.0,16.0,Atsoomo_(Chin-Chin),307.38,5.91,36.59,10.85,2255.38,120.91,233.59,42.85
21,Female,65.4,1.65,Weight Loss,Oatmeal,336.42,9.46,47.78,5.3,Jollof_Rice_with_Chicken,673.0,37.0,72.0,16.0,Boiled_Plantain/Yam_and_Garden_egg_stew,485.0,19.0,53.0,7.0,Atsoomo_(Chin-Chin),307.38,5.91,36.59,10.85,1801.8,71.37,209.37,39.15
43,Female,62.2,1.63,Weight Loss,Oatmeal,250.0,10.0,35.0,4.0,Banku_and_Tilapia_with_Hot_Pepper,512.0,41.0,65.0,10.0,Fufu_with_Light_Soup_with_Goat_Meat,737.0,32.0,72.0,11.0,Atsoomo_(Chin-Chin),307.38,5.91,36.59,10.85,1806.38,88.91,208.59,35.85
75,Female,53.7,1.55,Weight Loss,White_porridge_and_bread,267.0,7.0,48.0,4.0,Jollof_Rice_with_Chicken,619.2,39.43,64.97,13.31,Plain_Rice_with_Chicken,519.0,42.0,68.0,12.0,Atsoomo_(Chin-Chin),307.38,5.91,36.59,10.85,1712.58,94.34,217.56,40.16
42,Male,79.8,1.74,Muscle Gain,Rice_water_and_bread,365.0,8.0,57.0,5.0,Jollof_Rice_with_Chicken,772.0,44.0,75.0,20.0,Fufu_with_Light_Soup_with_Goat_Meat,897.0,50.0,89.0,14.0,Atsoomo_(Chin-Chin),307.38,5.91,36.59,10.85,2341.38,107.91,257.59,49.85
84,Male,59.5,1.63,Weight Loss,Oatmeal,286.0,9.0,45.0,2.0,Fufu_with_Light_Soup_with_Goat_Meat,702.0,42.0,65.0,8.0,Boiled_Plantain/Yam_and_Garden_egg_stew,489.0,24.0,54.0,6.0,Atsoomo_(Chin-Chin),366.0,3.0,28.0,12.0,1843.0,78.0,192.0,28.0
22,Female,59.3,1.67,Weight Loss,Tea/Milo/Coffee_with_bread,248.0,5.0,37.0,6.0,Boiled_Plantain/Yam_and_Garden_egg_stew,408.0,19.0,56.0,6.0,Banku_and_Tilapia_with_Hot_Pepper,497.0,34.0,66.0,10.0,Atsoomo_(Chin-Chin),307.38,5.91,36.59,10.85,1460.38,63.91,195.59,32.85
7,Male,37.2,1.04,Weight Loss,Oatmeal,227.0,11.0,40.0,3.0,Waakye_and_Fish_with_egg,491.0,50.0,62.0,9.0,Banku_and_Tilapia_with_Hot_Pepper,546.0,42.0,52.0,10.0,Atsoomo_(Chin-Chin),314.0,4.0,31.0,17.0,1578.0,107.0,185.0,39.0
27,Female,54.2,1.66,Weight Loss,Rice_water_and_bread,314.0,7.0,53.0,3.0,Tuo_Zaafi_with_Meat_Stew,672.0,33.0,65.0,9.0,Boiled_Plantain/Yam_and_Garden_egg_stew,439.0,19.0,60.0,7.0,Atsoomo_(Chin-Chin),307.38,5.91,36.59,10.85,1732.38,64.91,214.59,29.85
39,Female,61.9,1.64,Muscle Gain,Tea/Milo/Coffee_with_bread,290.0,6.0,45.0,7.0,Jollof_Rice_with_Chicken,619.2,39.43,64.97,13.31,Jollof_Rice_with_Chicken,825.0,48.0,90.0,19.0,Atsoomo_(Chin-Chin),307.38,5.91,36.59,10.85,2041.58,99.34,236.56,50.16
32,Male,63.0,1.7,Weight Loss,Koko_with_Bofroat_(corn_dough_porridge_with_buffloaf),459.0,8.0,48.0,7.0,Banku_with_Okra_Soup,700.0,27.0,76.0,10.0,Angwamu_(Oil_Rice)_with_Hot_Pepper_and_Egg,638.0,23.0,57.0,15.0,Atsoomo_(Chin-Chin),307.38,5.91,36.59,10.85,2104.38,63.91,217.59,42.85
10,Female,52.8,1.12,Muscle Gain,Oatmeal,243.0,14.0,50.0,5.0,Red-Red_(Beans_and_Plantain_with_red_oil),470.0,40.0,59.0,16.0,Kenkey_and_Fried_Fish_with_Hot_Pepper,432.0,51.0,68.0,19.0,Atsoomo_(Chin-Chin),307.38,5.91,36.59,10.85,1452.38,110.91,213.59,50.85
45,Female,54.4,1.6,Weight Loss,Hausa_Koko_(millet_porridge)_with_Koose,386.0,10.0,39.0,4.0,Waakye_and_Fish_with_egg,669.0,42.0,60.0,8.0,Red-Red_(Beans_and_Plantain_with_red_oil),529.0,26.0,55.0,16.0,Atsoomo_(Chin-Chin),307.38,5.91,36.59,10.85,1891.38,83.91,190.59,38.85
35,Female,65.0,1.64,Weight Loss,Koko_with_Bofroat_(corn_dough_porridge_with_buffloaf),453.0,10.0,54.0,7.0,Tuo_Zaafi_with_Meat_Stew,631.0,36.0,59.0,11.0,Banku_and_Tilapia_with_Hot_Pepper,526.0,38.0,63.0,12.0,Atsoomo_(Chin-Chin),307.38,5.91,36.59,10.85,1917.38,89.91,212.59,40.85
22,Female,77.5,1.55,Muscle Gain,Koko_with_Bofroat_(corn_dough_porridge_with_buffloaf),456.0,9.0,67.0,10.0,Kenkey_and_Fried_Fish_with_Hot_Pepper,680.0,46.0,68.0,22.0,Banku_and_Tilapia_with_Hot_Pepper,601.0,46.0,74.0,14.0,Atsoomo_(Chin-Chin),307.38,5.91,36.59,10.85,2044.38,106.91,245.59,56.85
19,Female,52.9,1.66,Weight Loss,Oatmeal,336.42,9.46,47.78,5.3,Jollof_Rice_with_Chicken,696.0,45.0,67.0,16.0,Angwamu_(Oil_Rice)_with_Hot_Pepper_and_Egg,615.79,38.98,64.77,13.31,Plantain_Chips,274.0,3.0,45.0,8.0,1922.21,96.44,224.55,42.61
39,Male,66.7,1.61,Weight Loss,Hausa_Koko_(millet_porridge)_with_Koose,371.0,14.0,42.0,6.0,Red-Red_(Beans_and_Plantain_with_red_oil),589.0,29.0,55.0,13.0,Tuo_Zaafi_with_Meat_Stew,636.0,38.0,63.0,11.0,Atsoomo_(Chin-Chin),307.38,5.91,36.59,10.85,1903.38,86.91,196.59,40.85
26,Female,56.1,1.67,Weight Loss,Koko_with_Bofroat_(corn_dough_porridge_with_buffloaf),424.0,11.0,61.0,8.0,Waakye_and_Fish_with_egg,669.0,45.0,71.0,8.0,Angwamu_(Oil_Rice)_with_Hot_Pepper_and_Egg,615.79,38.98,64.77,13.31,Atsoomo_(Chin-Chin),307.38,5.91,36.59,10.85,2016.17,100.89,233.36,40.16
40,Female,54.8,1.65,Weight Loss,Rice_water_and_bread,269.0,7.0,54.0,4.0,Banku_and_Tilapia_with_Hot_Pepper,550.0,34.0,63.0,11.0,Boiled_Plantain/Yam_and_Garden_egg_stew,504.0,21.0,55.0,6.0,Atsoomo_(Chin-Chin),307.38,5.91,36.59,10.85,1630.38,67.91,208.59,31.85
24,Female,76.6,1.53,Muscle Gain,Rice_water_and_bread,281.0,10.0,62.0,4.0,Plain_Rice_with_Chicken,686.0,48.0,60.0,16.0,Angwamu_(Oil_Rice)_with_Hot_Pepper_and_Egg,615.79,38.98,64.77,13.31,Atsoomo_(Chin-Chin),307.38,5.91,36.59,10.85,1890.17,102.89,223.36,44.16
56,Female,73.5,1.6,Muscle Gain,Oatmeal,336.42,9.46,47.78,5.3,Red-Red_(Beans_and_Plantain_with_red_oil),495.0,34.0,52.0,20.0,Fufu_with_Light_Soup_with_Goat_Meat,783.0,40.0,78.0,13.0,Atsoomo_(Chin-Chin),307.38,5.91,36.59,10.85,1921.8,89.37,214.37,49.15
30,Male,65.6,1.75,Weight Loss,Tea/Milo/Coffee_with_bread,295.0,6.0,32.0,5.0,Waakye_and_Fish_with_egg,667.0,41.0,64.0,8.0,Banku_with_Okra_Soup,596.0,33.0,66.0,8.0,Nkatie_Cake_(Groundnut_Cake),342.0,11.0,19.0,12.0,1900.0,91.0,181.0,33.0
6,Female,33.5,1.0,Weight Loss,Rice_water_and_bread,273.0,7.0,50.0,3.0,Tuo_Zaafi_with_Meat_Stew,560.0,32.0,57.0,12.0,Banku_and_Tilapia_with_Hot_Pepper,455.0,44.0,63.0,11.0,Atsoomo_(Chin-Chin),307.38,5.91,36.59,10.85,1595.38,88.91,206.59,36.85
39,Female,64.1,1.57,Weight Loss,Oatmeal,336.42,9.46,47.78,5.3,Jollof_Rice_with_Chicken,619.2,39.43,64.97,13.31,Waakye_and_Fish_with_egg,644.0,38.0,65.0,8.0,Atsoomo_(Chin-Chin),307.38,5.91,36.59,10.85,1907.0,92.8,214.34,37.46
31,Female,67.0,1.62,Muscle Gain,Rice_water_and_bread,338.0,7.0,50.0,5.0,Fufu_with_Light_Soup_with_Goat_Meat,799.0,46.0,91.0,16.0,Jollof_Rice_with_Chicken,866.0,49.0,76.0,21.0,Atsoomo_(Chin-Chin),307.38,5.91,36.59,10.85,2310.38,107.91,253.59,52.85
7,Male,43.0,1.03,Muscle Gain,Oatmeal,336.42,9.46,47.78,5.3,Tuo_Zaafi_with_Meat_Stew,677.0,48.0,64.0,14.0,Jollof_Rice_with_Chicken,625.0,55.0,96.0,18.0,Kofi_Brokeman_(Roasted_Plantain_with_Groundnut),247.0,9.0,36.0,9.0,1885.42,121.46,243.78,46.3
52,Male,63.0,1.64,Weight Loss,White_porridge_and_bread,343.0,6.0,43.0,4.0,Jollof_Rice_with_Chicken,619.2,39.43,64.97,13.31,Kenkey_and_Fried_Fish_with_Hot_Pepper,666.0,35.0,48.0,16.0,Roasted/Boiled_Maize_with_Coconut,265.0,6.0,33.0,6.0,1893.2,86.43,188.97,39.31
39,Male,73.5,1.66,Muscle Gain,Rice_water_and_bread,380.0,8.0,57.0,5.0,Fufu_with_Light_Soup_with_Goat_Meat,694.0,45.0,79.0,14.0,Banku_and_Tilapia_with_Hot_Pepper,639.0,42.0,69.0,15.0,Atsoomo_(Chin-Chin),307.38,5.91,36.59,10.85,2020.38,100.91,241.59,44.85
66,Male,59.0,1.71,Weight Loss,White_porridge_and_bread,325.0,6.0,43.0,4.0,Angwamu_(Oil_Rice)_with_Hot_Pepper_and_Egg,539.0,26.0,55.0,15.0,Boiled_Plantain/Yam_and_Garden_egg_stew,542.0,18.0,57.0,6.0,Atsoomo_(Chin-Chin),307.38,5.91,36.59,10.85,1713.38,55.91,191.59,35.85
51,Male,59.6,1.72,Weight Loss,Oatmeal,282.0,12.0,37.0,4.0,Fufu_with_Light_Soup_with_Goat_Meat,607.0,33.0,71.0,11.0,Tuo_Zaafi_with_Meat_Stew,764.0,31.0,74.0,10.0,Atsoomo_(Chin-Chin),307.38,5.91,36.59,10.85,1960.38,81.91,218.59,35.85
76,Male,62.4,1.65,Weight Loss,Tea/Milo/Coffee_with_bread,280.0,5.0,39.0,4.0,Banku_and_Tilapia_with_Hot_Pepper,517.0,46.0,53.0,8.0,Kenkey_and_Fried_Fish_with_Hot_Pepper,503.0,40.0,48.0,14.0,Atsoomo_(Chin-Chin),307.38,5.91,36.59,10.85,1607.38,96.91,176.59,36.85
9,Female,39.5,1.07,Weight Loss,Koko_with_Bofroat_(corn_dough_porridge_with_buffloaf),293.0,10.0,49.0,8.0,Angwamu_(Oil_Rice)_with_Hot_Pepper_and_Egg,455.0,28.0,55.0,19.0,Banku_with_Okra_Soup,522.0,36.0,74.0,9.0,Atsoomo_(Chin-Chin),307.38,5.91,36.59,10.85,1577.38,79.91,214.59,46.85
23,Male,58.8,1.72,Weight Loss,Tom_Brown_and_bread,415.0,9.0,53.0,4.0,Angwamu_(Oil_Rice)_with_Hot_Pepper_and_Egg,691.0,24.0,52.0,18.0,Banku_and_Tilapia_with_Hot_Pepper,650.0,35.0,66.0,11.0,Atsoomo_(Chin-Chin),307.38,5.91,36.59,10.85,2063.38,73.91,207.59,43.85
44,Male,63.2,1.7,Weight Loss,Tea/Milo/Coffee_with_bread,289.0,6.0,36.0,5.0,Banku_with_Okra_Soup,755.0,37.0,67.0,9.0,Fufu_with_Light_Soup_with_Goat_Meat,811.0,34.0,62.0,10.0,Atsoomo_(Chin-Chin),307.38,5.91,36.59,10.85,2162.38,82.91,201.59,34.85
59,Male,59.7,1.64,Weight Loss,Tea/Milo/Coffee_with_bread,281.0,6.0,33.0,4.0,Waakye_and_Fish_with_egg,716.0,45.0,61.0,8.0,Banku_with_Okra_Soup,581.0,31.0,61.0,9.0,Atsoomo_(Chin-Chin),307.38,5.91,36.59,10.85,1885.38,87.91,191.59,31.85
10,Male,55.4,1.22,Muscle Gain,Hausa_Koko_(millet_porridge)_with_Koose,330.0,18.0,47.0,8.0,Tuo_Zaafi_with_Meat_Stew,685.0,46.0,71.0,14.0,Angwamu_(Oil_Rice)_with_Hot_Pepper_and_Egg,615.79,38.98,64.77,13.31,Atsoomo_(Chin-Chin),307.38,5.91,36.59,10.85,1938.17,108.89,219.36,46.16
49,Male,61.4,1.66,Weight Loss,Tea/Milo/Coffee_with_bread,335.0,5.0,37.0,6.0,Fufu_with_Light_Soup_with_Goat_Meat,742.0,34.0,67.0,10.0,Banku_and_Tilapia_with_Hot_Pepper,618.0,47.0,63.0,12.0,Atsoomo_(Chin-Chin),307.38,5.91,36.59,10.85,2002.38,91.91,203.59,38.85
29,Male,65.0,1.74,Weight Loss,Koko_with_Bofroat_(corn_dough_porridge_with_buffloaf),458.0,9.0,58.0,6.0,Kenkey_and_Fried_Fish_with_Hot_Pepper,664.0,42.0,54.0,15.0,Banku_with_Okra_Soup,684.0,28.0,70.0,8.0,Atsoomo_(Chin-Chin),307.38,5.91,36.59,10.85,2113.38,84.91,218.59,39.85
69,Male,77.4,1.66,Muscle Gain,Tea/Milo/Coffee_with_bread,344.0,6.0,37.0,5.0,Fufu_with_Light_Soup_with_Goat_Meat,620.0,45.0,89.0,10.0,Angwamu_(Oil_Rice)_with_Hot_Pepper_and_Egg,553.0,32.0,65.0,18.0,Atsoomo_(Chin-Chin),307.38,5.91,36.59,10.85,1824.38,88.91,227.59,43.85
56,Male,66.2,1.69,Weight Loss,Tom_Brown_and_bread,381.0,9.0,45.0,4.0,Jollof_Rice_with_Chicken,735.0,48.0,68.0,17.0,Kenkey_and_Fried_Fish_with_Hot_Pepper,611.0,39.0,49.0,13.0,Roasted/Boiled_Maize_with_Coconut,277.0,6.0,40.0,5.0,2004.0,102.0,202.0,39.0
77,Female,54.3,1.56,Weight Loss,Tea/Milo/Coffee_with_bread,282.0,6.0,36.0,4.0,Kenkey_and_Fried_Fish_with_Hot_Pepper,492.0,35.0,56.0,12.0,Tuo_Zaafi_with_Meat_Stew,598.0,29.0,76.0,9.0,Atsoomo_(Chin-Chin),307.38,5.91,36.59,10.85,1679.38,75.91,204.59,35.85
7,Female,34.0,1.0,Weight Loss,White_porridge_and_bread,251.0,6.0,42.0,4.0,Boiled_Plantain/Yam_and_Garden_egg_stew,361.0,20.0,55.0,8.0,Tuo_Zaafi_with_Meat_Stew,550.0,39.0,63.0,11.0,Atsoomo_(Chin-Chin),307.38,5.91,36.59,10.85,1469.38,70.91,196.59,33.85
39,Male,67.5,1.81,Weight Loss,Tea/Milo/Coffee_with_bread,339.0,5.0,33.0,6.0,Boiled_Plantain/Yam_and_Garden_egg_stew,475.0,19.0,51.0,7.0,Tuo_Zaafi_with_Meat_Stew,701.0,30.0,67.0,10.0,Atsoomo_(Chin-Chin),307.38,5.91,36.59,10.85,1822.38,59.91,187.59,33.85
12,Male,58.7,1.31,Muscle Gain,Rice_water_and_bread,261.0,10.0,59.0,4.0,Jollof_Rice_with_Chicken,619.2,39.43,64.97,13.31,Red-Red_(Beans_and_Plantain_with_red_oil),429.0,46.0,59.0,16.0,Atsoomo_(Chin-Chin),333.0,4.0,34.0,20.0,1642.2,99.43,216.97,53.31
27,Female,65.0,1.59,Muscle Gain,Tea/Milo/Coffee_with_bread,348.0,6.0,42.0,8.0,Jollof_Rice_with_Chicken,723.0,52.0,89.0,20.0,Plain_Rice_with_Chicken,627.0,49.0,60.0,17.0,Atsoomo_(Chin-Chin),307.38,5.91,36.59,10.85,2005.38,112.91,227.59,55.85
31,Male,79.2,1.74,Muscle Gain,Rice_water_and_bread,376.0,7.0,57.0,4.0,Boiled_Plantain/Yam_and_Garden_egg_stew,537.0,28.0,74.0,10.0,Tuo_Zaafi_with_Meat_Stew,792.0,42.0,85.0,15.0,Atsoomo_(Chin-Chin),307.38,5.91,36.59,10.85,2012.38,82.91,252.59,39.85
40,Female,65.1,1.55,Weight Loss,Tea/Milo/Coffee_with_bread,258.0,6.0,35.0,4.0,Waakye_and_Fish_with_egg,554.0,46.0,65.0,10.0,Boiled_Plantain/Yam_and_Garden_egg_stew,432.0,22.0,61.0,8.0,Atsoomo_(Chin-Chin),307.38,5.91,36.59,10.85,1551.38,79.91,197.59,32.85
14,Male,42.6,1.25,Weight Loss,Oatmeal,268.0,11.0,41.0,3.0,Jollof_Rice_with_Chicken,619.2,39.43,64.97,13.31,Angwamu_(Oil_Rice)_with_Hot_Pepper_and_Egg,615.79,38.98,64.77,13.31,Atsoomo_(Chin-Chin),307.38,5.91,36.59,10.85,1810.37,95.32,207.33,40.47
47,Female,53.1,1.57,Weight Loss,Oatmeal,282.0,9.0,41.0,4.0,Boiled_Plantain/Yam_and_Garden_egg_stew,471.0,18.0,51.0,7.0,Plain_Rice_with_Chicken,617.0,45.0,55.0,13.0,Atsoomo_(Chin-Chin),307.38,5.91,36.59,10.85,1677.38,77.91,183.59,34.85
46,Male,61.4,1.66,Weight Loss,Tom_Brown_and_bread,410.0,11.0,57.0,4.0,Waakye_and_Fish_with_egg,595.0,40.0,58.0,10.0,Jollof_Rice_with_Chicken,761.0,41.0,69.0,13.0,Atsoomo_(Chin-Chin),307.38,5.91,36.59,10.85,2073.38,97.91,220.59,37.85
25,Male,54.2,1.78,Weight Loss,White_porridge_and_bread,304.0,6.0,55.0,4.0,Waakye_and_Fish_with_egg,620.0,50.0,57.0,8.0,Angwamu_(Oil_Rice)_with_Hot_Pepper_and_Egg,615.79,38.98,64.77,13.31,Atsoomo_(Chin-Chin),307.38,5.91,36.59,10.85,1847.17,100.89,213.36,36.16
5,Male,30.1,1.0,Weight Loss,Koko_with_Bofroat_(corn_dough_porridge_with_buffloaf),374.0,13.0,50.0,8.0,Waakye_and_Fish_with_egg,509.0,50.0,53.0,8.0,Banku_with_Okra_Soup,489.0,44.0,70.0,8.0,Atsoomo_(Chin-Chin),307.38,5.91,36.59,10.85,1679.38,112.91,209.59,34.85
26,Male,79.9,1.77,Muscle Gain,Oatmeal,293.0,14.0,43.0,5.0,Waakye_and_Fish_with_egg,786.0,58.0,73.0,12.0,Angwamu_(Oil_Rice)_with_Hot_Pepper_and_Egg,619.0,31.0,64.0,21.0,Atsoomo_(Chin-Chin),474.0,3.0,39.0,18.0,2172.0,106.0,219.0,56.0
70,Female,56.4,1.6,Weight Loss,Tom_Brown_and_bread,336.0,8.0,53.0,4.0,Jollof_Rice_with_Chicken,619.2,39.43,64.97,13.31,Banku_with_Okra_Soup,595.0,27.0,63.0,6.0,Nkatie_Cake_(Groundnut_Cake),270.0,8.0,23.0,9.0,1820.2,82.43,203.97,32.31
35,Female,57.3,1.68,Weight Loss,Koko_with_Bofroat_(corn_dough_porridge_with_buffloaf),438.0,9.0,48.0,8.0,Angwamu_(Oil_Rice)_with_Hot_Pepper_and_Egg,493.0,25.0,58.0,17.0,Kenkey_and_Fried_Fish_with_Hot_Pepper,544.0,33.0,46.0,16.0,Atsoomo_(Chin-Chin),307.38,5.91,36.59,10.85,1782.38,72.91,188.59,51.85
22,Female,53.2,1.65,Weight Loss,Oatmeal,336.42,9.46,47.78,5.3,Jollof_Rice_with_Chicken,619.2,39.43,64.97,13.31,Fufu_with_Light_Soup_with_Goat_Meat,733.0,32.0,79.0,11.0,Atsoomo_(Chin-Chin),307.38,5.91,36.59,10.85,1996.0,86.8,228.34,40.46
22,Male,59.0,1.73,Weight Loss,Tom_Brown_and_bread,418.0,8.0,46.0,4.0,Kenkey_and_Fried_Fish_with_Hot_Pepper,662.0,31.0,52.0,16.0,Fufu_with_Light_Soup_with_Goat_Meat,796.0,41.0,76.0,9.0,Atsoomo_(Chin-Chin),389.0,4.0,27.0,16.0,2265.0,84.0,201.0,45.0
29,Female,67.2,1.5,Muscle Gain,Tea/Milo/Coffee_with_bread,324.0,7.0,36.0,6.0,Waakye_and_Fish_with_egg,602.0,43.0,61.0,13.0,Boiled_Plantain/Yam_and_Garden_egg_stew,456.0,20.0,63.0,8.0,Atsoomo_(Chin-Chin),307.38,5.91,36.59,10.85,1689.38,75.91,196.59,37.85
43,Female,63.4,1.69,Weight Loss,Tea/Milo/Coffee_with_bread,317.0,6.0,31.0,5.0,Banku_with_Okra_Soup,685.0,26.0,65.0,10.0,Waakye_and_Fish_with_egg,706.0,44.0,63.0,8.0,Plantain_Chips,301.0,3.0,45.0,9.0,2009.0,79.0,204.0,32.0
44,Male,79.0,1.69,Muscle Gain,Tom_Brown_and_bread,457.0,8.0,59.0,6.0,Red-Red_(Beans_and_Plantain_with_red_oil),557.0,36.0,60.0,18.0,Fufu_with_Light_Soup_with_Goat_Meat,790.0,45.0,83.0,15.0,Atsoomo_(Chin-Chin),444.0,4.0,37.0,20.0,2248.0,93.0,239.0,59.0
36,Male,59.9,1.7,Weight Loss,Koko_with_Bofroat_(corn_dough_porridge_with_buffloaf),487.0,12.0,50.0,8.0,Tuo_Zaafi_with_Meat_Stew,620.0,30.0,66.0,11.0,Kenkey_and_Fried_Fish_with_Hot_Pepper,712.0,35.0,48.0,15.0,Atsoomo_(Chin-Chin),421.0,3.0,32.0,15.0,2240.0,80.0,196.0,49.0
50,Female,74.8,1.6,Muscle Gain,Tom_Brown_and_bread,430.0,9.0,62.0,5.0,Banku_with_Okra_Soup,589.0,34.0,83.0,13.0,Boiled_Plantain/Yam_and_Garden_egg_stew,496.0,24.0,56.0,9.0,Atsoomo_(Chin-Chin),307.38,5.91,36.59,10.85,1822.38,72.91,237.59,37.85
43,Female,78.8,1.66,Muscle Gain,Oatmeal,336.42,9.46,47.78,5.3,Waakye_and_Fish_with_egg,645.0,44.0,71.0,12.0,Angwamu_(Oil_Rice)_with_Hot_Pepper_and_Egg,665.0,25.0,60.0,24.0,Atsoomo_(Chin-Chin),307.38,5.91,36.59,10.85,1953.8,84.37,215.37,52.15
62,Female,59.4,1.57,Weight Loss,White_porridge_and_bread,277.0,6.0,43.0,4.0,Kenkey_and_Fried_Fish_with_Hot_Pepper,569.0,30.0,59.0,13.0,Angwamu_(Oil_Rice)_with_Hot_Pepper_and_Egg,615.79,38.98,64.77,13.31,Atsoomo_(Chin-Chin),307.38,5.91,36.59,10.85,1769.17,80.89,203.36,41.16
76,Female,70.6,1.54,Muscle Gain,White_porridge_and_bread,358.0,7.0,59.0,5.0,Plain_Rice_with_Chicken,638.0,46.0,67.0,15.0,Waakye_and_Fish_with_egg,646.0,44.0,63.0,8.0,Nkatie_Cake_(Groundnut_Cake),281.0,12.0,22.0,15.0,1923.0,109.0,211.0,43.0
52,Male,71.4,1.71,Muscle Gain,Rice_water_and_bread,381.0,7.0,50.0,5.0,Angwamu_(Oil_Rice)_with_Hot_Pepper_and_Egg,719.0,32.0,60.0,18.0,Jollof_Rice_with_Chicken,757.0,56.0,89.0,19.0,Atsoomo_(Chin-Chin),425.0,3.0,35.0,20.0,2282.0,98.0,234.0,62.0
27,Female,74.8,1.55,Muscle Gain,Oatmeal,336.42,9.46,47.78,5.3,Red-Red_(Beans_and_Plantain_with_red_oil),510.0,38.0,62.0,17.0,Fufu_with_Light_Soup_with_Goat_Meat,699.0,38.0,91.0,14.0,Atsoomo_(Chin-Chin),307.38,5.91,36.59,10.85,1852.8,91.37,237.37,47.15
60,Female,78.4,1.52,Muscle Gain,Hausa_Koko_(millet_porridge)_with_Koose,328.0,12.0,44.0,8.0,Banku_and_Tilapia_with_Hot_Pepper,547.0,46.0,62.0,15.0,Plain_Rice_with_Chicken,613.0,57.0,61.0,16.0,Kofi_Brokeman_(Roasted_Plantain_with_Groundnut),262.0,7.0,44.0,10.0,1750.0,122.0,211.0,49.0
26,Male,80.2,1.78,Muscle Gain,Hausa_Koko_(millet_porridge)_with_Koose,415.0,14.0,49.0,8.0,Jollof_Rice_with_Chicken,814.0,55.0,84.0,19.0,Angwamu_(Oil_Rice)_with_Hot_Pepper_and_Egg,713.0,28.0,66.0,21.0,Agbelikaklo_with_Coconut,359.0,4.0,54.0,10.0,2301.0,101.0,253.0,58.0
43,Male,61.5,1.76,Weight Loss,Oatmeal,336.42,9.46,47.78,5.3,Fufu_with_Light_Soup_with_Goat_Meat,683.0,44.0,72.0,11.0,Banku_with_Okra_Soup,675.0,30.0,75.0,8.0,Nkatie_Cake_(Groundnut_Cake),363.0,11.0,25.0,13.0,2057.42,94.46,219.78,37.3
24,Female,68.3,1.63,Muscle Gain,Koko_with_Bofroat_(corn_dough_porridge_with_buffloaf),387.0,9.0,54.0,11.0,Kenkey_and_Fried_Fish_with_Hot_Pepper,706.0,43.0,53.0,17.0,Banku_with_Okra_Soup,591.0,36.0,63.0,11.0,Atsoomo_(Chin-Chin),307.38,5.91,36.59,10.85,1991.38,93.91,206.59,49.85
32,Male,71.0,1.74,Muscle Gain,Koko_with_Bofroat_(corn_dough_porridge_with_buffloaf),466.0,10.0,53.0,10.0,Fufu_with_Light_Soup_with_Goat_Meat,702.0,39.0,68.0,13.0,Plain_Rice_with_Chicken,880.0,61.0,76.0,18.0,Nkatie_Cake_(Groundnut_Cake),381.0,10.0,22.0,17.0,2429.0,120.0,219.0,58.0
6,Female,41.1,1.0,Muscle Gain,Tom_Brown_and_bread,325.0,10.0,63.0,6.0,Boiled_Plantain/Yam_and_Garden_egg_stew,404.0,30.0,62.0,10.0,Kenkey_and_Fried_Fish_with_Hot_Pepper,499.0,57.0,62.0,21.0,Atsoomo_(Chin-Chin),307.38,5.91,36.59,10.85,1535.38,102.91,223.59,47.85
82,Female,54.6,1.55,Weight Loss,White_porridge_and_bread,316.0,5.0,42.0,3.0,Tuo_Zaafi_with_Meat_Stew,532.0,34.0,62.0,8.0,Waakye_and_Fish_with_egg,536.0,46.0,61.0,8.0,Agbelikaklo_with_Coconut,268.0,4.0,48.0,5.0,1652.0,89.0,213.0,24.0
55,Male,79.4,1.61,Muscle Gain,Hausa_Koko_(millet_porridge)_with_Koose,389.0,15.0,40.0,9.0,Kenkey_and_Fried_Fish_with_Hot_Pepper,695.0,43.0,62.0,20.0,Angwamu_(Oil_Rice)_with_Hot_Pepper_and_Egg,715.0,34.0,58.0,21.0,Atsoomo_(Chin-Chin),307.38,5.91,36.59,10.85,2106.38,97.91,196.59,60.85
10,Male,56.3,1.21,Muscle Gain,Tom_Brown_and_bread,333.0,9.0,65.0,6.0,Angwamu_(Oil_Rice)_with_Hot_Pepper_and_Egg,454.0,39.0,60.0,20.0,Jollof_Rice_with_Chicken,597.0,63.0,78.0,21.0,Atsoomo_(Chin-Chin),307.38,5.91,36.59,10.85,1691.38,116.91,239.59,57.85
58,Female,79.9,1.63,Muscle Gain,Rice_water_and_bread,289.0,9.0,60.0,5.0,Plain_Rice_with_Chicken,608.0,46.0,66.0,17.0,Kenkey_and_Fried_Fish_with_Hot_Pepper,678.0,40.0,57.0,20.0,Atsoomo_(Chin-Chin),307.38,5.91,36.59,10.85,1882.38,100.91,219.59,52.85
34,Female,54.4,1.63,Weight Loss,Hausa_Koko_(millet_porridge)_with_Koose,304.0,11.0,41.0,5.0,Waakye_and_Fish_with_egg,621.0,40.0,55.0,10.0,Fufu_with_Light_Soup_with_Goat_Meat,649.0,31.0,80.0,12.0,Plantain_Chips,317.0,3.0,45.0,8.0,1891.0,85.0,221.0,35.0
84,Female,66.0,1.55,Muscle Gain,Tom_Brown_and_bread,346.0,10.0,59.0,5.0,Banku_with_Okra_Soup,628.0,39.0,75.0,9.0,Kenkey_and_Fried_Fish_with_Hot_Pepper,580.0,37.0,61.0,14.0,Nkatie_Cake_(Groundnut_Cake),322.0,10.0,25.0,13.0,1876.0,96.0,220.0,41.0
30,Male,64.8,1.76,Weight Loss,Hausa_Koko_(millet_porridge)_with_Koose,398.0,14.0,40.0,5.0,Waakye_and_Fish_with_egg,750.0,40.0,65.0,8.0,Boiled_Plantain/Yam_and_Garden_egg_stew,548.0,22.0,55.0,8.0,Roasted/Boiled_Maize_with_Coconut,293.0,6.0,33.0,6.0,1989.0,82.0,193.0,27.0
10,Male,43.9,1.21,Weight Loss,Tea/Milo/Coffee_with_bread,229.0,7.0,33.0,5.0,Plain_Rice_with_Chicken,525.0,49.0,66.0,15.0,Waakye_and_Fish_with_egg,517.0,60.0,69.0,9.0,Atsoomo_(Chin-Chin),307.38,5.91,36.59,10.85,1578.38,121.91,204.59,39.85
67,Female,57.2,1.6,Weight Loss,Tea/Milo/Coffee_with_bread,286.0,5.0,33.0,4.0,Banku_and_Tilapia_with_Hot_Pepper,575.0,43.0,50.0,8.0,Kenkey_and_Fried_Fish_with_Hot_Pepper,549.0,36.0,54.0,13.0,Atsoomo_(Chin-Chin),307.38,5.91,36.59,10.85,1717.38,89.91,173.59,35.85
35,Male,64.4,1.62,Weight Loss,Tea/Milo/Coffee_with_bread,353.0,5.0,31.0,5.0,Banku_with_Okra_Soup,629.0,36.0,72.0,9.0,Tuo_Zaafi_with_Meat_Stew,706.0,30.0,61.0,10.0,Atsoomo_(Chin-Chin),307.38,5.91,36.59,10.85,1995.38,76.91,200.59,34.85
75,Female,71.3,1.53,Muscle Gain,Rice_water_and_bread,278.0,8.0,52.0,4.0,Angwamu_(Oil_Rice)_with_Hot_Pepper_and_Egg,501.0,31.0,61.0,16.0,Kenkey_and_Fried_Fish_with_Hot_Pepper,566.0,39.0,67.0,14.0,Atsoomo_(Chin-Chin),307.38,5.91,36.59,10.85,1652.38,83.91,216.59,44.85
7,Male,44.3,1.06,Muscle Gain,White_porridge_and_bread,316.0,8.0,61.0,5.0,Kenkey_and_Fried_Fish_with_Hot_Pepper,577.0,56.0,64.0,20.0,Banku_with_Okra_Soup,563.0,44.0,69.0,10.0,Agbelikaklo_with_Coconut,250.0,4.0,49.0,9.0,1706.0,112.0,243.0,44.0
41,Male,61.2,1.69,Weight Loss,Oatmeal,326.0,9.0,36.0,4.0,Boiled_Plantain/Yam_and_Garden_egg_stew,598.0,24.0,54.0,8.0,Angwamu_(Oil_Rice)_with_Hot_Pepper_and_Egg,615.79,38.98,64.77,13.31,Atsoomo_(Chin-Chin),307.38,5.91,36.59,10.85,1847.17,77.89,191.36,36.16
15,Male,42.7,1.27,Weight Loss,Tea/Milo/Coffee_with_bread,224.0,7.0,36.0,7.0,Kenkey_and_Fried_Fish_with_Hot_Pepper,496.0,42.0,54.0,16.0,Red-Red_(Beans_and_Plantain_with_red_oil),447.0,34.0,54.0,13.0,Atsoomo_(Chin-Chin),307.38,5.91,36.59,10.85,1474.38,88.91,180.59,46.85
55,Male,56.0,1.77,Weight Loss,Tea/Milo/Coffee_with_bread,323.0,5.0,34.0,5.0,Tuo_Zaafi_with_Meat_Stew,635.0,37.0,59.0,10.0,Waakye_and_Fish_with_egg,753.0,46.0,58.0,9.0,Atsoomo_(Chin-Chin),307.38,5.91,36.59,10.85,2018.38,93.91,187.59,34.85
13,Male,38.3,1.23,Weight Loss,Tom_Brown_and_bread,321.0,11.0,48.0,4.0,Jollof_Rice_with_Chicken,619.2,39.43,64.97,13.31,Angwamu_(Oil_Rice)_with_Hot_Pepper_and_Egg,462.0,30.0,49.0,18.0,Atsoomo_(Chin-Chin),307.38,5.91,36.59,10.85,1709.58,86.34,198.56,46.16
27,Female,58.6,1.57,Weight Loss,White_porridge_and_bread,359.0,7.0,45.0,4.0,Banku_with_Okra_Soup,622.0,31.0,73.0,8.0,Fufu_with_Light_Soup_with_Goat_Meat,657.0,33.0,66.0,11.0,Atsoomo_(Chin-Chin),369.0,3.0,32.0,17.0,2007.0,74.0,216.0,40.0
38,Male,72.2,1.63,Muscle Gain,Tea/Milo/Coffee_with_bread,371.0,7.0,39.0,6.0,Jollof_Rice_with_Chicken,888.0,58.0,91.0,20.0,Tuo_Zaafi_with_Meat_Stew,820.0,40.0,64.0,11.0,Atsoomo_(Chin-Chin),307.38,5.91,36.59,10.85,2386.38,110.91,230.59,47.85
60,Male,69.0,1.68,Muscle Gain,Tom_Brown_and_bread,359.0,10.0,67.0,6.0,Fufu_with_Light_Soup_with_Goat_Meat,767.0,45.0,73.0,13.0,Jollof_Rice_with_Chicken,740.0,48.0,81.0,21.0,Atsoomo_(Chin-Chin),307.38,5.91,36.59,10.85,2173.38,108.91,257.59,50.85
7,Female,36.7,1.0,Weight Loss,Koko_with_Bofroat_(corn_dough_porridge_with_buffloaf),289.0,12.0,49.0,7.0,Jollof_Rice_with_Chicken,511.0,42.0,85.0,14.0,Tuo_Zaafi_with_Meat_Stew,484.0,37.0,58.0,11.0,Plantain_Chips,244.0,3.0,43.0,10.0,1528.0,94.0,235.0,42.0
76,Male,59.8,1.66,Weight Loss,Oatmeal,261.0,8.0,35.0,2.0,Angwamu_(Oil_Rice)_with_Hot_Pepper_and_Egg,589.0,30.0,56.0,16.0,Banku_and_Tilapia_with_Hot_Pepper,495.0,42.0,52.0,8.0,Atsoomo_(Chin-Chin),307.38,5.91,36.59,10.85,1652.38,85.91,179.59,36.85
11,Male,55.3,1.21,Muscle Gain,Tea/Milo/Coffee_with_bread,299.0,8.0,40.0,7.0,Red-Red_(Beans_and_Plantain_with_red_oil),554.0,43.0,49.0,16.0,Banku_with_Okra_Soup,521.0,44.0,79.0,11.0,Atsoomo_(Chin-Chin),307.38,5.91,36.59,10.85,1681.38,100.91,204.59,44.85
23,Male,63.2,1.64,Weight Loss,Tom_Brown_and_bread,438.0,9.0,55.0,4.0,Red-Red_(Beans_and_Plantain_with_red_oil),618.0,30.0,54.0,13.0,Tuo_Zaafi_with_Meat_Stew,743.0,38.0,61.0,9.0,Atsoomo_(Chin-Chin),307.38,5.91,36.59,10.85,2106.38,82.91,206.59,36.85
39,Female,63.1,1.66,Weight Loss,Tea/Milo/Coffee_with_bread,274.0,5.0,33.0,6.0,Jollof_Rice_with_Chicken,619.2,39.43,64.97,13.31,Angwamu_(Oil_Rice)_with_Hot_Pepper_and_Egg,615.79,38.98,64.77,13.31,Atsoomo_(Chin-Chin),307.38,5.91,36.59,10.85,1816.37,89.32,199.33,43.47
41,Male,73.8,1.61,Muscle Gain,Hausa_Koko_(millet_porridge)_with_Koose,387.0,15.0,41.0,8.0,Kenkey_and_Fried_Fish_with_Hot_Pepper,748.0,52.0,51.0,17.0,Angwamu_(Oil_Rice)_with_Hot_Pepper_and_Egg,598.0,32.0,66.0,24.0,Nkatie_Cake_(Groundnut_Cake),416.0,10.0,27.0,17.0,2149.0,109.0,185.0,66.0
10,Male,56.0,1.17,Muscle Gain,Oatmeal,275.0,15.0,40.0,4.0,Jollof_Rice_with_Chicken,660.0,60.0,84.0,21.0,Red-Red_(Beans_and_Plantain_with_red_oil),469.0,43.0,63.0,17.0,Atsoomo_(Chin-Chin),307.38,5.91,36.59,10.85,1711.38,123.91,223.59,52.85
37,Female,74.7,1.56,Muscle Gain,Rice_water_and_bread,284.0,8.0,56.0,4.0,Kenkey_and_Fried_Fish_with_Hot_Pepper,623.0,45.0,55.0,21.0,Banku_and_Tilapia_with_Hot_Pepper,727.0,42.0,68.0,16.0,Atsoomo_(Chin-Chin),307.38,5.91,36.59,10.85,1941.38,100.91,215.59,51.85
58,Female,78.6,1.66,Muscle Gain,Tom_Brown_and_bread,328.0,10.0,64.0,5.0,Fufu_with_Light_Soup_with_Goat_Meat,800.0,45.0,87.0,13.0,Plain_Rice_with_Chicken,773.0,52.0,61.0,16.0,Nkatie_Cake_(Groundnut_Cake),310.0,12.0,24.0,19.0,2211.0,119.0,236.0,53.0
66,Male,78.4,1.68,Muscle Gain,Oatmeal,336.42,9.46,47.78,5.3,Banku_with_Okra_Soup,601.0,39.0,69.0,11.0,Tuo_Zaafi_with_Meat_Stew,706.0,39.0,63.0,12.0,Atsoomo_(Chin-Chin),307.38,5.91,36.59,10.85,1950.8,93.37,216.37,39.15
25,Female,74.9,1.62,Muscle Gain,Hausa_Koko_(millet_porridge)_with_Koose,412.0,15.0,43.0,8.0,Jollof_Rice_with_Chicken,691.0,52.0,84.0,21.0,Angwamu_(Oil_Rice)_with_Hot_Pepper_and_Egg,661.0,25.0,61.0,19.0,Atsoomo_(Chin-Chin),365.0,4.0,39.0,19.0,2129.0,96.0,227.0,67.0
35,Male,65.5,1.75,Weight Loss,Hausa_Koko_(millet_porridge)_with_Koose,370.0,12.0,37.0,6.0,Kenkey_and_Fried_Fish_with_Hot_Pepper,592.0,44.0,54.0,17.0,Jollof_Rice_with_Chicken,662.0,49.0,70.0,14.0,Nkatie_Cake_(Groundnut_Cake),344.0,9.0,23.0,13.0,1968.0,114.0,184.0,50.0
14,Male,43.2,1.27,Weight Loss,Hausa_Koko_(millet_porridge)_with_Koose,339.0,15.0,35.0,6.0,Jollof_Rice_with_Chicken,619.2,39.43,64.97,13.31,Kenkey_and_Fried_Fish_with_Hot_Pepper,529.0,49.0,50.0,17.0,Atsoomo_(Chin-Chin),307.38,5.91,36.59,10.85,1794.58,109.34,186.56,47.16
41,Female,56.5,1.56,Weight Loss,Tom_Brown_and_bread,400.0,9.0,47.0,4.0,Boiled_Plantain/Yam_and_Garden_egg_stew,504.0,18.0,50.0,6.0,Tuo_Zaafi_with_Meat_Stew,622.0,35.0,75.0,8.0,Atsoomo_(Chin-Chin),307.38,5.91,36.59,10.85,1833.38,67.91,208.59,28.85
62,Female,68.8,1.57,Muscle Gain,Tom_Brown_and_bread,365.0,8.0,67.0,4.0,Fufu_with_Light_Soup_with_Goat_Meat,623.0,44.0,81.0,11.0,Kenkey_and_Fried_Fish_with_Hot_Pepper,584.0,36.0,65.0,16.0,Nkatie_Cake_(Groundnut_Cake),286.0,13.0,26.0,17.0,1858.0,101.0,239.0,48.0
10,Male,44.1,1.19,Weight Loss,Tom_Brown_and_bread,326.0,8.0,58.0,4.0,Boiled_Plantain/Yam_and_Garden_egg_stew,482.0,22.0,65.0,7.0,Jollof_Rice_with_Chicken,596.0,44.0,84.0,17.0,Atsoomo_(Chin-Chin),302.0,4.0,35.0,16.0,1706.0,78.0,242.0,44.0
51,Female,75.8,1.54,Muscle Gain,Tea/Milo/Coffee_with_bread,271.0,7.0,35.0,8.0,Red-Red_(Beans_and_Plantain_with_red_oil),546.0,31.0,50.0,17.0,Fufu_with_Light_Soup_with_Goat_Meat,779.0,42.0,69.0,15.0,Atsoomo_(Chin-Chin),307.38,5.91,36.59,10.85,1903.38,85.91,190.59,50.85
8,Male,39.3,1.1,Weight Loss,White_porridge_and_bread,293.0,8.0,44.0,4.0,Kenkey_and_Fried_Fish_with_Hot_Pepper,522.0,40.0,46.0,16.0,Angwamu_(Oil_Rice)_with_Hot_Pepper_and_Egg,615.79,38.98,64.77,13.31,Atsoomo_(Chin-Chin),307.38,5.91,36.59,10.85,1738.17,92.89,191.36,44.16
64,Female,72.7,1.59,Muscle Gain,Oatmeal,336.42,9.46,47.78,5.3,Jollof_Rice_with_Chicken,665.0,45.0,94.0,17.0,Fufu_with_Light_Soup_with_Goat_Meat,579.0,38.0,74.0,11.0,Atsoomo_(Chin-Chin),307.38,5.91,36.59,10.85,1887.8,98.37,252.37,44.15
79,Female,54.3,1.52,Weight Loss,Tea/Milo/Coffee_with_bread,250.0,5.0,36.0,4.0,Angwamu_(Oil_Rice)_with_Hot_Pepper_and_Egg,436.0,26.0,45.0,15.0,Banku_and_Tilapia_with_Hot_Pepper,566.0,42.0,53.0,10.0,Agbelikaklo_with_Coconut,229.0,5.0,45.0,4.0,1481.0,78.0,179.0,33.0
33,Male,78.4,1.71,Muscle Gain,Tea/Milo/Coffee_with_bread,343.0,7.0,35.0,9.0,Banku_with_Okra_Soup,618.0,39.0,73.0,12.0,Red-Red_(Beans_and_Plantain_with_red_oil),535.0,31.0,52.0,20.0,Atsoomo_(Chin-Chin),307.38,5.91,36.59,10.85,1803.38,82.91,196.59,51.85
24,Male,69.0,1.74,Weight Loss,Oatmeal,336.42,9.46,47.78,5.3,Banku_and_Tilapia_with_Hot_Pepper,716.0,40.0,64.0,12.0,Boiled_Plantain/Yam_and_Garden_egg_stew,587.0,22.0,51.0,6.0,Atsoomo_(Chin-Chin),307.38,5.91,36.59,10.85,1946.8,77.37,199.37,34.15
36,Male,77.7,1.71,Muscle Gain,Hausa_Koko_(millet_porridge)_with_Koose,394.0,15.0,44.0,8.0,Boiled_Plantain/Yam_and_Garden_egg_stew,646.0,22.0,70.0,9.0,Angwamu_(Oil_Rice)_with_Hot_Pepper_and_Egg,615.79,38.98,64.77,13.31,Kofi_Brokeman_(Roasted_Plantain_with_Groundnut),330.0,7.0,45.0,8.0,1985.79,82.98,223.77,38.31
82,Male,69.8,1.61,Muscle Gain,Rice_water_and_bread,311.0,7.0,54.0,4.0,Plain_Rice_with_Chicken,721.0,60.0,63.0,15.0,Angwamu_(Oil_Rice)_with_Hot_Pepper_and_Egg,601.0,36.0,52.0,16.0,Atsoomo_(Chin-Chin),357.0,3.0,39.0,17.0,1990.0,106.0,208.0,52.0
36,Female,54.4,1.57,Weight Loss,Hausa_Koko_(millet_porridge)_with_Koose,311.0,11.0,45.0,6.0,Jollof_Rice_with_Chicken,619.2,39.43,64.97,13.31,Waakye_and_Fish_with_egg,559.0,40.0,69.0,10.0,Atsoomo_(Chin-Chin),307.38,5.91,36.59,10.85,1796.58,96.34,215.56,40.16
35,Female,74.9,1.65,Muscle Gain,Koko_with_Bofroat_(corn_dough_porridge_with_buffloaf),415.0,12.0,58.0,9.0,Red-Red_(Beans_and_Plantain_with_red_oil),530.0,37.0,55.0,16.0,Tuo_Zaafi_with_Meat_Stew,699.0,40.0,71.0,14.0,Atsoomo_(Chin-Chin),307.38,5.91,36.59,10.85,1951.38,94.91,220.59,49.85
11,Male,45.2,1.23,Weight Loss,Koko_with_Bofroat_(corn_dough_porridge_with_buffloaf),355.0,11.0,49.0,8.0,Tuo_Zaafi_with_Meat_Stew,529.0,41.0,76.0,10.0,Boiled_Plantain/Yam_and_Garden_egg_stew,388.0,22.0,56.0,8.0,Atsoomo_(Chin-Chin),307.38,5.91,36.59,10.85,1579.38,79.91,217.59,36.85
14,Female,45.8,1.19,Muscle Gain,Hausa_Koko_(millet_porridge)_with_Koose,286.0,14.0,38.0,8.0,Jollof_Rice_with_Chicken,550.0,58.0,76.0,17.0,Angwamu_(Oil_Rice)_with_Hot_Pepper_and_Egg,615.79,38.98,64.77,13.31,Atsoomo_(Chin-Chin),307.38,5.91,36.59,10.85,1759.17,116.89,215.36,49.16
36,Female,56.1,1.6,Weight Loss,Oatmeal,279.0,9.0,35.0,3.0,Jollof_Rice_with_Chicken,694.0,45.0,74.0,16.0,Tuo_Zaafi_with_Meat_Stew,623.0,33.0,70.0,9.0,Atsoomo_(Chin-Chin),307.38,5.91,36.59,10.85,1903.38,92.91,215.59,38.85
51,Female,68.9,1.61,Muscle Gain,White_porridge_and_bread,339.0,8.0,49.0,5.0,Plain_Rice_with_Chicken,785.0,61.0,78.0,17.0,Banku_and_Tilapia_with_Hot_Pepper,592.0,39.0,58.0,14.0,Roasted/Boiled_Maize_with_Coconut,278.0,6.0,34.0,7.0,1994.0,114.0,219.0,43.0
35,Female,61.6,1.63,Weight Loss,Hausa_Koko_(millet_porridge)_with_Koose,299.0,11.0,41.0,6.0,Fufu_with_Light_Soup_with_Goat_Meat,573.0,30.0,75.0,9.0,Kenkey_and_Fried_Fish_with_Hot_Pepper,594.0,38.0,53.0,15.0,Atsoomo_(Chin-Chin),307.38,5.91,36.59,10.85,1773.38,84.91,205.59,40.85
29,Male,75.5,1.66,Muscle Gain,Rice_water_and_bread,389.0,9.0,59.0,5.0,Kenkey_and_Fried_Fish_with_Hot_Pepper,740.0,42.0,68.0,20.0,Red-Red_(Beans_and_Plantain_with_red_oil),658.0,37.0,47.0,16.0,Atsoomo_(Chin-Chin),307.38,5.91,36.59,10.85,2094.38,93.91,210.59,51.85
58,Male,60.0,1.76,Weight Loss,Tom_Brown_and_bread,441.0,8.0,57.0,4.0,Jollof_Rice_with_Chicken,832.0,37.0,72.0,16.0,Tuo_Zaafi_with_Meat_Stew,750.0,33.0,64.0,10.0,Atsoomo_(Chin-Chin),307.38,5.91,36.59,10.85,2330.38,83.91,229.59,40.85
37,Female,73.5,1.54,Muscle Gain,Tea/Milo/Coffee_with_bread,331.0,7.0,34.0,9.0,Angwamu_(Oil_Rice)_with_Hot_Pepper_and_Egg,530.0,30.0,66.0,19.0,Fufu_with_Light_Soup_with_Goat_Meat,657.0,45.0,75.0,15.0,Plantain_Chips,326.0,3.0,48.0,10.0,1844.0,85.0,223.0,53.0
76,Male,60.2,1.64,Weight Loss,Tom_Brown_and_bread,386.0,9.0,55.0,3.0,Jollof_Rice_with_Chicken,619.2,39.43,64.97,13.31,Jollof_Rice_with_Chicken,761.0,42.0,82.0,13.0,Atsoomo_(Chin-Chin),307.38,5.91,36.59,10.85,2073.58,96.34,238.56,40.16
49,Female,52.3,1.61,Weight Loss,Oatmeal,261.0,9.0,36.0,3.0,Angwamu_(Oil_Rice)_with_Hot_Pepper_and_Egg,543.0,26.0,56.0,15.0,Red-Red_(Beans_and_Plantain_with_red_oil),526.0,27.0,49.0,12.0,Atsoomo_(Chin-Chin),307.38,5.91,36.59,10.85,1637.38,67.91,177.59,40.85
25,Female,76.3,1.59,Muscle Gain,Rice_water_and_bread,348.0,8.0,58.0,5.0,Plain_Rice_with_Chicken,759.0,55.0,72.0,15.0,Jollof_Rice_with_Chicken,800.0,49.0,75.0,17.0,Atsoomo_(Chin-Chin),307.38,5.91,36.59,10.85,2214.38,117.91,241.59,47.85
6,Female,33.6,1.0,Weight Loss,Oatmeal,336.42,9.46,47.78,5.3,Angwamu_(Oil_Rice)_with_Hot_Pepper_and_Egg,504.0,32.0,54.0,16.0,Banku_and_Tilapia_with_Hot_Pepper,516.0,42.0,59.0,10.0,Atsoomo_(Chin-Chin),307.38,5.91,36.59,10.85,1663.8,89.37,197.37,42.15
20,Male,81.1,1.73,Muscle Gain,Oatmeal,369.0,10.0,41.0,4.0,Angwamu_(Oil_Rice)_with_Hot_Pepper_and_Egg,732.0,33.0,52.0,20.0,Boiled_Plantain/Yam_and_Garden_egg_stew,644.0,24.0,60.0,10.0,Atsoomo_(Chin-Chin),307.38,5.91,36.59,10.85,2052.38,72.91,189.59,44.85
7,Male,38.1,1.07,Weight Loss,Tom_Brown_and_bread,327.0,9.0,54.0,4.0,Banku_and_Tilapia_with_Hot_Pepper,475.0,47.0,63.0,11.0,Plain_Rice_with_Chicken,633.0,59.0,69.0,13.0,Nkatie_Cake_(Groundnut_Cake),300.0,11.0,21.0,12.0,1735.0,126.0,207.0,40.0
56,Female,66.5,1.57,Muscle Gain,Tea/Milo/Coffee_with_bread,343.0,6.0,35.0,7.0,Banku_and_Tilapia_with_Hot_Pepper,575.0,45.0,68.0,16.0,Tuo_Zaafi_with_Meat_Stew,756.0,43.0,84.0,13.0,Atsoomo_(Chin-Chin),307.38,5.91,36.59,10.85,1981.38,99.91,223.59,46.85
14,Female,35.9,1.15,Weight Loss,Oatmeal,336.42,9.46,47.78,5.3,Angwamu_(Oil_Rice)_with_Hot_Pepper_and_Egg,420.0,26.0,52.0,15.0,Banku_and_Tilapia_with_Hot_Pepper,491.0,43.0,60.0,12.0,Nkatie_Cake_(Groundnut_Cake),255.0,10.0,21.0,12.0,1502.42,88.46,180.78,44.3
13,Female,34.6,1.18,Weight Loss,Rice_water_and_bread,273.0,9.0,48.0,3.0,Banku_with_Okra_Soup,436.0,33.0,68.0,8.0,Waakye_and_Fish_with_egg,498.0,54.0,69.0,8.0,Atsoomo_(Chin-Chin),307.38,5.91,36.59,10.85,1514.38,101.91,221.59,29.85
41,Male,57.0,1.77,Weight Loss,White_porridge_and_bread,387.0,7.0,50.0,4.0,Jollof_Rice_with_Chicken,619.2,39.43,64.97,13.31,Tuo_Zaafi_with_Meat_Stew,766.0,33.0,63.0,12.0,Atsoomo_(Chin-Chin),307.38,5.91,36.59,10.85,2079.58,85.34,214.56,40.16
79,Male,60.4,1.61,Weight Loss,White_porridge_and_bread,278.0,6.0,44.0,3.0,Red-Red_(Beans_and_Plantain_with_red_oil),502.0,26.0,56.0,13.0,Jollof_Rice_with_Chicken,728.0,40.0,76.0,13.0,Atsoomo_(Chin-Chin),307.38,5.91,36.59,10.85,1815.38,77.91,212.59,39.85
48,Female,60.2,1.53,Weight Loss,Oatmeal,240.0,8.0,40.0,3.0,Red-Red_(Beans_and_Plantain_with_red_oil),535.0,27.0,45.0,13.0,Plain_Rice_with_Chicken,672.0,39.0,57.0,14.0,Atsoomo_(Chin-Chin),307.38,5.91,36.59,10.85,1754.38,79.91,178.59,40.85
72,Female,66.8,1.57,Muscle Gain,Rice_water_and_bread,273.0,9.0,60.0,3.0,Banku_with_Okra_Soup,672.0,39.0,71.0,10.0,Tuo_Zaafi_with_Meat_Stew,683.0,43.0,76.0,11.0,Plantain_Chips,249.0,3.0,46.0,9.0,1877.0,94.0,253.0,33.0
39,Female,52.6,1.61,Weight Loss,Tea/Milo/Coffee_with_bread,262.0,6.0,34.0,5.0,Banku_and_Tilapia_with_Hot_Pepper,636.0,41.0,54.0,11.0,Waakye_and_Fish_with_egg,696.0,46.0,63.0,8.0,Atsoomo_(Chin-Chin),307.38,5.91,36.59,10.85,1901.38,98.91,187.59,34.85
21,Female,67.6,1.55,Muscle Gain,White_porridge_and_bread,319.0,7.0,57.0,6.0,Boiled_Plantain/Yam_and_Garden_egg_stew,581.0,21.0,62.0,11.0,Waakye_and_Fish_with_egg,580.0,44.0,63.0,11.0,Atsoomo_(Chin-Chin),307.38,5.91,36.59,10.85,1787.38,77.91,218.59,38.85
52,Male,67.5,1.68,Weight Loss,Hausa_Koko_(millet_porridge)_with_Koose,352.0,14.0,35.0,5.0,Banku_and_Tilapia_with_Hot_Pepper,585.0,37.0,52.0,11.0,Fufu_with_Light_Soup_with_Goat_Meat,609.0,39.0,72.0,11.0,Roasted/Boiled_Maize_with_Coconut,270.0,5.0,30.0,5.0,1816.0,95.0,189.0,32.0
7,Male,34.9,1.05,Weight Loss,Tea/Milo/Coffee_with_bread,258.0,7.0,32.0,5.0,Angwamu_(Oil_Rice)_with_Hot_Pepper_and_Egg,440.0,27.0,49.0,16.0,Kenkey_and_Fried_Fish_with_Hot_Pepper,492.0,44.0,55.0,16.0,Atsoomo_(Chin-Chin),307.38,5.91,36.59,10.85,1497.38,83.91,172.59,47.85
43,Male,58.0,1.7,Weight Loss,Koko_with_Bofroat_(corn_dough_porridge_with_buffloaf),408.0,8.0,57.0,7.0,Angwamu_(Oil_Rice)_with_Hot_Pepper_and_Egg,613.0,25.0,61.0,16.0,Angwamu_(Oil_Rice)_with_Hot_Pepper_and_Egg,615.79,38.98,64.77,13.31,Atsoomo_(Chin-Chin),411.0,4.0,32.0,14.0,2047.79,75.98,214.77,50.31
24,Female,54.2,1.58,Weight Loss,Rice_water_and_bread,317.0,7.0,50.0,4.0,Plain_Rice_with_Chicken,652.0,45.0,55.0,13.0,Angwamu_(Oil_Rice)_with_Hot_Pepper_and_Egg,549.0,25.0,50.0,16.0,Agbelikaklo_with_Coconut,267.0,4.0,49.0,8.0,1785.0,81.0,204.0,41.0
56,Female,79.8,1.69,Muscle Gain,Rice_water_and_bread,315.0,8.0,50.0,5.0,Plain_Rice_with_Chicken,649.0,56.0,78.0,19.0,Jollof_Rice_with_Chicken,713.0,43.0,77.0,22.0,Roasted/Boiled_Maize_with_Coconut,299.0,7.0,42.0,7.0,1976.0,114.0,247.0,53.0
32,Male,63.9,1.78,Weight Loss,Hausa_Koko_(millet_porridge)_with_Koose,359.0,12.0,42.0,5.0,Jollof_Rice_with_Chicken,619.2,39.43,64.97,13.31,Jollof_Rice_with_Chicken,816.0,45.0,78.0,16.0,Atsoomo_(Chin-Chin),307.38,5.91,36.59,10.85,2101.58,102.34,221.56,45.16
24,Female,52.1,1.57,Weight Loss,Koko_with_Bofroat_(corn_dough_porridge_with_buffloaf),429.0,10.0,48.0,8.0,Plain_Rice_with_Chicken,608.0,47.0,72.0,12.0,Banku_and_Tilapia_with_Hot_Pepper,642.0,43.0,64.0,10.0,Atsoomo_(Chin-Chin),307.38,5.91,36.59,10.85,1986.38,105.91,220.59,40.85
32,Female,72.7,1.53,Muscle Gain,Oatmeal,336.42,9.46,47.78,5.3,Jollof_Rice_with_Chicken,700.0,44.0,84.0,20.0,Angwamu_(Oil_Rice)_with_Hot_Pepper_and_Egg,601.0,31.0,55.0,18.0,Atsoomo_(Chin-Chin),307.38,5.91,36.59,10.85,1944.8,90.37,223.37,54.15
42,Male,69.5,1.79,Weight Loss,Rice_water_and_bread,319.0,7.0,51.0,4.0,Jollof_Rice_with_Chicken,619.2,39.43,64.97,13.31,Waakye_and_Fish_with_egg,760.0,39.0,56.0,8.0,Atsoomo_(Chin-Chin),307.38,5.91,36.59,10.85,2005.58,91.34,208.56,36.16
38,Male,64.5,1.64,Weight Loss,Hausa_Koko_(millet_porridge)_with_Koose,336.0,14.0,42.0,5.0,Fufu_with_Light_Soup_with_Goat_Meat,702.0,38.0,74.0,13.0,Banku_and_Tilapia_with_Hot_Pepper,731.0,39.0,50.0,13.0,Atsoomo_(Chin-Chin),365.0,4.0,27.0,15.0,2134.0,95.0,193.0,46.0
39,Male,65.0,1.68,Weight Loss,Hausa_Koko_(millet_porridge)_with_Koose,435.0,12.0,36.0,5.0,Tuo_Zaafi_with_Meat_Stew,619.0,39.0,71.0,11.0,Banku_and_Tilapia_with_Hot_Pepper,557.0,40.0,64.0,12.0,Atsoomo_(Chin-Chin),307.38,5.91,36.59,10.85,1918.38,96.91,207.59,38.85
69,Male,63.4,1.68,Weight Loss,Tom_Brown_and_bread,310.0,9.0,53.0,3.0,Fufu_with_Light_Soup_with_Goat_Meat,568.0,42.0,68.0,9.0,Tuo_Zaafi_with_Meat_Stew,591.0,38.0,75.0,8.0,Atsoomo_(Chin-Chin),295.0,3.0,31.0,13.0,1764.0,92.0,227.0,33.0
64,Female,58.3,1.57,Weight Loss,Oatmeal,237.0,8.0,41.0,2.0,Tuo_Zaafi_with_Meat_Stew,593.0,35.0,69.0,8.0,Banku_and_Tilapia_with_Hot_Pepper,539.0,34.0,55.0,9.0,Atsoomo_(Chin-Chin),307.38,5.91,36.59,10.85,1676.38,82.91,201.59,29.85
62,Female,60.7,1.59,Weight Loss,Oatmeal,336.42,9.46,47.78,5.3,Kenkey_and_Fried_Fish_with_Hot_Pepper,505.0,31.0,45.0,12.0,Jollof_Rice_with_Chicken,601.0,41.0,74.0,11.0,Kofi_Brokeman_(Roasted_Plantain_with_Groundnut),263.0,8.0,36.0,5.0,1705.42,89.46,202.78,33.3
54,Male,56.0,1.72,Weight Loss,White_porridge_and_bread,326.0,7.0,50.0,4.0,Red-Red_(Beans_and_Plantain_with_red_oil),476.0,30.0,48.0,15.0,Angwamu_(Oil_Rice)_with_Hot_Pepper_and_Egg,615.79,38.98,64.77,13.31,Atsoomo_(Chin-Chin),420.0,3.0,33.0,14.0,1837.79,78.98,195.77,46.31
50,Male,84.3,1.73,Muscle Gain,Tea/Milo/Coffee_with_bread,324.0,6.0,42.0,7.0,Waakye_and_Fish_with_egg,762.0,60.0,80.0,13.0,Angwamu_(Oil_Rice)_with_Hot_Pepper_and_Egg,615.79,38.98,64.77,13.31,Atsoomo_(Chin-Chin),307.38,5.91,36.59,10.85,2009.17,110.89,223.36,44.16
20,Female,70.9,1.59,Muscle Gain,Oatmeal,336.42,9.46,47.78,5.3,Angwamu_(Oil_Rice)_with_Hot_Pepper_and_Egg,558.0,26.0,68.0,20.0,Jollof_Rice_with_Chicken,665.0,49.0,87.0,19.0,Atsoomo_(Chin-Chin),307.38,5.91,36.59,10.85,1866.8,90.37,239.37,55.15
45,Male,63.4,1.68,Weight Loss,Tom_Brown_and_bread,338.0,8.0,46.0,4.0,Boiled_Plantain/Yam_and_Garden_egg_stew,485.0,19.0,58.0,8.0,Tuo_Zaafi_with_Meat_Stew,594.0,33.0,64.0,12.0,Atsoomo_(Chin-Chin),307.38,5.91,36.59,10.85,1724.38,65.91,204.59,34.85
80,Female,54.6,1.56,Weight Loss,Hausa_Koko_(millet_porridge)_with_Koose,308.0,12.0,39.0,4.0,Angwamu_(Oil_Rice)_with_Hot_Pepper_and_Egg,492.0,24.0,50.0,16.0,Plain_Rice_with_Chicken,522.0,50.0,61.0,12.0,Atsoomo_(Chin-Chin),307.38,5.91,36.59,10.85,1629.38,91.91,186.59,42.85
51,Male,64.0,1.63,Weight Loss,Tom_Brown_and_bread,388.0,8.0,61.0,4.0,Kenkey_and_Fried_Fish_with_Hot_Pepper,675.0,38.0,53.0,17.0,Banku_and_Tilapia_with_Hot_Pepper,667.0,36.0,54.0,11.0,Roasted/Boiled_Maize_with_Coconut,247.0,6.0,36.0,6.0,1977.0,88.0,204.0,38.0
33,Female,54.7,1.68,Weight Loss,Oatmeal,285.0,10.0,45.0,3.0,Boiled_Plantain/Yam_and_Garden_egg_stew,474.0,17.0,59.0,7.0,Angwamu_(Oil_Rice)_with_Hot_Pepper_and_Egg,574.0,28.0,47.0,19.0,Atsoomo_(Chin-Chin),307.38,5.91,36.59,10.85,1640.38,60.91,187.59,39.85
25,Female,77.6,1.54,Muscle Gain,Oatmeal,336.42,9.46,47.78,5.3,Banku_with_Okra_Soup,654.0,33.0,81.0,13.0,Boiled_Plantain/Yam_and_Garden_egg_stew,464.0,22.0,59.0,9.0,Kofi_Brokeman_(Roasted_Plantain_with_Groundnut),278.0,7.0,39.0,10.0,1732.42,71.46,226.78,37.3
20,Female,76.1,1.6,Muscle Gain,Tom_Brown_and_bread,358.0,10.0,58.0,6.0,Boiled_Plantain/Yam_and_Garden_egg_stew,587.0,21.0,69.0,10.0,Jollof_Rice_with_Chicken,847.0,48.0,74.0,17.0,Atsoomo_(Chin-Chin),307.38,5.91,36.59,10.85,2099.38,84.91,237.59,43.85
46,Female,70.1,1.64,Muscle Gain,White_porridge_and_bread,300.0,8.0,51.0,5.0,Jollof_Rice_with_Chicken,849.0,40.0,81.0,19.0,Banku_and_Tilapia_with_Hot_Pepper,596.0,43.0,70.0,12.0,Atsoomo_(Chin-Chin),307.38,5.91,36.59,10.85,2052.38,96.91,238.59,46.85
78,Female,58.2,1.55,Weight Loss,White_porridge_and_bread,281.0,7.0,52.0,3.0,Plain_Rice_with_Chicken,655.0,49.0,64.0,12.0,Red-Red_(Beans_and_Plantain_with_red_oil),441.0,27.0,53.0,10.0,Atsoomo_(Chin-Chin),307.38,5.91,36.59,10.85,1684.38,88.91,205.59,35.85
16,Male,54.1,1.31,Muscle Gain,White_porridge_and_bread,276.0,8.0,53.0,6.0,Waakye_and_Fish_with_egg,672.0,55.0,77.0,13.0,Fufu_with_Light_Soup_with_Goat_Meat,675.0,58.0,84.0,16.0,Kofi_Brokeman_(Roasted_Plantain_with_Groundnut),224.0,8.0,43.0,9.0,1847.0,129.0,257.0,44.0
26,Female,56.9,1.63,Weight Loss,Koko_with_Bofroat_(corn_dough_porridge_with_buffloaf),394.0,9.0,45.0,8.0,Kenkey_and_Fried_Fish_with_Hot_Pepper,506.0,37.0,50.0,14.0,Fufu_with_Light_Soup_with_Goat_Meat,667.0,36.0,69.0,10.0,Atsoomo_(Chin-Chin),307.38,5.91,36.59,10.85,1874.38,87.91,200.59,42.85
75,Female,66.5,1.56,Muscle Gain,Oatmeal,258.0,12.0,38.0,3.0,Jollof_Rice_with_Chicken,619.2,39.43,64.97,13.31,Fufu_with_Light_Soup_with_Goat_Meat,728.0,45.0,90.0,11.0,Atsoomo_(Chin-Chin),307.38,5.91,36.59,10.85,1912.58,102.34,229.56,38.16
27,Male,66.3,1.75,Weight Loss,Rice_water_and_bread,339.0,8.0,52.0,3.0,Banku_and_Tilapia_with_Hot_Pepper,680.0,41.0,65.0,12.0,Angwamu_(Oil_Rice)_with_Hot_Pepper_and_Egg,564.0,29.0,54.0,17.0,Atsoomo_(Chin-Chin),414.0,4.0,27.0,17.0,1997.0,82.0,198.0,49.0
22,Male,81.8,1.78,Muscle Gain,Tom_Brown_and_bread,376.0,9.0,63.0,6.0,Kenkey_and_Fried_Fish_with_Hot_Pepper,722.0,39.0,53.0,18.0,Angwamu_(Oil_Rice)_with_Hot_Pepper_and_Egg,742.0,27.0,55.0,22.0,Atsoomo_(Chin-Chin),307.38,5.91,36.59,10.85,2147.38,80.91,207.59,56.85
22,Male,57.0,1.64,Weight Loss,Koko_with_Bofroat_(corn_dough_porridge_with_buffloaf),376.0,11.0,54.0,7.0,Banku_with_Okra_Soup,710.0,29.0,69.0,9.0,Kenkey_and_Fried_Fish_with_Hot_Pepper,713.0,41.0,56.0,16.0,Atsoomo_(Chin-Chin),307.38,5.91,36.59,10.85,2106.38,86.91,215.59,42.85
19,Female,61.9,1.59,Weight Loss,Hausa_Koko_(millet_porridge)_with_Koose,397.0,11.0,45.0,6.0,Plain_Rice_with_Chicken,585.0,44.0,63.0,15.0,Boiled_Plantain/Yam_and_Garden_egg_stew,481.0,21.0,57.0,8.0,Atsoomo_(Chin-Chin),307.38,5.91,36.59,10.85,1770.38,81.91,201.59,39.85
59,Male,72.7,1.64,Muscle Gain,Oatmeal,321.0,10.0,38.0,5.0,Plain_Rice_with_Chicken,819.0,52.0,72.0,15.0,Red-Red_(Beans_and_Plantain_with_red_oil),645.0,31.0,58.0,18.0,Roasted/Boiled_Maize_with_Coconut,304.0,7.0,43.0,7.0,2089.0,100.0,211.0,45.0
37,Female,59.3,1.56,Weight Loss,Oatmeal,336.42,9.46,47.78,5.3,Fufu_with_Light_Soup_with_Goat_Meat,594.0,33.0,72.0,11.0,Angwamu_(Oil_Rice)_with_Hot_Pepper_and_Egg,615.79,38.98,64.77,13.31,Atsoomo_(Chin-Chin),307.38,5.91,36.59,10.85,1853.59,87.35,221.14,40.46
52,Male,83.9,1.72,Muscle Gain,Tea/Milo/Coffee_with_bread,368.0,7.0,42.0,7.0,Kenkey_and_Fried_Fish_with_Hot_Pepper,597.0,52.0,51.0,17.0,Jollof_Rice_with_Chicken,852.0,57.0,76.0,18.0,Atsoomo_(Chin-Chin),307.38,5.91,36.59,10.85,2124.38,121.91,205.59,52.85
77,Male,62.1,1.65,Weight Loss,Tea/Milo/Coffee_with_bread,289.0,6.0,35.0,4.0,Tuo_Zaafi_with_Meat_Stew,641.0,36.0,60.0,9.0,Angwamu_(Oil_Rice)_with_Hot_Pepper_and_Egg,470.0,23.0,59.0,16.0,Atsoomo_(Chin-Chin),307.38,5.91,36.59,10.85,1707.38,70.91,190.59,39.85
80,Male,59.3,1.62,Weight Loss,Rice_water_and_bread,326.0,6.0,46.0,2.0,Banku_with_Okra_Soup,638.0,27.0,59.0,8.0,Jollof_Rice_with_Chicken,662.0,48.0,66.0,12.0,Kofi_Brokeman_(Roasted_Plantain_with_Groundnut),244.0,6.0,32.0,6.0,1870.0,87.0,203.0,28.0
82,Male,60.2,1.63,Weight Loss,Oatmeal,257.0,11.0,34.0,3.0,Kenkey_and_Fried_Fish_with_Hot_Pepper,530.0,38.0,54.0,12.0,Red-Red_(Beans_and_Plantain_with_red_oil),490.0,33.0,52.0,10.0,Agbelikaklo_with_Coconut,325.0,4.0,43.0,5.0,1602.0,86.0,183.0,30.0
30,Male,84.7,1.73,Muscle Gain,White_porridge_and_bread,334.0,7.0,57.0,6.0,Red-Red_(Beans_and_Plantain_with_red_oil),610.0,40.0,50.0,20.0,Banku_and_Tilapia_with_Hot_Pepper,618.0,54.0,63.0,16.0,Atsoomo_(Chin-Chin),307.38,5.91,36.59,10.85,1869.38,106.91,206.59,52.85
58,Male,72.9,1.63,Muscle Gain,Hausa_Koko_(millet_porridge)_with_Koose,389.0,13.0,46.0,8.0,Waakye_and_Fish_with_egg,794.0,56.0,66.0,12.0,Kenkey_and_Fried_Fish_with_Hot_Pepper,728.0,48.0,65.0,20.0,Atsoomo_(Chin-Chin),307.38,5.91,36.59,10.85,2218.38,122.91,213.59,50.85
55,Male,69.1,1.74,Muscle Gain,Koko_with_Bofroat_(corn_dough_porridge_with_buffloaf),486.0,10.0,64.0,9.0,Banku_and_Tilapia_with_Hot_Pepper,734.0,55.0,64.0,15.0,Red-Red_(Beans_and_Plantain_with_red_oil),694.0,36.0,57.0,18.0,Atsoomo_(Chin-Chin),307.38,5.91,36.59,10.85,2221.38,106.91,221.59,52.85
8,Male,40.3,1.06,Weight Loss,Tom_Brown_and_bread,343.0,11.0,46.0,4.0,Fufu_with_Light_Soup_with_Goat_Meat,565.0,41.0,65.0,10.0,Angwamu_(Oil_Rice)_with_Hot_Pepper_and_Egg,615.79,38.98,64.77,13.31,Kofi_Brokeman_(Roasted_Plantain_with_Groundnut),264.0,8.0,35.0,8.0,1787.79,98.98,210.77,35.31
23,Male,75.9,1.71,Muscle Gain,Tea/Milo/Coffee_with_bread,323.0,7.0,44.0,6.0,Boiled_Plantain/Yam_and_Garden_egg_stew,621.0,21.0,60.0,9.0,Jollof_Rice_with_Chicken,842.0,58.0,91.0,18.0,Atsoomo_(Chin-Chin),307.38,5.91,36.59,10.85,2093.38,91.91,231.59,43.85
52,Female,66.0,1.58,Muscle Gain,Rice_water_and_bread,300.0,8.0,57.0,4.0,Waakye_and_Fish_with_egg,581.0,48.0,78.0,10.0,Jollof_Rice_with_Chicken,818.0,51.0,79.0,22.0,Atsoomo_(Chin-Chin),307.38,5.91,36.59,10.85,2006.38,112.91,250.59,46.85
16,Male,58.2,1.3,Muscle Gain,Oatmeal,290.0,13.0,49.0,4.0,Waakye_and_Fish_with_egg,514.0,66.0,64.0,11.0,Tuo_Zaafi_with_Meat_Stew,607.0,43.0,83.0,13.0,Atsoomo_(Chin-Chin),300.0,4.0,39.0,21.0,1711.0,126.0,235.0,49.0
19,Female,54.8,1.59,Weight Loss,Oatmeal,305.0,10.0,35.0,3.0,Kenkey_and_Fried_Fish_with_Hot_Pepper,584.0,30.0,55.0,17.0,Fufu_with_Light_Soup_with_Goat_Meat,580.0,34.0,62.0,10.0,Atsoomo_(Chin-Chin),307.38,5.91,36.59,10.85,1776.38,79.91,188.59,40.85
13,Female,42.6,1.17,Muscle Gain,Oatmeal,273.0,14.0,42.0,5.0,Banku_with_Okra_Soup,606.0,40.0,76.0,13.0,Banku_and_Tilapia_with_Hot_Pepper,443.0,54.0,65.0,13.0,Atsoomo_(Chin-Chin),277.0,3.0,34.0,21.0,1599.0,111.0,217.0,52.0
54,Male,81.3,1.67,Muscle Gain,Oatmeal,356.0,13.0,50.0,4.0,Banku_and_Tilapia_with_Hot_Pepper,748.0,42.0,69.0,13.0,Waakye_and_Fish_with_egg,762.0,60.0,71.0,13.0,Atsoomo_(Chin-Chin),307.38,5.91,36.59,10.85,2173.38,120.91,226.59,40.85
26,Male,83.2,1.67,Muscle Gain,Oatmeal,370.0,10.0,50.0,5.0,Waakye_and_Fish_with_egg,639.0,49.0,70.0,10.0,Boiled_Plantain/Yam_and_Garden_egg_stew,661.0,21.0,69.0,11.0,Agbelikaklo_with_Coconut,338.0,6.0,45.0,9.0,2008.0,86.0,234.0,35.0
21,Male,60.4,1.73,Weight Loss,Tea/Milo/Coffee_with_bread,335.0,5.0,38.0,6.0,Fufu_with_Light_Soup_with_Goat_Meat,756.0,39.0,67.0,10.0,Banku_and_Tilapia_with_Hot_Pepper,568.0,36.0,61.0,11.0,Roasted/Boiled_Maize_with_Coconut,290.0,5.0,34.0,5.0,1949.0,85.0,200.0,32.0
10,Male,54.9,1.21,Muscle Gain,Oatmeal,336.42,9.46,47.78,5.3,Kenkey_and_Fried_Fish_with_Hot_Pepper,609.0,55.0,68.0,21.0,Waakye_and_Fish_with_egg,665.0,72.0,80.0,10.0,Atsoomo_(Chin-Chin),307.38,5.91,36.59,10.85,1917.8,142.37,232.37,47.15
5,Male,30,1.0,Weight Loss,Oatmeal,336.42,9.46,47.78,5.3,Banku_and_Tilapia_with_Hot_Pepper,543.0,53.0,60.0,10.0,Waakye_and_Fish_with_egg,502.0,48.0,55.0,9.0,Atsoomo_(Chin-Chin),307.38,5.91,36.59,10.85,1688.8,116.37,199.37,35.15
23,Male,76.7,1.72,Muscle Gain,Oatmeal,336.42,9.46,47.78,5.3,Jollof_Rice_with_Chicken,619.2,39.43,64.97,13.31,Boiled_Plantain/Yam_and_Garden_egg_stew,546.0,22.0,58.0,9.0,Atsoomo_(Chin-Chin),307.38,5.91,36.59,10.85,1809.0,76.8,207.34,38.46
40,Male,81.3,1.59,Muscle Gain,Oatmeal,336.42,9.46,47.78,5.3,Banku_and_Tilapia_with_Hot_Pepper,799.0,48.0,72.0,17.0,Kenkey_and_Fried_Fish_with_Hot_Pepper,642.0,39.0,57.0,22.0,Kofi_Brokeman_(Roasted_Plantain_with_Groundnut),370.0,8.0,43.0,10.0,2147.42,104.46,219.78,54.3
71,Male,59.3,1.64,Weight Loss,Tom_Brown_and_bread,391.0,11.0,50.0,4.0,Angwamu_(Oil_Rice)_with_Hot_Pepper_and_Egg,517.0,29.0,52.0,15.0,Banku_and_Tilapia_with_Hot_Pepper,639.0,39.0,66.0,8.0,Atsoomo_(Chin-Chin),307.38,5.91,36.59,10.85,1854.38,84.91,204.59,37.85
53,Male,73.7,1.77,Muscle Gain,Rice_water_and_bread,376.0,10.0,48.0,4.0,Fufu_with_Light_Soup_with_Goat_Meat,695.0,44.0,83.0,15.0,Jollof_Rice_with_Chicken,727.0,57.0,72.0,21.0,Atsoomo_(Chin-Chin),307.38,5.91,36.59,10.85,2105.38,116.91,239.59,50.85
66,Male,63.9,1.67,Weight Loss,Tom_Brown_and_bread,332.0,9.0,51.0,4.0,Tuo_Zaafi_with_Meat_Stew,664.0,39.0,76.0,8.0,Fufu_with_Light_Soup_with_Goat_Meat,625.0,36.0,63.0,8.0,Atsoomo_(Chin-Chin),307.38,5.91,36.59,10.85,1928.38,89.91,226.59,30.85
25,Female,59.4,1.69,Weight Loss,Oatmeal,306.0,11.0,45.0,4.0,Fufu_with_Light_Soup_with_Goat_Meat,687.0,34.0,61.0,9.0,Waakye_and_Fish_with_egg,676.0,48.0,68.0,9.0,Atsoomo_(Chin-Chin),307.38,5.91,36.59,10.85,1976.38,98.91,210.59,32.85
56,Female,74.1,1.58,Muscle Gain,White_porridge_and_bread,393.0,8.0,62.0,5.0,Banku_and_Tilapia_with_Hot_Pepper,666.0,45.0,64.0,13.0,Red-Red_(Beans_and_Plantain_with_red_oil),515.0,34.0,49.0,17.0,Atsoomo_(Chin-Chin),307.38,5.91,36.59,10.85,1881.38,92.91,211.59,45.85
82,Female,57.2,1.52,Weight Loss,Oatmeal,216.0,9.0,35.0,2.0,Banku_and_Tilapia_with_Hot_Pepper,469.0,42.0,50.0,10.0,Jollof_Rice_with_Chicken,627.0,40.0,81.0,12.0,Kofi_Brokeman_(Roasted_Plantain_with_Groundnut),209.0,6.0,37.0,5.0,1521.0,97.0,203.0,29.0
45,Male,65.7,1.6,Weight Loss,Hausa_Koko_(millet_porridge)_with_Koose,393.0,13.0,36.0,5.0,Waakye_and_Fish_with_egg,650.0,45.0,63.0,8.0,Kenkey_and_Fried_Fish_with_Hot_Pepper,562.0,31.0,57.0,15.0,Agbelikaklo_with_Coconut,282.0,4.0,44.0,8.0,1887.0,93.0,200.0,36.0
48,Male,73.7,1.72,Muscle Gain,Rice_water_and_bread,401.0,8.0,59.0,5.0,Tuo_Zaafi_with_Meat_Stew,805.0,46.0,77.0,15.0,Waakye_and_Fish_with_egg,752.0,61.0,78.0,11.0,Atsoomo_(Chin-Chin),307.38,5.91,36.59,10.85,2265.38,120.91,250.59,41.85
43,Female,57.5,1.5,Weight Loss,Koko_with_Bofroat_(corn_dough_porridge_with_buffloaf),454.0,10.0,46.0,8.0,Angwamu_(Oil_Rice)_with_Hot_Pepper_and_Egg,614.0,28.0,54.0,19.0,Fufu_with_Light_Soup_with_Goat_Meat,737.0,32.0,64.0,10.0,Atsoomo_(Chin-Chin),307.38,5.91,36.59,10.85,2112.38,75.91,200.59,47.85
51,Male,77.1,1.77,Muscle Gain,Tea/Milo/Coffee_with_bread,287.0,6.0,38.0,8.0,Angwamu_(Oil_Rice)_with_Hot_Pepper_and_Egg,707.0,36.0,58.0,23.0,Jollof_Rice_with_Chicken,898.0,46.0,83.0,22.0,Atsoomo_(Chin-Chin),307.38,5.91,36.59,10.85,2199.38,93.91,215.59,63.85
10,Female,38.6,1.12,Weight Loss,Oatmeal,241.0,12.0,35.0,4.0,Kenkey_and_Fried_Fish_with_Hot_Pepper,498.0,36.0,54.0,17.0,Plain_Rice_with_Chicken,514.0,61.0,62.0,14.0,Atsoomo_(Chin-Chin),307.38,5.91,36.59,10.85,1560.38,114.91,187.59,45.85
31,Male,67.1,1.77,Weight Loss,Tom_Brown_and_bread,356.0,8.0,52.0,4.0,Jollof_Rice_with_Chicken,746.0,48.0,69.0,13.0,Banku_with_Okra_Soup,710.0,33.0,60.0,8.0,Agbelikaklo_with_Coconut,332.0,4.0,49.0,7.0,2144.0,93.0,230.0,32.0
30,Male,62.9,1.75,Weight Loss,Koko_with_Bofroat_(corn_dough_porridge_with_buffloaf),379.0,8.0,59.0,7.0,Boiled_Plantain/Yam_and_Garden_egg_stew,563.0,20.0,59.0,8.0,Jollof_Rice_with_Chicken,683.0,48.0,73.0,16.0,Plantain_Chips,319.0,3.0,34.0,8.0,1944.0,79.0,225.0,39.0
5,Male,30,1.0,Weight Loss,Oatmeal,243.0,13.0,43.0,3.0,Banku_and_Tilapia_with_Hot_Pepper,435.0,56.0,58.0,12.0,Jollof_Rice_with_Chicken,565.0,57.0,65.0,15.0,Kofi_Brokeman_(Roasted_Plantain_with_Groundnut),237.0,8.0,35.0,6.0,1480.0,134.0,201.0,36.0
7,Male,33.8,1.02,Weight Loss,Tom_Brown_and_bread,338.0,9.0,54.0,4.0,Plain_Rice_with_Chicken,523.0,63.0,54.0,13.0,Banku_with_Okra_Soup,570.0,41.0,60.0,8.0,Atsoomo_(Chin-Chin),307.38,5.91,36.59,10.85,1738.38,118.91,204.59,35.85
17,Male,57.7,1.33,Muscle Gain,Koko_with_Bofroat_(corn_dough_porridge_with_buffloaf),414.0,10.0,63.0,11.0,Red-Red_(Beans_and_Plantain_with_red_oil),474.0,39.0,51.0,17.0,Angwamu_(Oil_Rice)_with_Hot_Pepper_and_Egg,615.79,38.98,64.77,13.31,Atsoomo_(Chin-Chin),307.38,5.91,36.59,10.85,1811.17,93.89,215.36,52.16
38,Female,56.9,1.54,Weight Loss,Koko_with_Bofroat_(corn_dough_porridge_with_buffloaf),348.0,11.0,47.0,7.0,Kenkey_and_Fried_Fish_with_Hot_Pepper,574.0,39.0,51.0,13.0,Angwamu_(Oil_Rice)_with_Hot_Pepper_and_Egg,600.0,23.0,54.0,16.0,Atsoomo_(Chin-Chin),307.38,5.91,36.59,10.85,1829.38,78.91,188.59,46.85
10,Male,42.5,1.18,Weight Loss,Tom_Brown_and_bread,273.0,8.0,58.0,4.0,Tuo_Zaafi_with_Meat_Stew,548.0,41.0,75.0,9.0,Banku_with_Okra_Soup,481.0,40.0,66.0,9.0,Atsoomo_(Chin-Chin),307.38,5.91,36.59,10.85,1609.38,94.91,235.59,32.85
11,Female,45.5,1.17,Weight Loss,Rice_water_and_bread,255.0,8.0,54.0,4.0,Jollof_Rice_with_Chicken,619.2,39.43,64.97,13.31,Waakye_and_Fish_with_egg,562.0,57.0,55.0,8.0,Nkatie_Cake_(Groundnut_Cake),292.0,10.0,25.0,12.0,1728.2,114.43,198.97,37.31
24,Male,64.5,1.77,Weight Loss,White_porridge_and_bread,403.0,7.0,45.0,4.0,Jollof_Rice_with_Chicken,697.0,49.0,65.0,16.0,Kenkey_and_Fried_Fish_with_Hot_Pepper,710.0,38.0,49.0,17.0,Atsoomo_(Chin-Chin),307.38,5.91,36.59,10.85,2117.38,99.91,195.59,47.85
7,Male,36.7,1.01,Weight Loss,Hausa_Koko_(millet_porridge)_with_Koose,316.0,15.0,41.0,6.0,Plain_Rice_with_Chicken,616.0,52.0,58.0,12.0,Banku_with_Okra_Soup,543.0,37.0,67.0,8.0,Atsoomo_(Chin-Chin),307.38,5.91,36.59,10.85,1782.38,109.91,202.59,36.85
31,Female,51.9,1.59,Weight Loss,Tom_Brown_and_bread,332.0,8.0,59.0,4.0,Angwamu_(Oil_Rice)_with_Hot_Pepper_and_Egg,631.0,26.0,61.0,16.0,Tuo_Zaafi_with_Meat_Stew,636.0,29.0,63.0,9.0,Agbelikaklo_with_Coconut,259.0,5.0,42.0,8.0,1858.0,68.0,225.0,37.0
63,Male,76.8,1.67,Muscle Gain,Koko_with_Bofroat_(corn_dough_porridge_with_buffloaf),404.0,13.0,52.0,7.0,Jollof_Rice_with_Chicken,871.0,52.0,89.0,16.0,Kenkey_and_Fried_Fish_with_Hot_Pepper,541.0,39.0,55.0,14.0,Agbelikaklo_with_Coconut,358.0,4.0,56.0,9.0,2174.0,108.0,252.0,46.0
64,Female,70.4,1.61,Muscle Gain,Tom_Brown_and_bread,374.0,8.0,62.0,5.0,Angwamu_(Oil_Rice)_with_Hot_Pepper_and_Egg,602.0,28.0,66.0,18.0,Banku_with_Okra_Soup,547.0,33.0,84.0,11.0,Atsoomo_(Chin-Chin),307.38,5.91,36.59,10.85,1830.38,74.91,248.59,44.85
80,Female,57.4,1.53,Weight Loss,Hausa_Koko_(millet_porridge)_with_Koose,328.0,11.0,38.0,4.0,Plain_Rice_with_Chicken,638.0,44.0,70.0,12.0,Fufu_with_Light_Soup_with_Goat_Meat,579.0,33.0,81.0,9.0,Atsoomo_(Chin-Chin),307.38,5.91,36.59,10.85,1852.38,93.91,225.59,35.85
51,Female,56.6,1.5,Weight Loss,Oatmeal,243.0,9.0,45.0,3.0,Banku_with_Okra_Soup,539.0,29.0,71.0,8.0,Angwamu_(Oil_Rice)_with_Hot_Pepper_and_Egg,528.0,25.0,45.0,19.0,Atsoomo_(Chin-Chin),307.38,5.91,36.59,10.85,1617.38,68.91,197.59,40.85
60,Female,67.0,1.52,Muscle Gain,Koko_with_Bofroat_(corn_dough_porridge_with_buffloaf),436.0,12.0,65.0,11.0,Jollof_Rice_with_Chicken,619.2,39.43,64.97,13.31,Waakye_and_Fish_with_egg,748.0,52.0,62.0,13.0,Atsoomo_(Chin-Chin),307.38,5.91,36.59,10.85,2110.58,109.34,228.56,48.16
59,Male,63.8,1.72,Weight Loss,Oatmeal,336.42,9.46,47.78,5.3,Tuo_Zaafi_with_Meat_Stew,672.0,30.0,62.0,10.0,Banku_with_Okra_Soup,589.0,30.0,57.0,8.0,Atsoomo_(Chin-Chin),307.38,5.91,36.59,10.85,1904.8,75.37,203.37,34.15
45,Female,61.1,1.62,Weight Loss,White_porridge_and_bread,297.0,6.0,47.0,4.0,Banku_with_Okra_Soup,532.0,26.0,60.0,10.0,Angwamu_(Oil_Rice)_with_Hot_Pepper_and_Egg,604.0,25.0,51.0,15.0,Atsoomo_(Chin-Chin),307.38,5.91,36.59,10.85,1740.38,62.91,194.59,39.85
55,Female,57.6,1.58,Weight Loss,Oatmeal,336.42,9.46,47.78,5.3,Fufu_with_Light_Soup_with_Goat_Meat,684.0,30.0,71.0,12.0,Angwamu_(Oil_Rice)_with_Hot_Pepper_and_Egg,615.79,38.98,64.77,13.31,Atsoomo_(Chin-Chin),307.38,5.91,36.59,10.85,1943.59,84.35,220.14,41.46
56,Female,63.3,1.59,Muscle Gain,Tea/Milo/Coffee_with_bread,348.0,6.0,34.0,8.0,Waakye_and_Fish_with_egg,658.0,55.0,74.0,11.0,Plain_Rice_with_Chicken,669.0,48.0,63.0,17.0,Atsoomo_(Chin-Chin),307.38,5.91,36.59,10.85,1982.38,114.91,207.59,46.85
84,Female,53.4,1.53,Weight Loss,Oatmeal,270.0,9.0,36.0,2.0,Tuo_Zaafi_with_Meat_Stew,486.0,32.0,73.0,9.0,Jollof_Rice_with_Chicken,571.0,34.0,65.0,12.0,Atsoomo_(Chin-Chin),307.38,5.91,36.59,10.85,1634.38,80.91,210.59,33.85
12,Female,47.1,1.23,Weight Loss,Oatmeal,240.0,10.0,43.0,3.0,Angwamu_(Oil_Rice)_with_Hot_Pepper_and_Egg,501.0,33.0,61.0,15.0,Banku_and_Tilapia_with_Hot_Pepper,477.0,44.0,59.0,12.0,Atsoomo_(Chin-Chin),307.38,5.91,36.59,10.85,1525.38,92.91,199.59,40.85
10,Male,43.1,1.19,Weight Loss,Hausa_Koko_(millet_porridge)_with_Koose,352.0,13.0,43.0,4.0,Boiled_Plantain/Yam_and_Garden_egg_stew,398.0,24.0,63.0,7.0,Banku_and_Tilapia_with_Hot_Pepper,465.0,47.0,59.0,12.0,Atsoomo_(Chin-Chin),307.38,5.91,36.59,10.85,1522.38,89.91,201.59,33.85
63,Female,69.8,1.59,Muscle Gain,White_porridge_and_bread,325.0,8.0,54.0,4.0,Kenkey_and_Fried_Fish_with_Hot_Pepper,480.0,43.0,51.0,17.0,Waakye_and_Fish_with_egg,697.0,48.0,63.0,9.0,Atsoomo_(Chin-Chin),307.38,5.91,36.59,10.85,1809.38,104.91,204.59,40.85
53,Male,74.8,1.77,Muscle Gain,White_porridge_and_bread,411.0,8.0,56.0,6.0,Banku_and_Tilapia_with_Hot_Pepper,778.0,54.0,63.0,13.0,Jollof_Rice_with_Chicken,959.0,50.0,72.0,18.0,Kofi_Brokeman_(Roasted_Plantain_with_Groundnut),334.0,8.0,43.0,9.0,2482.0,120.0,234.0,46.0
51,Female,53.6,1.58,Weight Loss,Oatmeal,336.42,9.46,47.78,5.3,Jollof_Rice_with_Chicken,789.0,38.0,81.0,17.0,Kenkey_and_Fried_Fish_with_Hot_Pepper,614.0,34.0,60.0,16.0,Nkatie_Cake_(Groundnut_Cake),312.0,10.0,23.0,13.0,2051.42,91.46,211.78,51.3
50,Male,63.4,1.64,Weight Loss,Tea/Milo/Coffee_with_bread,271.0,6.0,36.0,6.0,Jollof_Rice_with_Chicken,685.0,41.0,72.0,17.0,Kenkey_and_Fried_Fish_with_Hot_Pepper,690.0,42.0,55.0,15.0,Atsoomo_(Chin-Chin),307.38,5.91,36.59,10.85,1953.38,94.91,199.59,48.85
45,Male,67.1,1.75,Weight Loss,Tom_Brown_and_bread,414.0,11.0,59.0,4.0,Banku_with_Okra_Soup,600.0,33.0,65.0,10.0,Tuo_Zaafi_with_Meat_Stew,742.0,39.0,74.0,10.0,Atsoomo_(Chin-Chin),307.38,5.91,36.59,10.85,2063.38,88.91,234.59,34.85
45,Male,76.2,1.71,Muscle Gain,Koko_with_Bofroat_(corn_dough_porridge_with_buffloaf),520.0,10.0,55.0,10.0,Waakye_and_Fish_with_egg,832.0,62.0,77.0,12.0,Angwamu_(Oil_Rice)_with_Hot_Pepper_and_Egg,669.0,30.0,56.0,23.0,Atsoomo_(Chin-Chin),307.38,5.91,36.59,10.85,2328.38,107.91,224.59,55.85
43,Male,81.9,1.73,Muscle Gain,Rice_water_and_bread,383.0,9.0,47.0,5.0,Angwamu_(Oil_Rice)_with_Hot_Pepper_and_Egg,723.0,34.0,68.0,19.0,Angwamu_(Oil_Rice)_with_Hot_Pepper_and_Egg,615.79,38.98,64.77,13.31,Atsoomo_(Chin-Chin),307.38,5.91,36.59,10.85,2029.17,87.89,216.36,48.16
59,Female,74.8,1.61,Muscle Gain,White_porridge_and_bread,336.0,8.0,55.0,6.0,Banku_and_Tilapia_with_Hot_Pepper,613.0,44.0,73.0,14.0,Plain_Rice_with_Chicken,672.0,58.0,63.0,16.0,Atsoomo_(Chin-Chin),307.38,5.91,36.59,10.85,1928.38,115.91,227.59,46.85
54,Female,77.4,1.67,Muscle Gain,Oatmeal,304.0,10.0,44.0,5.0,Waakye_and_Fish_with_egg,645.0,44.0,77.0,13.0,Angwamu_(Oil_Rice)_with_Hot_Pepper_and_Egg,695.0,27.0,58.0,19.0,Atsoomo_(Chin-Chin),307.38,5.91,36.59,10.85,1951.38,86.91,215.59,47.85
34,Male,60.4,1.64,Weight Loss,Tom_Brown_and_bread,382.0,8.0,56.0,4.0,Fufu_with_Light_Soup_with_Goat_Meat,730.0,36.0,67.0,12.0,Jollof_Rice_with_Chicken,821.0,38.0,71.0,16.0,Atsoomo_(Chin-Chin),307.38,5.91,36.59,10.85,2240.38,87.91,230.59,42.85
27,Male,63.9,1.61,Weight Loss,Tom_Brown_and_bread,353.0,7.0,45.0,4.0,Boiled_Plantain/Yam_and_Garden_egg_stew,522.0,22.0,63.0,6.0,Kenkey_and_Fried_Fish_with_Hot_Pepper,618.0,42.0,57.0,16.0,Atsoomo_(Chin-Chin),307.38,5.91,36.59,10.85,1800.38,76.91,201.59,36.85
43,Female,66.9,1.63,Muscle Gain,Koko_with_Bofroat_(corn_dough_porridge_with_buffloaf),437.0,10.0,53.0,10.0,Red-Red_(Beans_and_Plantain_with_red_oil),515.0,37.0,51.0,19.0,Waakye_and_Fish_with_egg,623.0,43.0,72.0,11.0,Atsoomo_(Chin-Chin),307.38,5.91,36.59,10.85,1882.38,95.91,212.59,50.85
71,Female,54.8,1.58,Weight Loss,Tom_Brown_and_bread,297.0,7.0,55.0,4.0,Banku_and_Tilapia_with_Hot_Pepper,555.0,36.0,65.0,8.0,Angwamu_(Oil_Rice)_with_Hot_Pepper_and_Egg,450.0,25.0,51.0,13.0,Atsoomo_(Chin-Chin),307.38,5.91,36.59,10.85,1609.38,73.91,207.59,35.85
78,Male,73.7,1.63,Muscle Gain,Tom_Brown_and_bread,342.0,8.0,64.0,4.0,Tuo_Zaafi_with_Meat_Stew,731.0,36.0,77.0,11.0,Angwamu_(Oil_Rice)_with_Hot_Pepper_and_Egg,615.79,38.98,64.77,13.31,Atsoomo_(Chin-Chin),307.38,5.91,36.59,10.85,1996.17,88.89,242.36,39.16
26,Male,87.0,1.65,Muscle Gain,Hausa_Koko_(millet_porridge)_with_Koose,371.0,16.0,40.0,8.0,Banku_and_Tilapia_with_Hot_Pepper,729.0,45.0,58.0,13.0,Kenkey_and_Fried_Fish_with_Hot_Pepper,751.0,45.0,63.0,20.0,Atsoomo_(Chin-Chin),307.38,5.91,36.59,10.85,2158.38,111.91,197.59,51.85
14,Male,53.3,1.25,Muscle Gain,Hausa_Koko_(millet_porridge)_with_Koose,371.0,18.0,42.0,8.0,Angwamu_(Oil_Rice)_with_Hot_Pepper_and_Egg,504.0,39.0,52.0,19.0,Tuo_Zaafi_with_Meat_Stew,521.0,50.0,70.0,12.0,Atsoomo_(Chin-Chin),307.38,5.91,36.59,10.85,1703.38,112.91,200.59,49.85
34,Male,67.5,1.71,Weight Loss,Tom_Brown_and_bread,412.0,7.0,50.0,4.0,Jollof_Rice_with_Chicken,619.2,39.43,64.97,13.31,Waakye_and_Fish_with_egg,772.0,39.0,63.0,8.0,Agbelikaklo_with_Coconut,378.0,4.0,47.0,8.0,2181.2,89.43,224.97,33.31
52,Male,63.5,1.74,Weight Loss,Oatmeal,286.0,11.0,34.0,4.0,Tuo_Zaafi_with_Meat_Stew,745.0,34.0,60.0,9.0,Kenkey_and_Fried_Fish_with_Hot_Pepper,716.0,42.0,59.0,15.0,Kofi_Brokeman_(Roasted_Plantain_with_Groundnut),310.0,7.0,37.0,8.0,2057.0,94.0,190.0,36.0
7,Female,35.1,1.0,Weight Loss,Hausa_Koko_(millet_porridge)_with_Koose,303.0,13.0,44.0,5.0,Banku_with_Okra_Soup,488.0,37.0,74.0,8.0,Tuo_Zaafi_with_Meat_Stew,519.0,33.0,67.0,12.0,Atsoomo_(Chin-Chin),307.38,5.91,36.59,10.85,1617.38,88.91,221.59,35.85
23,Female,61.8,1.57,Weight Loss,Hausa_Koko_(millet_porridge)_with_Koose,309.0,13.0,41.0,5.0,Boiled_Plantain/Yam_and_Garden_egg_stew,529.0,19.0,61.0,7.0,Red-Red_(Beans_and_Plantain_with_red_oil),479.0,31.0,43.0,14.0,Atsoomo_(Chin-Chin),307.38,5.91,36.59,10.85,1624.38,68.91,181.59,36.85
30,Male,60.1,1.77,Weight Loss,White_porridge_and_bread,308.0,6.0,50.0,4.0,Jollof_Rice_with_Chicken,619.2,39.43,64.97,13.31,Banku_and_Tilapia_with_Hot_Pepper,632.0,36.0,57.0,12.0,Atsoomo_(Chin-Chin),307.38,5.91,36.59,10.85,1866.58,87.34,208.56,40.16
29,Female,54.9,1.62,Weight Loss,Oatmeal,336.42,9.46,47.78,5.3,Banku_with_Okra_Soup,542.0,26.0,75.0,8.0,Kenkey_and_Fried_Fish_with_Hot_Pepper,629.0,37.0,47.0,16.0,Atsoomo_(Chin-Chin),307.38,5.91,36.59,10.85,1814.8,78.37,206.37,40.15
45,Female,53.5,1.55,Weight Loss,Rice_water_and_bread,292.0,7.0,50.0,3.0,Waakye_and_Fish_with_egg,568.0,39.0,63.0,9.0,Jollof_Rice_with_Chicken,743.0,38.0,74.0,16.0,Atsoomo_(Chin-Chin),307.38,5.91,36.59,10.85,1910.38,89.91,223.59,38.85
29,Male,70.2,1.6,Muscle Gain,Hausa_Koko_(millet_porridge)_with_Koose,405.0,16.0,48.0,7.0,Jollof_Rice_with_Chicken,788.0,46.0,91.0,20.0,Banku_with_Okra_Soup,695.0,43.0,78.0,13.0,Atsoomo_(Chin-Chin),307.38,5.91,36.59,10.85,2195.38,110.91,253.59,50.85
16,Female,50.4,1.23,Muscle Gain,Tom_Brown_and_bread,328.0,10.0,51.0,6.0,Plain_Rice_with_Chicken,541.0,67.0,78.0,18.0,Banku_and_Tilapia_with_Hot_Pepper,570.0,54.0,62.0,13.0,Atsoomo_(Chin-Chin),307.38,5.91,36.59,10.85,1746.38,136.91,227.59,47.85
45,Female,68.4,1.56,Muscle Gain,White_porridge_and_bread,319.0,8.0,50.0,6.0,Red-Red_(Beans_and_Plantain_with_red_oil),480.0,34.0,60.0,20.0,Banku_with_Okra_Soup,630.0,33.0,80.0,13.0,Atsoomo_(Chin-Chin),307.38,5.91,36.59,10.85,1736.38,80.91,226.59,49.85
41,Male,74.1,1.66,Muscle Gain,Hausa_Koko_(millet_porridge)_with_Koose,399.0,15.0,50.0,7.0,Kenkey_and_Fried_Fish_with_Hot_Pepper,613.0,46.0,68.0,22.0,Angwamu_(Oil_Rice)_with_Hot_Pepper_and_Egg,615.79,38.98,64.77,13.31,Atsoomo_(Chin-Chin),307.38,5.91,36.59,10.85,1935.17,105.89,219.36,53.16
26,Female,76.2,1.64,Muscle Gain,White_porridge_and_bread,323.0,8.0,57.0,6.0,Fufu_with_Light_Soup_with_Goat_Meat,745.0,42.0,85.0,16.0,Plain_Rice_with_Chicken,753.0,57.0,60.0,17.0,Kofi_Brokeman_(Roasted_Plantain_with_Groundnut),314.0,8.0,40.0,9.0,2135.0,115.0,242.0,48.0
20,Male,60.4,1.77,Weight Loss,Rice_water_and_bread,361.0,9.0,55.0,4.0,Tuo_Zaafi_with_Meat_Stew,607.0,37.0,72.0,9.0,Banku_and_Tilapia_with_Hot_Pepper,631.0,37.0,60.0,11.0,Atsoomo_(Chin-Chin),307.38,5.91,36.59,10.85,1906.38,88.91,223.59,34.85
23,Female,54.2,1.58,Weight Loss,Tea/Milo/Coffee_with_bread,312.0,5.0,30.0,6.0,Jollof_Rice_with_Chicken,619.2,39.43,64.97,13.31,Fufu_with_Light_Soup_with_Goat_Meat,746.0,32.0,79.0,11.0,Atsoomo_(Chin-Chin),307.38,5.91,36.59,10.85,1984.58,82.34,210.56,41.16
39,Female,77.7,1.6,Muscle Gain,Rice_water_and_bread,364.0,9.0,51.0,5.0,Kenkey_and_Fried_Fish_with_Hot_Pepper,685.0,37.0,51.0,20.0,Boiled_Plantain/Yam_and_Garden_egg_stew,578.0,24.0,55.0,11.0,Atsoomo_(Chin-Chin),307.38,5.91,36.59,10.85,1934.38,75.91,193.59,46.85
76,Female,56.6,1.54,Weight Loss,Tea/Milo/Coffee_with_bread,263.0,6.0,36.0,4.0,Jollof_Rice_with_Chicken,619.2,39.43,64.97,13.31,Angwamu_(Oil_Rice)_with_Hot_Pepper_and_Egg,615.79,38.98,64.77,13.31,Atsoomo_(Chin-Chin),307.38,5.91,36.59,10.85,1805.37,90.32,202.33,41.47
22,Male,57.6,1.67,Weight Loss,Oatmeal,336.42,9.46,47.78,5.3,Tuo_Zaafi_with_Meat_Stew,625.0,30.0,70.0,10.0,Banku_and_Tilapia_with_Hot_Pepper,586.0,42.0,64.0,10.0,Atsoomo_(Chin-Chin),307.38,5.91,36.59,10.85,1854.8,87.37,218.37,36.15
34,Female,73.6,1.61,Muscle Gain,Tea/Milo/Coffee_with_bread,334.0,6.0,42.0,8.0,Jollof_Rice_with_Chicken,741.0,40.0,77.0,20.0,Kenkey_and_Fried_Fish_with_Hot_Pepper,547.0,40.0,68.0,19.0,Atsoomo_(Chin-Chin),307.38,5.91,36.59,10.85,1929.38,91.91,223.59,57.85
83,Female,56.0,1.52,Weight Loss,Rice_water_and_bread,261.0,7.0,45.0,3.0,Fufu_with_Light_Soup_with_Goat_Meat,633.0,31.0,75.0,8.0,Angwamu_(Oil_Rice)_with_Hot_Pepper_and_Egg,615.79,38.98,64.77,13.31,Nkatie_Cake_(Groundnut_Cake),261.0,11.0,22.0,12.0,1770.79,87.98,206.77,36.31
9,Female,47.7,1.08,Muscle Gain,Oatmeal,221.0,12.0,49.0,5.0,Boiled_Plantain/Yam_and_Garden_egg_stew,416.0,28.0,60.0,11.0,Angwamu_(Oil_Rice)_with_Hot_Pepper_and_Egg,615.79,38.98,64.77,13.31,Nkatie_Cake_(Groundnut_Cake),284.0,14.0,26.0,20.0,1536.79,92.98,199.77,49.31
41,Male,73.0,1.71,Muscle Gain,Rice_water_and_bread,378.0,8.0,57.0,5.0,Banku_with_Okra_Soup,694.0,32.0,72.0,11.0,Waakye_and_Fish_with_egg,798.0,56.0,79.0,11.0,Atsoomo_(Chin-Chin),307.38,5.91,36.59,10.85,2177.38,101.91,244.59,37.85
31,Female,63.2,1.58,Weight Loss,Rice_water_and_bread,340.0,8.0,53.0,3.0,Red-Red_(Beans_and_Plantain_with_red_oil),537.0,24.0,43.0,12.0,Angwamu_(Oil_Rice)_with_Hot_Pepper_and_Egg,545.0,27.0,54.0,19.0,Atsoomo_(Chin-Chin),307.38,5.91,36.59,10.85,1729.38,64.91,186.59,44.85
5,Female,36.0,1.0,Muscle Gain,Hausa_Koko_(millet_porridge)_with_Koose,269.0,16.0,39.0,7.0,Red-Red_(Beans_and_Plantain_with_red_oil),430.0,33.0,52.0,18.0,Jollof_Rice_with_Chicken,631.0,60.0,81.0,20.0,Atsoomo_(Chin-Chin),307.38,5.91,36.59,10.85,1637.38,114.91,208.59,55.85
73,Male,72.4,1.67,Muscle Gain,Tea/Milo/Coffee_with_bread,330.0,6.0,35.0,6.0,Waakye_and_Fish_with_egg,669.0,60.0,61.0,8.0,Banku_with_Okra_Soup,597.0,42.0,76.0,11.0,Atsoomo_(Chin-Chin),307.38,5.91,36.59,10.85,1903.38,113.91,208.59,35.85
79,Female,69.4,1.52,Muscle Gain,Oatmeal,298.0,9.0,43.0,4.0,Jollof_Rice_with_Chicken,619.2,39.43,64.97,13.31,Waakye_and_Fish_with_egg,586.0,44.0,76.0,8.0,Atsoomo_(Chin-Chin),307.38,5.91,36.59,10.85,1810.58,98.34,220.56,36.16
18,Male,80.1,1.74,Muscle Gain,Oatmeal,336.42,9.46,47.78,5.3,Tuo_Zaafi_with_Meat_Stew,655.0,42.0,80.0,13.0,Fufu_with_Light_Soup_with_Goat_Meat,834.0,46.0,89.0,16.0,Nkatie_Cake_(Groundnut_Cake),367.0,10.0,27.0,19.0,2192.42,107.46,243.78,53.3
45,Female,71.3,1.54,Muscle Gain,Tom_Brown_and_bread,425.0,8.0,63.0,6.0,Boiled_Plantain/Yam_and_Garden_egg_stew,576.0,25.0,65.0,10.0,Tuo_Zaafi_with_Meat_Stew,624.0,40.0,77.0,14.0,Atsoomo_(Chin-Chin),307.38,5.91,36.59,10.85,1932.38,78.91,241.59,40.85
44,Female,63.4,1.54,Weight Loss,Oatmeal,301.0,11.0,44.0,3.0,Plain_Rice_with_Chicken,683.0,40.0,54.0,15.0,Banku_with_Okra_Soup,534.0,27.0,63.0,9.0,Atsoomo_(Chin-Chin),307.38,5.91,36.59,10.85,1825.38,83.91,197.59,37.85
46,Female,52.0,1.55,Weight Loss,Oatmeal,336.42,9.46,47.78,5.3,Kenkey_and_Fried_Fish_with_Hot_Pepper,629.0,33.0,47.0,17.0,Waakye_and_Fish_with_egg,665.0,44.0,58.0,9.0,Atsoomo_(Chin-Chin),307.38,5.91,36.59,10.85,1937.8,92.37,189.37,42.15
10,Female,49.3,1.12,Muscle Gain,Oatmeal,215.0,12.0,38.0,4.0,Waakye_and_Fish_with_egg,602.0,58.0,74.0,10.0,Red-Red_(Beans_and_Plantain_with_red_oil),475.0,40.0,57.0,15.0,Atsoomo_(Chin-Chin),307.38,5.91,36.59,10.85,1599.38,115.91,205.59,39.85
45,Male,61.9,1.64,Weight Loss,Oatmeal,294.0,12.0,37.0,4.0,Waakye_and_Fish_with_egg,764.0,49.0,55.0,8.0,Kenkey_and_Fried_Fish_with_Hot_Pepper,594.0,40.0,59.0,16.0,Atsoomo_(Chin-Chin),307.38,5.91,36.59,10.85,1959.38,106.91,187.59,38.85
6,Male,39.7,1.0,Muscle Gain,White_porridge_and_bread,297.0,8.0,47.0,6.0,Fufu_with_Light_Soup_with_Goat_Meat,654.0,60.0,89.0,16.0,Tuo_Zaafi_with_Meat_Stew,645.0,55.0,75.0,14.0,Atsoomo_(Chin-Chin),307.38,5.91,36.59,10.85,1903.38,128.91,247.59,46.85
21,Female,58.3,1.6,Weight Loss,White_porridge_and_bread,275.0,6.0,52.0,4.0,Red-Red_(Beans_and_Plantain_with_red_oil),526.0,29.0,54.0,14.0,Angwamu_(Oil_Rice)_with_Hot_Pepper_and_Egg,615.79,38.98,64.77,13.31,Atsoomo_(Chin-Chin),307.38,5.91,36.59,10.85,1724.17,79.89,207.36,42.16
11,Male,47.1,1.27,Weight Loss,Tea/Milo/Coffee_with_bread,216.0,6.0,36.0,6.0,Jollof_Rice_with_Chicken,619.2,39.43,64.97,13.31,Angwamu_(Oil_Rice)_with_Hot_Pepper_and_Egg,440.0,33.0,55.0,18.0,Atsoomo_(Chin-Chin),307.38,5.91,36.59,10.85,1582.58,84.34,192.56,48.16
40,Male,58.7,1.66,Weight Loss,Tea/Milo/Coffee_with_bread,292.0,6.0,40.0,5.0,Tuo_Zaafi_with_Meat_Stew,599.0,39.0,60.0,9.0,Angwamu_(Oil_Rice)_with_Hot_Pepper_and_Egg,695.0,25.0,50.0,17.0,Atsoomo_(Chin-Chin),307.38,5.91,36.59,10.85,1893.38,75.91,186.59,41.85
8,Male,47.5,1.08,Muscle Gain,Rice_water_and_bread,314.0,10.0,53.0,5.0,Fufu_with_Light_Soup_with_Goat_Meat,592.0,49.0,79.0,16.0,Boiled_Plantain/Yam_and_Garden_egg_stew,455.0,33.0,62.0,10.0,Atsoomo_(Chin-Chin),307.38,5.91,36.59,10.85,1668.38,97.91,230.59,41.85
11,Male,46.5,1.22,Weight Loss,Koko_with_Bofroat_(corn_dough_porridge_with_buffloaf),352.0,13.0,60.0,8.0,Kenkey_and_Fried_Fish_with_Hot_Pepper,575.0,49.0,46.0,15.0,Plain_Rice_with_Chicken,577.0,62.0,63.0,14.0,Atsoomo_(Chin-Chin),307.38,5.91,36.59,10.85,1811.38,129.91,205.59,47.85
74,Male,75.2,1.62,Muscle Gain,Oatmeal,345.0,9.0,47.0,3.0,Red-Red_(Beans_and_Plantain_with_red_oil),462.0,42.0,52.0,15.0,Fufu_with_Light_Soup_with_Goat_Meat,634.0,42.0,80.0,11.0,Atsoomo_(Chin-Chin),307.38,5.91,36.59,10.85,1748.38,98.91,215.59,39.85
11,Female,40.7,1.19,Weight Loss,Oatmeal,336.42,9.46,47.78,5.3,Angwamu_(Oil_Rice)_with_Hot_Pepper_and_Egg,388.0,31.0,61.0,18.0,Tuo_Zaafi_with_Meat_Stew,537.0,36.0,61.0,12.0,Atsoomo_(Chin-Chin),247.0,4.0,31.0,14.0,1508.42,80.46,200.78,49.3
26,Female,68.2,1.65,Muscle Gain,Oatmeal,283.0,12.0,42.0,5.0,Banku_and_Tilapia_with_Hot_Pepper,617.0,40.0,66.0,14.0,Banku_with_Okra_Soup,679.0,40.0,73.0,11.0,Atsoomo_(Chin-Chin),307.38,5.91,36.59,10.85,1886.38,97.91,217.59,40.85
56,Male,74.4,1.65,Muscle Gain,Oatmeal,364.0,14.0,40.0,5.0,Fufu_with_Light_Soup_with_Goat_Meat,827.0,40.0,88.0,12.0,Tuo_Zaafi_with_Meat_Stew,862.0,34.0,72.0,12.0,Atsoomo_(Chin-Chin),307.38,5.91,36.59,10.85,2360.38,93.91,236.59,39.85
55,Male,77.8,1.74,Muscle Gain,Oatmeal,365.0,14.0,46.0,5.0,Waakye_and_Fish_with_egg,851.0,56.0,64.0,12.0,Plain_Rice_with_Chicken,715.0,52.0,76.0,16.0,Atsoomo_(Chin-Chin),307.38,5.91,36.59,10.85,2238.38,127.91,222.59,43.85
37,Female,72.6,1.67,Muscle Gain,Oatmeal,268.0,12.0,42.0,5.0,Angwamu_(Oil_Rice)_with_Hot_Pepper_and_Egg,545.0,31.0,51.0,23.0,Angwamu_(Oil_Rice)_with_Hot_Pepper_and_Egg,615.79,38.98,64.77,13.31,Roasted/Boiled_Maize_with_Coconut,264.0,6.0,35.0,7.0,1692.79,87.98,192.77,48.31
18,Male,68.5,1.74,Weight Loss,Tea/Milo/Coffee_with_bread,304.0,6.0,36.0,5.0,Fufu_with_Light_Soup_with_Goat_Meat,723.0,35.0,73.0,10.0,Banku_with_Okra_Soup,716.0,28.0,61.0,8.0,Atsoomo_(Chin-Chin),307.38,5.91,36.59,10.85,2050.38,74.91,206.59,33.85
25,Female,53.6,1.65,Weight Loss,White_porridge_and_bread,350.0,7.0,54.0,4.0,Kenkey_and_Fried_Fish_with_Hot_Pepper,539.0,31.0,56.0,17.0,Boiled_Plantain/Yam_and_Garden_egg_stew,412.0,19.0,61.0,6.0,Atsoomo_(Chin-Chin),307.38,5.91,36.59,10.85,1608.38,62.91,207.59,37.85
53,Male,62.0,1.65,Weight Loss,Koko_with_Bofroat_(corn_dough_porridge_with_buffloaf),470.0,12.0,56.0,8.0,Red-Red_(Beans_and_Plantain_with_red_oil),489.0,26.0,47.0,12.0,Angwamu_(Oil_Rice)_with_Hot_Pepper_and_Egg,615.79,38.98,64.77,13.31,Atsoomo_(Chin-Chin),307.38,5.91,36.59,10.85,1882.17,82.89,204.36,44.16
31,Male,63.3,1.74,Weight Loss,Tea/Milo/Coffee_with_bread,311.0,6.0,40.0,5.0,Waakye_and_Fish_with_egg,774.0,44.0,59.0,8.0,Jollof_Rice_with_Chicken,734.0,38.0,64.0,15.0,Atsoomo_(Chin-Chin),307.38,5.91,36.59,10.85,2126.38,93.91,199.59,38.85
36,Female,61.9,1.55,Weight Loss,Hausa_Koko_(millet_porridge)_with_Koose,382.0,10.0,41.0,6.0,Red-Red_(Beans_and_Plantain_with_red_oil),541.0,31.0,55.0,12.0,Jollof_Rice_with_Chicken,729.0,37.0,80.0,16.0,Atsoomo_(Chin-Chin),307.38,5.91,36.59,10.85,1959.38,83.91,212.59,44.85
71,Male,62.4,1.68,Weight Loss,Oatmeal,311.0,9.0,45.0,2.0,Jollof_Rice_with_Chicken,619.2,39.43,64.97,13.31,Waakye_and_Fish_with_egg,587.0,42.0,65.0,8.0,Atsoomo_(Chin-Chin),307.38,5.91,36.59,10.85,1824.58,96.34,211.56,34.16
70,Male,72.8,1.65,Muscle Gain,White_porridge_and_bread,371.0,7.0,54.0,5.0,Jollof_Rice_with_Chicken,619.2,39.43,64.97,13.31,Jollof_Rice_with_Chicken,851.0,45.0,76.0,18.0,Atsoomo_(Chin-Chin),307.38,5.91,36.59,10.85,2148.58,97.34,231.56,47.16
35,Female,74.9,1.69,Muscle Gain,Oatmeal,336.42,9.46,47.78,5.3,Banku_with_Okra_Soup,732.0,37.0,72.0,10.0,Tuo_Zaafi_with_Meat_Stew,668.0,33.0,69.0,13.0,Atsoomo_(Chin-Chin),307.38,5.91,36.59,10.85,2043.8,85.37,225.37,39.15
9,Male,43.4,1.12,Weight Loss,Tom_Brown_and_bread,339.0,9.0,61.0,4.0,Jollof_Rice_with_Chicken,619.2,39.43,64.97,13.31,Angwamu_(Oil_Rice)_with_Hot_Pepper_and_Egg,413.0,27.0,52.0,18.0,Atsoomo_(Chin-Chin),307.38,5.91,36.59,10.85,1678.58,81.34,214.56,46.16
51,Female,68.5,1.58,Muscle Gain,Tea/Milo/Coffee_with_bread,343.0,6.0,36.0,7.0,Banku_and_Tilapia_with_Hot_Pepper,707.0,50.0,64.0,16.0,Angwamu_(Oil_Rice)_with_Hot_Pepper_and_Egg,615.79,38.98,64.77,13.31,Kofi_Brokeman_(Roasted_Plantain_with_Groundnut),309.0,7.0,41.0,10.0,1974.79,101.98,205.77,46.31
58,Female,53.1,1.51,Weight Loss,Koko_with_Bofroat_(corn_dough_porridge_with_buffloaf),454.0,11.0,46.0,8.0,Tuo_Zaafi_with_Meat_Stew,648.0,36.0,74.0,12.0,Kenkey_and_Fried_Fish_with_Hot_Pepper,609.0,30.0,54.0,14.0,Atsoomo_(Chin-Chin),307.38,5.91,36.59,10.85,2018.38,82.91,210.59,44.85
29,Male,67.4,1.63,Weight Loss,Tom_Brown_and_bread,375.0,9.0,61.0,4.0,Angwamu_(Oil_Rice)_with_Hot_Pepper_and_Egg,635.0,23.0,54.0,17.0,Boiled_Plantain/Yam_and_Garden_egg_stew,466.0,18.0,62.0,7.0,Atsoomo_(Chin-Chin),307.38,5.91,36.59,10.85,1783.38,55.91,213.59,38.85
63,Female,68.8,1.62,Muscle Gain,Tom_Brown_and_bread,350.0,10.0,52.0,5.0,Tuo_Zaafi_with_Meat_Stew,716.0,34.0,81.0,11.0,Angwamu_(Oil_Rice)_with_Hot_Pepper_and_Egg,615.79,38.98,64.77,13.31,Atsoomo_(Chin-Chin),307.38,5.91,36.59,10.85,1989.17,88.89,234.36,40.16
24,Female,53.8,1.56,Weight Loss,Oatmeal,336.42,9.46,47.78,5.3,Waakye_and_Fish_with_egg,680.0,41.0,60.0,8.0,Tuo_Zaafi_with_Meat_Stew,641.0,35.0,63.0,11.0,Atsoomo_(Chin-Chin),307.38,5.91,36.59,10.85,1964.8,91.37,207.37,35.15
12,Female,42.6,1.23,Weight Loss,Koko_with_Bofroat_(corn_dough_porridge_with_buffloaf),350.0,12.0,59.0,8.0,Tuo_Zaafi_with_Meat_Stew,447.0,38.0,58.0,10.0,Waakye_and_Fish_with_egg,458.0,43.0,59.0,10.0,Atsoomo_(Chin-Chin),307.38,5.91,36.59,10.85,1562.38,98.91,212.59,38.85
75,Male,62.3,1.63,Weight Loss,White_porridge_and_bread,352.0,7.0,45.0,4.0,Kenkey_and_Fried_Fish_with_Hot_Pepper,551.0,35.0,52.0,12.0,Banku_with_Okra_Soup,645.0,36.0,69.0,7.0,Atsoomo_(Chin-Chin),307.38,5.91,36.59,10.85,1855.38,83.91,202.59,33.85
22,Female,59.9,1.56,Weight Loss,Rice_water_and_bread,320.0,8.0,53.0,4.0,Plain_Rice_with_Chicken,732.0,40.0,56.0,15.0,Kenkey_and_Fried_Fish_with_Hot_Pepper,496.0,40.0,56.0,13.0,Nkatie_Cake_(Groundnut_Cake),290.0,10.0,20.0,12.0,1838.0,98.0,185.0,44.0
36,Male,74.2,1.66,Muscle Gain,Oatmeal,316.0,10.0,40.0,5.0,Fufu_with_Light_Soup_with_Goat_Meat,699.0,50.0,81.0,15.0,Angwamu_(Oil_Rice)_with_Hot_Pepper_and_Egg,615.79,38.98,64.77,13.31,Atsoomo_(Chin-Chin),307.38,5.91,36.59,10.85,1938.17,104.89,222.36,44.16
50,Male,73.2,1.7,Muscle Gain,White_porridge_and_bread,400.0,7.0,47.0,6.0,Kenkey_and_Fried_Fish_with_Hot_Pepper,764.0,39.0,60.0,21.0,Banku_and_Tilapia_with_Hot_Pepper,726.0,56.0,57.0,17.0,Atsoomo_(Chin-Chin),307.38,5.91,36.59,10.85,2197.38,107.91,200.59,54.85
59,Female,70.4,1.64,Muscle Gain,Koko_with_Bofroat_(corn_dough_porridge_with_buffloaf),453.0,13.0,59.0,11.0,Plain_Rice_with_Chicken,779.0,50.0,64.0,20.0,Boiled_Plantain/Yam_and_Garden_egg_stew,521.0,25.0,72.0,10.0,Atsoomo_(Chin-Chin),307.38,5.91,36.59,10.85,2060.38,93.91,231.59,51.85
27,Female,77.1,1.69,Muscle Gain,Oatmeal,336.42,9.46,47.78,5.3,Tuo_Zaafi_with_Meat_Stew,724.0,42.0,71.0,12.0,Kenkey_and_Fried_Fish_with_Hot_Pepper,620.0,38.0,53.0,17.0,Atsoomo_(Chin-Chin),307.38,5.91,36.59,10.85,1987.8,95.37,208.37,45.15
35,Female,70.1,1.57,Muscle Gain,Oatmeal,330.0,9.0,49.0,4.0,Plain_Rice_with_Chicken,662.0,48.0,61.0,17.0,Fufu_with_Light_Soup_with_Goat_Meat,707.0,39.0,71.0,13.0,Atsoomo_(Chin-Chin),307.38,5.91,36.59,10.85,2006.38,101.91,217.59,44.85
53,Female,57.5,1.55,Weight Loss,Tea/Milo/Coffee_with_bread,292.0,5.0,38.0,5.0,Waakye_and_Fish_with_egg,675.0,36.0,56.0,10.0,Tuo_Zaafi_with_Meat_Stew,578.0,28.0,61.0,9.0,Atsoomo_(Chin-Chin),307.38,5.91,36.59,10.85,1852.38,74.91,191.59,34.85
58,Male,61.5,1.73,Weight Loss,Rice_water_and_bread,333.0,6.0,44.0,4.0,Red-Red_(Beans_and_Plantain_with_red_oil),541.0,34.0,53.0,12.0,Tuo_Zaafi_with_Meat_Stew,621.0,30.0,57.0,9.0,Atsoomo_(Chin-Chin),307.38,5.91,36.59,10.85,1802.38,75.91,190.59,35.85
13,Female,47.4,1.14,Muscle Gain,Hausa_Koko_(millet_porridge)_with_Koose,295.0,16.0,50.0,8.0,Kenkey_and_Fried_Fish_with_Hot_Pepper,488.0,50.0,59.0,17.0,Tuo_Zaafi_with_Meat_Stew,620.0,43.0,68.0,16.0,Atsoomo_(Chin-Chin),307.38,5.91,36.59,10.85,1710.38,114.91,213.59,51.85
28,Male,68.0,1.69,Weight Loss,Rice_water_and_bread,368.0,8.0,49.0,3.0,Angwamu_(Oil_Rice)_with_Hot_Pepper_and_Egg,555.0,23.0,51.0,15.0,Fufu_with_Light_Soup_with_Goat_Meat,704.0,38.0,62.0,12.0,Atsoomo_(Chin-Chin),307.38,5.91,36.59,10.85,1934.38,74.91,198.59,40.85
5,Male,30,1.0,Weight Loss,Oatmeal,234.0,13.0,34.0,3.0,Jollof_Rice_with_Chicken,619.2,39.43,64.97,13.31,Banku_with_Okra_Soup,484.0,40.0,61.0,8.0,Atsoomo_(Chin-Chin),307.38,5.91,36.59,10.85,1644.58,98.34,196.56,35.16
40,Male,80.1,1.66,Muscle Gain,Rice_water_and_bread,366.0,9.0,55.0,5.0,Angwamu_(Oil_Rice)_with_Hot_Pepper_and_Egg,751.0,34.0,54.0,25.0,Jollof_Rice_with_Chicken,960.0,56.0,90.0,21.0,Nkatie_Cake_(Groundnut_Cake),391.0,14.0,26.0,19.0,2468.0,113.0,225.0,70.0
31,Male,70.3,1.66,Muscle Gain,Koko_with_Bofroat_(corn_dough_porridge_with_buffloaf),503.0,13.0,66.0,8.0,Banku_and_Tilapia_with_Hot_Pepper,649.0,46.0,72.0,15.0,Tuo_Zaafi_with_Meat_Stew,806.0,46.0,67.0,15.0,Atsoomo_(Chin-Chin),405.0,4.0,33.0,21.0,2363.0,109.0,238.0,59.0
68,Male,59.8,1.65,Weight Loss,Koko_with_Bofroat_(corn_dough_porridge_with_buffloaf),356.0,8.0,49.0,7.0,Banku_with_Okra_Soup,559.0,31.0,57.0,8.0,Angwamu_(Oil_Rice)_with_Hot_Pepper_and_Egg,615.79,38.98,64.77,13.31,Atsoomo_(Chin-Chin),310.0,4.0,27.0,13.0,1840.79,81.98,197.77,41.31
51,Female,63.4,1.52,Muscle Gain,Tea/Milo/Coffee_with_bread,284.0,6.0,44.0,7.0,Red-Red_(Beans_and_Plantain_with_red_oil),504.0,37.0,56.0,18.0,Jollof_Rice_with_Chicken,752.0,42.0,88.0,21.0,Agbelikaklo_with_Coconut,291.0,6.0,50.0,10.0,1831.0,91.0,238.0,56.0
51,Male,78.8,1.65,Muscle Gain,Tea/Milo/Coffee_with_bread,377.0,7.0,35.0,9.0,Plain_Rice_with_Chicken,783.0,62.0,62.0,20.0,Jollof_Rice_with_Chicken,765.0,57.0,78.0,21.0,Roasted/Boiled_Maize_with_Coconut,321.0,7.0,40.0,6.0,2246.0,133.0,215.0,56.0
83,Male,69.5,1.61,Muscle Gain,Tea/Milo/Coffee_with_bread,287.0,6.0,34.0,5.0,Boiled_Plantain/Yam_and_Garden_egg_stew,452.0,26.0,66.0,6.0,Red-Red_(Beans_and_Plantain_with_red_oil),621.0,40.0,50.0,15.0,Nkatie_Cake_(Groundnut_Cake),392.0,14.0,23.0,14.0,1752.0,86.0,173.0,40.0
71,Female,66.9,1.54,Muscle Gain,White_porridge_and_bread,354.0,8.0,51.0,5.0,Boiled_Plantain/Yam_and_Garden_egg_stew,498.0,21.0,65.0,6.0,Kenkey_and_Fried_Fish_with_Hot_Pepper,541.0,43.0,58.0,17.0,Atsoomo_(Chin-Chin),307.38,5.91,36.59,10.85,1700.38,77.91,210.59,38.85
27,Female,56.2,1.66,Weight Loss,Oatmeal,283.0,11.0,37.0,4.0,Banku_and_Tilapia_with_Hot_Pepper,525.0,42.0,50.0,13.0,Kenkey_and_Fried_Fish_with_Hot_Pepper,611.0,33.0,52.0,16.0,Atsoomo_(Chin-Chin),307.38,5.91,36.59,10.85,1726.38,91.91,175.59,43.85
58,Female,56.9,1.52,Weight Loss,Tea/Milo/Coffee_with_bread,282.0,5.0,38.0,7.0,Tuo_Zaafi_with_Meat_Stew,619.0,31.0,63.0,9.0,Banku_and_Tilapia_with_Hot_Pepper,512.0,36.0,59.0,11.0,Atsoomo_(Chin-Chin),307.38,5.91,36.59,10.85,1720.38,77.91,196.59,37.85
39,Male,82.6,1.74,Muscle Gain,Hausa_Koko_(millet_porridge)_with_Koose,429.0,14.0,38.0,7.0,Jollof_Rice_with_Chicken,619.2,39.43,64.97,13.31,Plain_Rice_with_Chicken,828.0,63.0,66.0,17.0,Atsoomo_(Chin-Chin),307.38,5.91,36.59,10.85,2183.58,122.34,205.56,48.16
23,Male,63.5,1.72,Weight Loss,Tea/Milo/Coffee_with_bread,323.0,6.0,34.0,5.0,Kenkey_and_Fried_Fish_with_Hot_Pepper,570.0,42.0,56.0,13.0,Angwamu_(Oil_Rice)_with_Hot_Pepper_and_Egg,615.79,38.98,64.77,13.31,Kofi_Brokeman_(Roasted_Plantain_with_Groundnut),290.0,6.0,32.0,8.0,1798.79,92.98,186.77,39.31
75,Male,61.3,1.64,Weight Loss,Tom_Brown_and_bread,294.0,9.0,60.0,4.0,Jollof_Rice_with_Chicken,734.0,41.0,74.0,13.0,Boiled_Plantain/Yam_and_Garden_egg_stew,438.0,22.0,56.0,4.0,Atsoomo_(Chin-Chin),307.38,5.91,36.59,10.85,1773.38,77.91,226.59,31.85
45,Female,80.6,1.49,Muscle Gain,Rice_water_and_bread,354.0,8.0,61.0,4.0,Kenkey_and_Fried_Fish_with_Hot_Pepper,585.0,42.0,60.0,19.0,Banku_with_Okra_Soup,693.0,34.0,67.0,10.0,Roasted/Boiled_Maize_with_Coconut,264.0,6.0,44.0,7.0,1896.0,90.0,232.0,40.0
8,Female,35.5,1.02,Weight Loss,White_porridge_and_bread,283.0,8.0,46.0,4.0,Banku_and_Tilapia_with_Hot_Pepper,474.0,44.0,57.0,9.0,Angwamu_(Oil_Rice)_with_Hot_Pepper_and_Egg,615.79,38.98,64.77,13.31,Plantain_Chips,228.0,3.0,44.0,8.0,1600.79,93.98,211.77,34.31
17,Female,53.0,1.28,Muscle Gain,Rice_water_and_bread,284.0,9.0,59.0,4.0,Plain_Rice_with_Chicken,502.0,68.0,69.0,17.0,Red-Red_(Beans_and_Plantain_with_red_oil),381.0,43.0,51.0,16.0,Atsoomo_(Chin-Chin),307.38,5.91,36.59,10.85,1474.38,125.91,215.59,47.85
42,Female,70.6,1.53,Muscle Gain,Tom_Brown_and_bread,339.0,10.0,65.0,5.0,Boiled_Plantain/Yam_and_Garden_egg_stew,577.0,20.0,71.0,9.0,Tuo_Zaafi_with_Meat_Stew,673.0,32.0,81.0,12.0,Atsoomo_(Chin-Chin),307.38,5.91,36.59,10.85,1896.38,67.91,253.59,36.85
5,Female,33.8,1.0,Muscle Gain,Hausa_Koko_(millet_porridge)_with_Koose,299.0,16.0,48.0,8.0,Tuo_Zaafi_with_Meat_Stew,484.0,39.0,64.0,15.0,Fufu_with_Light_Soup_with_Goat_Meat,589.0,44.0,78.0,15.0,Atsoomo_(Chin-Chin),307.38,5.91,36.59,10.85,1679.38,104.91,226.59,48.85
48,Male,66.6,1.7,Weight Loss,Hausa_Koko_(millet_porridge)_with_Koose,421.0,12.0,45.0,5.0,Banku_with_Okra_Soup,597.0,31.0,76.0,9.0,Angwamu_(Oil_Rice)_with_Hot_Pepper_and_Egg,615.79,38.98,64.77,13.31,Atsoomo_(Chin-Chin),307.38,5.91,36.59,10.85,1941.17,87.89,222.36,38.16
53,Male,69.7,1.66,Muscle Gain,Koko_with_Bofroat_(corn_dough_porridge_with_buffloaf),515.0,13.0,64.0,8.0,Banku_with_Okra_Soup,771.0,43.0,82.0,11.0,Tuo_Zaafi_with_Meat_Stew,721.0,36.0,83.0,13.0,Roasted/Boiled_Maize_with_Coconut,345.0,6.0,41.0,7.0,2352.0,98.0,270.0,39.0
55,Male,78.6,1.65,Muscle Gain,Oatmeal,365.0,10.0,47.0,4.0,Banku_and_Tilapia_with_Hot_Pepper,784.0,45.0,59.0,15.0,Angwamu_(Oil_Rice)_with_Hot_Pepper_and_Egg,668.0,27.0,61.0,19.0,Kofi_Brokeman_(Roasted_Plantain_with_Groundnut),355.0,8.0,42.0,11.0,2172.0,90.0,209.0,49.0
21,Female,56.8,1.59,Weight Loss,Rice_water_and_bread,305.0,8.0,46.0,4.0,Jollof_Rice_with_Chicken,785.0,36.0,76.0,15.0,Boiled_Plantain/Yam_and_Garden_egg_stew,415.0,18.0,57.0,6.0,Atsoomo_(Chin-Chin),307.38,5.91,36.59,10.85,1812.38,67.91,215.59,35.85
18,Male,84.3,1.62,Muscle Gain,Oatmeal,336.42,9.46,47.78,5.3,Jollof_Rice_with_Chicken,619.2,39.43,64.97,13.31,Red-Red_(Beans_and_Plantain_with_red_oil),625.0,32.0,57.0,19.0,Atsoomo_(Chin-Chin),307.38,5.91,36.59,10.85,1888.0,86.8,206.34,48.46
31,Male,68.1,1.66,Weight Loss,Oatmeal,348.0,8.0,45.0,4.0,Kenkey_and_Fried_Fish_with_Hot_Pepper,533.0,41.0,50.0,16.0,Jollof_Rice_with_Chicken,669.0,42.0,67.0,16.0,Plantain_Chips,281.0,3.0,39.0,8.0,1831.0,94.0,201.0,44.0
57,Male,85.3,1.72,Muscle Gain,Oatmeal,336.42,9.46,47.78,5.3,Fufu_with_Light_Soup_with_Goat_Meat,671.0,44.0,91.0,14.0,Angwamu_(Oil_Rice)_with_Hot_Pepper_and_Egg,615.79,38.98,64.77,13.31,Atsoomo_(Chin-Chin),307.38,5.91,36.59,10.85,1930.59,98.35,240.14,43.46
28,Female,70.9,1.58,Muscle Gain,Rice_water_and_bread,334.0,9.0,57.0,5.0,Kenkey_and_Fried_Fish_with_Hot_Pepper,551.0,40.0,65.0,22.0,Banku_with_Okra_Soup,666.0,38.0,65.0,11.0,Atsoomo_(Chin-Chin),307.38,5.91,36.59,10.85,1858.38,92.91,223.59,48.85
12,Male,60.9,1.31,Muscle Gain,Koko_with_Bofroat_(corn_dough_porridge_with_buffloaf),338.0,13.0,59.0,9.0,Fufu_with_Light_Soup_with_Goat_Meat,594.0,48.0,76.0,13.0,Tuo_Zaafi_with_Meat_Stew,619.0,52.0,72.0,12.0,Atsoomo_(Chin-Chin),307.38,5.91,36.59,10.85,1858.38,118.91,243.59,44.85
7,Male,36.3,1.01,Weight Loss,Rice_water_and_bread,291.0,8.0,44.0,3.0,Angwamu_(Oil_Rice)_with_Hot_Pepper_and_Egg,490.0,33.0,53.0,16.0,Kenkey_and_Fried_Fish_with_Hot_Pepper,470.0,46.0,55.0,15.0,Atsoomo_(Chin-Chin),277.0,3.0,32.0,15.0,1528.0,90.0,184.0,49.0
45,Male,59.9,1.69,Weight Loss,White_porridge_and_bread,304.0,7.0,53.0,4.0,Plain_Rice_with_Chicken,708.0,53.0,56.0,12.0,Waakye_and_Fish_with_egg,592.0,51.0,63.0,8.0,Plantain_Chips,336.0,3.0,34.0,10.0,1940.0,114.0,206.0,34.0
62,Male,64.3,1.68,Weight Loss,Hausa_Koko_(millet_porridge)_with_Koose,363.0,13.0,40.0,4.0,Boiled_Plantain/Yam_and_Garden_egg_stew,474.0,24.0,59.0,7.0,Plain_Rice_with_Chicken,595.0,45.0,59.0,9.0,Atsoomo_(Chin-Chin),307.38,5.91,36.59,10.85,1739.38,87.91,194.59,30.85
31,Female,78.9,1.59,Muscle Gain,White_porridge_and_bread,391.0,8.0,49.0,6.0,Waakye_and_Fish_with_egg,768.0,43.0,70.0,11.0,Angwamu_(Oil_Rice)_with_Hot_Pepper_and_Egg,569.0,26.0,65.0,21.0,Nkatie_Cake_(Groundnut_Cake),369.0,12.0,22.0,18.0,2097.0,89.0,206.0,56.0
38,Female,56.4,1.61,Weight Loss,Oatmeal,303.0,9.0,36.0,3.0,Boiled_Plantain/Yam_and_Garden_egg_stew,489.0,17.0,55.0,8.0,Angwamu_(Oil_Rice)_with_Hot_Pepper_and_Egg,615.79,38.98,64.77,13.31,Atsoomo_(Chin-Chin),307.38,5.91,36.59,10.85,1715.17,70.89,192.36,35.16
49,Male,82.0,1.62,Muscle Gain,Tom_Brown_and_bread,418.0,10.0,53.0,6.0,Jollof_Rice_with_Chicken,619.2,39.43,64.97,13.31,Fufu_with_Light_Soup_with_Goat_Meat,810.0,50.0,81.0,15.0,Atsoomo_(Chin-Chin),307.38,5.91,36.59,10.85,2154.58,105.34,235.56,45.16
40,Male,60.6,1.78,Weight Loss,White_porridge_and_bread,358.0,6.0,54.0,4.0,Waakye_and_Fish_with_egg,762.0,39.0,62.0,10.0,Angwamu_(Oil_Rice)_with_Hot_Pepper_and_Egg,651.0,27.0,47.0,19.0,Nkatie_Cake_(Groundnut_Cake),359.0,8.0,23.0,15.0,2130.0,80.0,186.0,48.0
65,Female,70.7,1.61,Muscle Gain,White_porridge_and_bread,336.0,7.0,61.0,4.0,Angwamu_(Oil_Rice)_with_Hot_Pepper_and_Egg,575.0,32.0,59.0,16.0,Tuo_Zaafi_with_Meat_Stew,599.0,32.0,82.0,11.0,Atsoomo_(Chin-Chin),307.38,5.91,36.59,10.85,1817.38,76.91,238.59,41.85
16,Female,44.2,1.23,Weight Loss,Koko_with_Bofroat_(corn_dough_porridge_with_buffloaf),312.0,9.0,59.0,8.0,Red-Red_(Beans_and_Plantain_with_red_oil),426.0,36.0,54.0,12.0,Plain_Rice_with_Chicken,464.0,54.0,66.0,15.0,Atsoomo_(Chin-Chin),307.38,5.91,36.59,10.85,1509.38,104.91,215.59,45.85
39,Female,68.4,1.57,Muscle Gain,White_porridge_and_bread,312.0,8.0,56.0,6.0,Jollof_Rice_with_Chicken,619.2,39.43,64.97,13.31,Angwamu_(Oil_Rice)_with_Hot_Pepper_and_Egg,664.0,31.0,52.0,20.0,Atsoomo_(Chin-Chin),385.0,4.0,35.0,17.0,1980.2,82.43,207.97,56.31
19,Female,72.1,1.56,Muscle Gain,Rice_water_and_bread,360.0,10.0,57.0,5.0,Plain_Rice_with_Chicken,820.0,57.0,78.0,16.0,Tuo_Zaafi_with_Meat_Stew,641.0,34.0,68.0,14.0,Atsoomo_(Chin-Chin),307.38,5.91,36.59,10.85,2128.38,106.91,239.59,45.85
71,Female,67.7,1.58,Muscle Gain,Rice_water_and_bread,327.0,8.0,54.0,4.0,Angwamu_(Oil_Rice)_with_Hot_Pepper_and_Egg,495.0,33.0,55.0,19.0,Plain_Rice_with_Chicken,697.0,60.0,63.0,14.0,Atsoomo_(Chin-Chin),307.38,5.91,36.59,10.85,1826.38,106.91,208.59,47.85
52,Male,81.5,1.69,Muscle Gain,Tea/Milo/Coffee_with_bread,344.0,7.0,34.0,8.0,Red-Red_(Beans_and_Plantain_with_red_oil),668.0,40.0,46.0,17.0,Angwamu_(Oil_Rice)_with_Hot_Pepper_and_Egg,665.0,34.0,51.0,23.0,Atsoomo_(Chin-Chin),307.38,5.91,36.59,10.85,1984.38,86.91,167.59,58.85
26,Female,70.1,1.56,Muscle Gain,Tom_Brown_and_bread,440.0,9.0,58.0,6.0,Fufu_with_Light_Soup_with_Goat_Meat,705.0,36.0,91.0,14.0,Angwamu_(Oil_Rice)_with_Hot_Pepper_and_Egg,615.79,38.98,64.77,13.31,Atsoomo_(Chin-Chin),307.38,5.91,36.59,10.85,2068.17,89.89,250.36,44.16
20,Female,64.0,1.6,Weight Loss,Oatmeal,273.0,8.0,37.0,4.0,Boiled_Plantain/Yam_and_Garden_egg_stew,538.0,22.0,50.0,7.0,Red-Red_(Beans_and_Plantain_with_red_oil),450.0,28.0,54.0,14.0,Roasted/Boiled_Maize_with_Coconut,279.0,5.0,37.0,6.0,1540.0,63.0,178.0,31.0
37,Male,67.0,1.7,Muscle Gain,Tea/Milo/Coffee_with_bread,303.0,6.0,42.0,8.0,Banku_and_Tilapia_with_Hot_Pepper,596.0,42.0,66.0,15.0,Banku_with_Okra_Soup,830.0,40.0,73.0,10.0,Atsoomo_(Chin-Chin),307.38,5.91,36.59,10.85,2036.38,93.91,217.59,43.85
39,Female,64.7,1.54,Muscle Gain,White_porridge_and_bread,336.0,8.0,48.0,6.0,Boiled_Plantain/Yam_and_Garden_egg_stew,573.0,26.0,63.0,8.0,Red-Red_(Beans_and_Plantain_with_red_oil),631.0,31.0,53.0,18.0,Atsoomo_(Chin-Chin),307.38,5.91,36.59,10.85,1847.38,70.91,200.59,42.85
53,Male,59.7,1.72,Weight Loss,Tom_Brown_and_bread,416.0,8.0,59.0,4.0,Angwamu_(Oil_Rice)_with_Hot_Pepper_and_Egg,566.0,28.0,54.0,18.0,Banku_with_Okra_Soup,741.0,37.0,75.0,8.0,Atsoomo_(Chin-Chin),307.38,5.91,36.59,10.85,2030.38,78.91,224.59,40.85
75,Female,69.7,1.55,Muscle Gain,Koko_with_Bofroat_(corn_dough_porridge_with_buffloaf),448.0,9.0,64.0,8.0,Tuo_Zaafi_with_Meat_Stew,616.0,39.0,66.0,12.0,Plain_Rice_with_Chicken,693.0,48.0,60.0,13.0,Atsoomo_(Chin-Chin),307.38,5.91,36.59,10.85,2064.38,101.91,226.59,43.85
57,Male,68.2,1.74,Weight Loss,White_porridge_and_bread,387.0,7.0,45.0,4.0,Angwamu_(Oil_Rice)_with_Hot_Pepper_and_Egg,674.0,25.0,61.0,15.0,Banku_and_Tilapia_with_Hot_Pepper,630.0,45.0,65.0,12.0,Nkatie_Cake_(Groundnut_Cake),319.0,11.0,22.0,12.0,2010.0,88.0,193.0,43.0
13,Female,34.6,1.13,Weight Loss,Koko_with_Bofroat_(corn_dough_porridge_with_buffloaf),337.0,12.0,47.0,7.0,Angwamu_(Oil_Rice)_with_Hot_Pepper_and_Egg,491.0,33.0,56.0,19.0,Kenkey_and_Fried_Fish_with_Hot_Pepper,484.0,42.0,49.0,13.0,Atsoomo_(Chin-Chin),307.38,5.91,36.59,10.85,1619.38,92.91,188.59,49.85
81,Male,74.1,1.64,Muscle Gain,Koko_with_Bofroat_(corn_dough_porridge_with_buffloaf),385.0,9.0,53.0,9.0,Tuo_Zaafi_with_Meat_Stew,754.0,40.0,65.0,11.0,Plain_Rice_with_Chicken,787.0,49.0,64.0,13.0,Kofi_Brokeman_(Roasted_Plantain_with_Groundnut),251.0,7.0,40.0,8.0,2177.0,105.0,222.0,41.0
9,Male,48.7,1.12,Muscle Gain,Koko_with_Bofroat_(corn_dough_porridge_with_buffloaf),363.0,15.0,66.0,10.0,Red-Red_(Beans_and_Plantain_with_red_oil),521.0,39.0,61.0,18.0,Angwamu_(Oil_Rice)_with_Hot_Pepper_and_Egg,615.79,38.98,64.77,13.31,Atsoomo_(Chin-Chin),307.38,5.91,36.59,10.85,1807.17,98.89,228.36,52.16
28,Female,57.3,1.63,Weight Loss,Koko_with_Bofroat_(corn_dough_porridge_with_buffloaf),427.0,9.0,56.0,8.0,Red-Red_(Beans_and_Plantain_with_red_oil),515.0,31.0,45.0,15.0,Banku_with_Okra_Soup,536.0,30.0,72.0,8.0,Atsoomo_(Chin-Chin),307.38,5.91,36.59,10.85,1785.38,75.91,209.59,41.85
14,Male,41.5,1.26,Weight Loss,Oatmeal,224.0,13.0,42.0,3.0,Jollof_Rice_with_Chicken,630.0,57.0,72.0,13.0,Angwamu_(Oil_Rice)_with_Hot_Pepper_and_Egg,615.79,38.98,64.77,13.31,Atsoomo_(Chin-Chin),307.38,5.91,36.59,10.85,1777.17,114.89,215.36,40.16
5,Male,33.2,1.0,Weight Loss,Hausa_Koko_(millet_porridge)_with_Koose,342.0,15.0,37.0,6.0,Banku_with_Okra_Soup,591.0,34.0,60.0,10.0,Boiled_Plantain/Yam_and_Garden_egg_stew,420.0,23.0,52.0,8.0,Atsoomo_(Chin-Chin),307.38,5.91,36.59,10.85,1660.38,77.91,185.59,34.85
38,Female,66.1,1.58,Muscle Gain,Oatmeal,336.42,9.46,47.78,5.3,Banku_with_Okra_Soup,677.0,39.0,81.0,10.0,Angwamu_(Oil_Rice)_with_Hot_Pepper_and_Egg,578.0,28.0,65.0,19.0,Atsoomo_(Chin-Chin),355.0,4.0,38.0,17.0,1946.42,80.46,231.78,51.3
38,Male,58.7,1.64,Weight Loss,Koko_with_Bofroat_(corn_dough_porridge_with_buffloaf),404.0,9.0,49.0,8.0,Plain_Rice_with_Chicken,666.0,49.0,68.0,12.0,Angwamu_(Oil_Rice)_with_Hot_Pepper_and_Egg,615.79,38.98,64.77,13.31,Atsoomo_(Chin-Chin),307.38,5.91,36.59,10.85,1993.17,102.89,218.36,44.16
39,Male,64.7,1.67,Weight Loss,Tom_Brown_and_bread,434.0,9.0,54.0,4.0,Waakye_and_Fish_with_egg,754.0,45.0,66.0,8.0,Plain_Rice_with_Chicken,744.0,48.0,55.0,14.0,Atsoomo_(Chin-Chin),307.38,5.91,36.59,10.85,2239.38,107.91,211.59,36.85
26,Male,75.9,1.76,Muscle Gain,Tom_Brown_and_bread,478.0,10.0,57.0,6.0,Jollof_Rice_with_Chicken,932.0,45.0,87.0,18.0,Red-Red_(Beans_and_Plantain_with_red_oil),600.0,32.0,55.0,16.0,Atsoomo_(Chin-Chin),420.0,4.0,30.0,17.0,2430.0,91.0,229.0,57.0
54,Male,76.8,1.79,Muscle Gain,Tom_Brown_and_bread,452.0,10.0,63.0,6.0,Waakye_and_Fish_with_egg,823.0,58.0,64.0,12.0,Plain_Rice_with_Chicken,823.0,57.0,64.0,17.0,Atsoomo_(Chin-Chin),307.38,5.91,36.59,10.85,2405.38,130.91,227.59,45.85
11,Female,46.2,1.19,Weight Loss,Koko_with_Bofroat_(corn_dough_porridge_with_buffloaf),276.0,10.0,51.0,8.0,Fufu_with_Light_Soup_with_Goat_Meat,568.0,46.0,73.0,9.0,Jollof_Rice_with_Chicken,559.0,50.0,72.0,15.0,Atsoomo_(Chin-Chin),307.38,5.91,36.59,10.85,1710.38,111.91,232.59,42.85
45,Male,58.8,1.71,Weight Loss,Hausa_Koko_(millet_porridge)_with_Koose,429.0,13.0,37.0,5.0,Fufu_with_Light_Soup_with_Goat_Meat,760.0,39.0,71.0,12.0,Tuo_Zaafi_with_Meat_Stew,745.0,31.0,63.0,11.0,Atsoomo_(Chin-Chin),307.38,5.91,36.59,10.85,2241.38,88.91,207.59,38.85
33,Male,68.1,1.73,Weight Loss,Hausa_Koko_(millet_porridge)_with_Koose,437.0,12.0,45.0,5.0,Plain_Rice_with_Chicken,614.0,50.0,67.0,15.0,Fufu_with_Light_Soup_with_Goat_Meat,741.0,42.0,61.0,10.0,Atsoomo_(Chin-Chin),307.38,5.91,36.59,10.85,2099.38,109.91,209.59,40.85
55,Female,68.1,1.55,Muscle Gain,Koko_with_Bofroat_(corn_dough_porridge_with_buffloaf),382.0,12.0,66.0,9.0,Kenkey_and_Fried_Fish_with_Hot_Pepper,635.0,37.0,67.0,19.0,Plain_Rice_with_Chicken,809.0,45.0,70.0,17.0,Nkatie_Cake_(Groundnut_Cake),365.0,9.0,27.0,20.0,2191.0,103.0,230.0,65.0
16,Male,52.5,1.35,Muscle Gain,Hausa_Koko_(millet_porridge)_with_Koose,311.0,19.0,39.0,7.0,Plain_Rice_with_Chicken,667.0,80.0,67.0,19.0,Boiled_Plantain/Yam_and_Garden_egg_stew,475.0,31.0,59.0,10.0,Atsoomo_(Chin-Chin),307.38,5.91,36.59,10.85,1760.38,135.91,201.59,46.85
24,Male,84.0,1.67,Muscle Gain,Koko_with_Bofroat_(corn_dough_porridge_with_buffloaf),512.0,9.0,62.0,10.0,Waakye_and_Fish_with_egg,767.0,57.0,68.0,11.0,Fufu_with_Light_Soup_with_Goat_Meat,867.0,39.0,70.0,15.0,Atsoomo_(Chin-Chin),307.38,5.91,36.59,10.85,2453.38,110.91,236.59,46.85
29,Male,60.7,1.69,Weight Loss,Hausa_Koko_(millet_porridge)_with_Koose,352.0,13.0,45.0,4.0,Kenkey_and_Fried_Fish_with_Hot_Pepper,547.0,34.0,47.0,14.0,Jollof_Rice_with_Chicken,676.0,42.0,85.0,15.0,Nkatie_Cake_(Groundnut_Cake),357.0,11.0,22.0,15.0,1932.0,100.0,199.0,48.0
48,Male,74.7,1.75,Muscle Gain,Hausa_Koko_(millet_porridge)_with_Koose,456.0,14.0,42.0,9.0,Banku_and_Tilapia_with_Hot_Pepper,607.0,56.0,57.0,15.0,Banku_with_Okra_Soup,707.0,40.0,70.0,10.0,Atsoomo_(Chin-Chin),307.38,5.91,36.59,10.85,2077.38,115.91,205.59,44.85
53,Female,73.6,1.54,Muscle Gain,Hausa_Koko_(millet_porridge)_with_Koose,331.0,13.0,44.0,8.0,Jollof_Rice_with_Chicken,822.0,43.0,78.0,22.0,Tuo_Zaafi_with_Meat_Stew,721.0,34.0,73.0,12.0,Atsoomo_(Chin-Chin),307.38,5.91,36.59,10.85,2181.38,95.91,231.59,52.85
53,Female,63.4,1.59,Muscle Gain,Oatmeal,336.42,9.46,47.78,5.3,Kenkey_and_Fried_Fish_with_Hot_Pepper,695.0,39.0,67.0,18.0,Angwamu_(Oil_Rice)_with_Hot_Pepper_and_Egg,615.79,38.98,64.77,13.31,Kofi_Brokeman_(Roasted_Plantain_with_Groundnut),309.0,7.0,34.0,10.0,1956.21,94.44,213.55,46.61
78,Male,71.8,1.65,Muscle Gain,Rice_water_and_bread,344.0,9.0,53.0,4.0,Waakye_and_Fish_with_egg,646.0,61.0,73.0,10.0,Angwamu_(Oil_Rice)_with_Hot_Pepper_and_Egg,588.0,30.0,57.0,17.0,Agbelikaklo_with_Coconut,295.0,4.0,46.0,8.0,1873.0,104.0,229.0,39.0
80,Male,58.0,1.61,Weight Loss,Oatmeal,316.0,9.0,35.0,3.0,Jollof_Rice_with_Chicken,619.2,39.43,64.97,13.31,Plain_Rice_with_Chicken,658.0,52.0,62.0,12.0,Atsoomo_(Chin-Chin),347.0,3.0,27.0,13.0,1940.2,103.43,188.97,41.31
60,Female,72.8,1.65,Muscle Gain,Oatmeal,336.42,9.46,47.78,5.3,Banku_and_Tilapia_with_Hot_Pepper,708.0,46.0,71.0,17.0,Plain_Rice_with_Chicken,793.0,56.0,71.0,15.0,Atsoomo_(Chin-Chin),307.38,5.91,36.59,10.85,2144.8,117.37,226.37,48.15
58,Female,69.4,1.55,Muscle Gain,Tea/Milo/Coffee_with_bread,275.0,6.0,44.0,8.0,Jollof_Rice_with_Chicken,807.0,40.0,76.0,17.0,Waakye_and_Fish_with_egg,643.0,55.0,63.0,13.0,Atsoomo_(Chin-Chin),307.38,5.91,36.59,10.85,2032.38,106.91,219.59,48.85
78,Male,56.9,1.65,Weight Loss,Hausa_Koko_(millet_porridge)_with_Koose,343.0,14.0,40.0,4.0,Banku_and_Tilapia_with_Hot_Pepper,574.0,42.0,53.0,8.0,Plain_Rice_with_Chicken,581.0,47.0,61.0,11.0,Atsoomo_(Chin-Chin),307.38,5.91,36.59,10.85,1805.38,108.91,190.59,33.85
59,Male,75.7,1.65,Muscle Gain,Tea/Milo/Coffee_with_bread,328.0,7.0,36.0,8.0,Fufu_with_Light_Soup_with_Goat_Meat,886.0,46.0,78.0,16.0,Red-Red_(Beans_and_Plantain_with_red_oil),666.0,39.0,57.0,15.0,Atsoomo_(Chin-Chin),307.38,5.91,36.59,10.85,2187.38,97.91,207.59,49.85
83,Female,67.2,1.55,Muscle Gain,Hausa_Koko_(millet_porridge)_with_Koose,302.0,13.0,40.0,5.0,Fufu_with_Light_Soup_with_Goat_Meat,723.0,34.0,72.0,11.0,Red-Red_(Beans_and_Plantain_with_red_oil),550.0,32.0,59.0,15.0,Atsoomo_(Chin-Chin),307.38,5.91,36.59,10.85,1882.38,84.91,207.59,41.85
6,Female,38.6,1.0,Muscle Gain,Oatmeal,225.0,14.0,45.0,4.0,Waakye_and_Fish_with_egg,539.0,52.0,62.0,10.0,Banku_and_Tilapia_with_Hot_Pepper,544.0,46.0,63.0,16.0,Atsoomo_(Chin-Chin),307.38,5.91,36.59,10.85,1615.38,117.91,206.59,40.85
22,Female,54.5,1.66,Weight Loss,Oatmeal,279.0,9.0,43.0,4.0,Jollof_Rice_with_Chicken,619.2,39.43,64.97,13.31,Tuo_Zaafi_with_Meat_Stew,678.0,35.0,59.0,11.0,Atsoomo_(Chin-Chin),307.38,5.91,36.59,10.85,1883.58,89.34,203.56,39.16
79,Male,58.3,1.62,Weight Loss,Oatmeal,277.0,11.0,37.0,3.0,Boiled_Plantain/Yam_and_Garden_egg_stew,534.0,18.0,60.0,7.0,Tuo_Zaafi_with_Meat_Stew,683.0,31.0,74.0,8.0,Atsoomo_(Chin-Chin),304.0,3.0,29.0,14.0,1798.0,63.0,200.0,32.0
25,Female,69.7,1.63,Muscle Gain,Rice_water_and_bread,330.0,9.0,56.0,5.0,Jollof_Rice_with_Chicken,762.0,45.0,83.0,19.0,Angwamu_(Oil_Rice)_with_Hot_Pepper_and_Egg,565.0,33.0,67.0,19.0,Atsoomo_(Chin-Chin),307.38,5.91,36.59,10.85,1964.38,92.91,242.59,53.85
7,Female,40.7,1.0,Muscle Gain,Hausa_Koko_(millet_porridge)_with_Koose,268.0,18.0,47.0,7.0,Angwamu_(Oil_Rice)_with_Hot_Pepper_and_Egg,413.0,32.0,62.0,25.0,Angwamu_(Oil_Rice)_with_Hot_Pepper_and_Egg,615.79,38.98,64.77,13.31,Plantain_Chips,272.0,3.0,41.0,10.0,1568.79,91.98,214.77,55.31
32,Male,78.5,1.67,Muscle Gain,Rice_water_and_bread,363.0,9.0,53.0,5.0,Fufu_with_Light_Soup_with_Goat_Meat,760.0,40.0,76.0,16.0,Jollof_Rice_with_Chicken,865.0,55.0,91.0,21.0,Atsoomo_(Chin-Chin),307.38,5.91,36.59,10.85,2295.38,109.91,256.59,52.85
15,Male,42.4,1.31,Weight Loss,Koko_with_Bofroat_(corn_dough_porridge_with_buffloaf),305.0,9.0,48.0,8.0,Banku_with_Okra_Soup,548.0,39.0,72.0,10.0,Kenkey_and_Fried_Fish_with_Hot_Pepper,445.0,47.0,49.0,16.0,Atsoomo_(Chin-Chin),307.38,5.91,36.59,10.85,1605.38,100.91,205.59,44.85
46,Female,51.2,1.59,Weight Loss,White_porridge_and_bread,347.0,6.0,49.0,4.0,Boiled_Plantain/Yam_and_Garden_egg_stew,514.0,20.0,62.0,8.0,Fufu_with_Light_Soup_with_Goat_Meat,655.0,32.0,68.0,9.0,Agbelikaklo_with_Coconut,264.0,5.0,39.0,7.0,1780.0,63.0,218.0,28.0
56,Female,77.1,1.69,Muscle Gain,White_porridge_and_bread,403.0,7.0,56.0,5.0,Plain_Rice_with_Chicken,677.0,58.0,65.0,16.0,Boiled_Plantain/Yam_and_Garden_egg_stew,529.0,24.0,68.0,9.0,Atsoomo_(Chin-Chin),307.38,5.91,36.59,10.85,1916.38,94.91,225.59,40.85
27,Female,58.2,1.58,Weight Loss,Koko_with_Bofroat_(corn_dough_porridge_with_buffloaf),443.0,8.0,52.0,6.0,Red-Red_(Beans_and_Plantain_with_red_oil),564.0,31.0,54.0,12.0,Jollof_Rice_with_Chicken,782.0,45.0,71.0,16.0,Agbelikaklo_with_Coconut,325.0,4.0,49.0,8.0,2114.0,88.0,226.0,42.0
84,Male,73.8,1.6,Muscle Gain,Tea/Milo/Coffee_with_bread,259.0,7.0,35.0,7.0,Boiled_Plantain/Yam_and_Garden_egg_stew,592.0,27.0,59.0,7.0,Angwamu_(Oil_Rice)_with_Hot_Pepper_and_Egg,647.0,27.0,53.0,18.0,Atsoomo_(Chin-Chin),307.38,5.91,36.59,10.85,1805.38,66.91,183.59,42.85
64,Male,75.6,1.69,Muscle Gain,Koko_with_Bofroat_(corn_dough_porridge_with_buffloaf),408.0,14.0,68.0,6.0,Jollof_Rice_with_Chicken,619.2,39.43,64.97,13.31,Fufu_with_Light_Soup_with_Goat_Meat,731.0,52.0,78.0,13.0,Atsoomo_(Chin-Chin),307.38,5.91,36.59,10.85,2065.58,111.34,247.56,43.16
12,Female,44.9,1.25,Weight Loss,Koko_with_Bofroat_(corn_dough_porridge_with_buffloaf),326.0,13.0,48.0,8.0,Fufu_with_Light_Soup_with_Goat_Meat,548.0,45.0,76.0,12.0,Red-Red_(Beans_and_Plantain_with_red_oil),404.0,31.0,52.0,13.0,Atsoomo_(Chin-Chin),307.38,5.91,36.59,10.85,1585.38,94.91,212.59,43.85
5,Female,38.5,1.0,Muscle Gain,Tea/Milo/Coffee_with_bread,275.0,7.0,43.0,7.0,Jollof_Rice_with_Chicken,619.2,39.43,64.97,13.31,Jollof_Rice_with_Chicken,613.0,52.0,73.0,20.0,Plantain_Chips,210.0,3.0,43.0,12.0,1717.2,101.43,223.97,52.31
50,Male,60.0,1.75,Weight Loss,Oatmeal,336.42,9.46,47.78,5.3,Jollof_Rice_with_Chicken,880.0,44.0,83.0,13.0,Plain_Rice_with_Chicken,689.0,42.0,61.0,12.0,Atsoomo_(Chin-Chin),307.38,5.91,36.59,10.85,2212.8,101.37,228.37,41.15
28,Male,67.4,1.74,Muscle Gain,Tea/Milo/Coffee_with_bread,369.0,7.0,38.0,7.0,Banku_and_Tilapia_with_Hot_Pepper,695.0,52.0,57.0,16.0,Angwamu_(Oil_Rice)_with_Hot_Pepper_and_Egg,660.0,32.0,51.0,19.0,Atsoomo_(Chin-Chin),307.38,5.91,36.59,10.85,2031.38,96.91,182.59,52.85
45,Female,72.3,1.58,Muscle Gain,Oatmeal,311.0,12.0,39.0,4.0,Fufu_with_Light_Soup_with_Goat_Meat,677.0,36.0,84.0,13.0,Banku_with_Okra_Soup,592.0,30.0,68.0,10.0,Atsoomo_(Chin-Chin),307.38,5.91,36.59,10.85,1887.38,83.91,227.59,37.85
40,Female,53.0,1.66,Weight Loss,Oatmeal,336.42,9.46,47.78,5.3,Plain_Rice_with_Chicken,553.0,47.0,66.0,15.0,Waakye_and_Fish_with_egg,554.0,37.0,61.0,9.0,Atsoomo_(Chin-Chin),307.38,5.91,36.59,10.85,1750.8,99.37,211.37,40.15
46,Female,69.4,1.59,Muscle Gain,Tom_Brown_and_bread,368.0,10.0,62.0,5.0,Kenkey_and_Fried_Fish_with_Hot_Pepper,718.0,45.0,62.0,17.0,Waakye_and_Fish_with_egg,682.0,51.0,60.0,11.0,Atsoomo_(Chin-Chin),337.0,3.0,37.0,20.0,2105.0,109.0,221.0,53.0
14,Male,42.4,1.27,Weight Loss,Rice_water_and_bread,236.0,8.0,46.0,3.0,Waakye_and_Fish_with_egg,523.0,60.0,55.0,9.0,Banku_with_Okra_Soup,594.0,33.0,70.0,9.0,Atsoomo_(Chin-Chin),307.38,5.91,36.59,10.85,1660.38,106.91,207.59,31.85
22,Female,69.0,1.66,Muscle Gain,Rice_water_and_bread,326.0,9.0,52.0,4.0,Fufu_with_Light_Soup_with_Goat_Meat,742.0,44.0,81.0,15.0,Jollof_Rice_with_Chicken,760.0,40.0,82.0,22.0,Nkatie_Cake_(Groundnut_Cake),315.0,12.0,23.0,15.0,2143.0,105.0,238.0,56.0
13,Female,33.9,1.17,Weight Loss,Koko_with_Bofroat_(corn_dough_porridge_with_buffloaf),356.0,10.0,57.0,6.0,Kenkey_and_Fried_Fish_with_Hot_Pepper,496.0,44.0,60.0,13.0,Boiled_Plantain/Yam_and_Garden_egg_stew,440.0,24.0,52.0,7.0,Atsoomo_(Chin-Chin),307.38,5.91,36.59,10.85,1599.38,83.91,205.59,36.85
17,Female,41.8,1.31,Weight Loss,Oatmeal,336.42,9.46,47.78,5.3,Plain_Rice_with_Chicken,499.0,46.0,57.0,14.0,Kenkey_and_Fried_Fish_with_Hot_Pepper,404.0,40.0,58.0,14.0,Atsoomo_(Chin-Chin),307.38,5.91,36.59,10.85,1546.8,101.37,199.37,44.15
80,Male,71.1,1.63,Muscle Gain,Tom_Brown_and_bread,344.0,8.0,59.0,4.0,Jollof_Rice_with_Chicken,698.0,49.0,85.0,18.0,Boiled_Plantain/Yam_and_Garden_egg_stew,490.0,24.0,60.0,8.0,Roasted/Boiled_Maize_with_Coconut,282.0,6.0,35.0,5.0,1814.0,87.0,239.0,35.0
36,Male,73.7,1.75,Muscle Gain,Rice_water_and_bread,404.0,9.0,61.0,5.0,Jollof_Rice_with_Chicken,619.2,39.43,64.97,13.31,Angwamu_(Oil_Rice)_with_Hot_Pepper_and_Egg,615.79,38.98,64.77,13.31,Atsoomo_(Chin-Chin),307.38,5.91,36.59,10.85,1946.37,93.32,227.33,42.47
9,Male,52.5,1.14,Muscle Gain,Rice_water_and_bread,314.0,9.0,50.0,5.0,Banku_with_Okra_Soup,526.0,40.0,80.0,12.0,Angwamu_(Oil_Rice)_with_Hot_Pepper_and_Egg,474.0,32.0,67.0,20.0,Atsoomo_(Chin-Chin),307.38,5.91,36.59,10.85,1621.38,86.91,233.59,47.85
24,Male,60.4,1.76,Weight Loss,Tom_Brown_and_bread,336.0,8.0,54.0,4.0,Jollof_Rice_with_Chicken,619.2,39.43,64.97,13.31,Angwamu_(Oil_Rice)_with_Hot_Pepper_and_Egg,686.0,25.0,59.0,16.0,Atsoomo_(Chin-Chin),307.38,5.91,36.59,10.85,1948.58,78.34,214.56,44.16
63,Female,69.0,1.59,Muscle Gain,Koko_with_Bofroat_(corn_dough_porridge_with_buffloaf),398.0,9.0,61.0,9.0,Fufu_with_Light_Soup_with_Goat_Meat,594.0,39.0,71.0,11.0,Kenkey_and_Fried_Fish_with_Hot_Pepper,570.0,37.0,51.0,17.0,Kofi_Brokeman_(Roasted_Plantain_with_Groundnut),269.0,7.0,43.0,7.0,1831.0,92.0,226.0,44.0
38,Female,59.8,1.52,Weight Loss,White_porridge_and_bread,333.0,6.0,50.0,4.0,Banku_with_Okra_Soup,566.0,29.0,58.0,8.0,Angwamu_(Oil_Rice)_with_Hot_Pepper_and_Egg,615.79,38.98,64.77,13.31,Roasted/Boiled_Maize_with_Coconut,241.0,6.0,34.0,5.0,1755.79,79.98,206.77,30.31
52,Female,53.7,1.59,Weight Loss,Koko_with_Bofroat_(corn_dough_porridge_with_buffloaf),457.0,9.0,45.0,8.0,Fufu_with_Light_Soup_with_Goat_Meat,642.0,38.0,81.0,10.0,Banku_and_Tilapia_with_Hot_Pepper,518.0,35.0,62.0,12.0,Atsoomo_(Chin-Chin),307.38,5.91,36.59,10.85,1924.38,87.91,224.59,40.85
13,Female,34.3,1.14,Weight Loss,Hausa_Koko_(millet_porridge)_with_Koose,239.0,13.0,36.0,6.0,Fufu_with_Light_Soup_with_Goat_Meat,544.0,48.0,81.0,10.0,Angwamu_(Oil_Rice)_with_Hot_Pepper_and_Egg,380.0,28.0,49.0,14.0,Plantain_Chips,210.0,3.0,37.0,9.0,1373.0,92.0,203.0,39.0
13,Female,45.1,1.13,Muscle Gain,Oatmeal,336.42,9.46,47.78,5.3,Jollof_Rice_with_Chicken,687.0,58.0,89.0,22.0,Banku_with_Okra_Soup,449.0,40.0,69.0,13.0,Nkatie_Cake_(Groundnut_Cake),281.0,12.0,25.0,20.0,1753.42,119.46,230.78,60.3
32,Male,69.0,1.78,Weight Loss,Hausa_Koko_(millet_porridge)_with_Koose,432.0,13.0,39.0,4.0,Angwamu_(Oil_Rice)_with_Hot_Pepper_and_Egg,583.0,26.0,54.0,19.0,Jollof_Rice_with_Chicken,657.0,47.0,80.0,16.0,Kofi_Brokeman_(Roasted_Plantain_with_Groundnut),270.0,6.0,31.0,7.0,1942.0,92.0,204.0,46.0
51,Female,58.2,1.56,Weight Loss,Koko_with_Bofroat_(corn_dough_porridge_with_buffloaf),341.0,10.0,55.0,8.0,Plain_Rice_with_Chicken,738.0,47.0,67.0,13.0,Waakye_and_Fish_with_egg,658.0,36.0,71.0,8.0,Agbelikaklo_with_Coconut,281.0,5.0,51.0,8.0,2018.0,98.0,244.0,37.0
60,Female,75.1,1.65,Muscle Gain,Tom_Brown_and_bread,382.0,12.0,61.0,5.0,Angwamu_(Oil_Rice)_with_Hot_Pepper_and_Egg,563.0,33.0,62.0,20.0,Tuo_Zaafi_with_Meat_Stew,748.0,36.0,70.0,15.0,Atsoomo_(Chin-Chin),307.38,5.91,36.59,10.85,2000.38,86.91,229.59,50.85
8,Male,48.1,1.07,Muscle Gain,Tom_Brown_and_bread,353.0,10.0,62.0,5.0,Banku_with_Okra_Soup,508.0,43.0,84.0,11.0,Angwamu_(Oil_Rice)_with_Hot_Pepper_and_Egg,570.0,32.0,63.0,19.0,Atsoomo_(Chin-Chin),307.38,5.91,36.59,10.85,1738.38,90.91,245.59,45.85
40,Male,66.1,1.72,Weight Loss,Hausa_Koko_(millet_porridge)_with_Koose,355.0,11.0,39.0,5.0,Plain_Rice_with_Chicken,733.0,49.0,63.0,13.0,Fufu_with_Light_Soup_with_Goat_Meat,768.0,40.0,75.0,12.0,Atsoomo_(Chin-Chin),307.38,5.91,36.59,10.85,2163.38,105.91,213.59,40.85
13,Male,38.7,1.2,Weight Loss,Hausa_Koko_(millet_porridge)_with_Koose,311.0,13.0,43.0,5.0,Boiled_Plantain/Yam_and_Garden_egg_stew,402.0,24.0,54.0,7.0,Banku_and_Tilapia_with_Hot_Pepper,444.0,48.0,63.0,10.0,Atsoomo_(Chin-Chin),307.38,5.91,36.59,10.85,1464.38,90.91,196.59,32.85
53,Male,64.6,1.66,Weight Loss,White_porridge_and_bread,334.0,7.0,51.0,4.0,Jollof_Rice_with_Chicken,883.0,44.0,68.0,17.0,Boiled_Plantain/Yam_and_Garden_egg_stew,557.0,22.0,64.0,6.0,Atsoomo_(Chin-Chin),307.38,5.91,36.59,10.85,2081.38,78.91,219.59,37.85
56,Female,60.1,1.58,Weight Loss,Tea/Milo/Coffee_with_bread,262.0,6.0,36.0,7.0,Plain_Rice_with_Chicken,627.0,43.0,59.0,13.0,Kenkey_and_Fried_Fish_with_Hot_Pepper,513.0,38.0,51.0,16.0,Atsoomo_(Chin-Chin),307.38,5.91,36.59,10.85,1709.38,92.91,182.59,46.85
27,Male,60.2,1.63,Weight Loss,Rice_water_and_bread,294.0,7.0,44.0,4.0,Tuo_Zaafi_with_Meat_Stew,628.0,29.0,68.0,9.0,Angwamu_(Oil_Rice)_with_Hot_Pepper_and_Egg,615.79,38.98,64.77,13.31,Atsoomo_(Chin-Chin),307.38,5.91,36.59,10.85,1845.17,80.89,213.36,37.16
13,Female,46.3,1.17,Muscle Gain,Oatmeal,259.0,15.0,44.0,5.0,Jollof_Rice_with_Chicken,619.2,39.43,64.97,13.31,Angwamu_(Oil_Rice)_with_Hot_Pepper_and_Egg,615.79,38.98,64.77,13.31,Atsoomo_(Chin-Chin),307.38,5.91,36.59,10.85,1801.37,99.32,210.33,42.47
59,Male,62.4,1.78,Weight Loss,Tea/Milo/Coffee_with_bread,345.0,5.0,33.0,6.0,Plain_Rice_with_Chicken,724.0,49.0,70.0,15.0,Boiled_Plantain/Yam_and_Garden_egg_stew,595.0,20.0,55.0,7.0,Atsoomo_(Chin-Chin),307.38,5.91,36.59,10.85,1971.38,79.91,194.59,38.85
15,Male,52.8,1.29,Muscle Gain,Hausa_Koko_(millet_porridge)_with_Koose,286.0,15.0,47.0,7.0,Banku_and_Tilapia_with_Hot_Pepper,587.0,57.0,58.0,13.0,Red-Red_(Beans_and_Plantain_with_red_oil),464.0,39.0,51.0,18.0,Atsoomo_(Chin-Chin),307.38,5.91,36.59,10.85,1644.38,116.91,192.59,48.85
18,Male,67.9,1.79,Weight Loss,Koko_with_Bofroat_(corn_dough_porridge_with_buffloaf),386.0,9.0,46.0,8.0,Fufu_with_Light_Soup_with_Goat_Meat,608.0,40.0,72.0,12.0,Waakye_and_Fish_with_egg,625.0,45.0,72.0,9.0,Kofi_Brokeman_(Roasted_Plantain_with_Groundnut),280.0,6.0,38.0,8.0,1899.0,100.0,228.0,37.0
45,Female,70.8,1.67,Muscle Gain,White_porridge_and_bread,370.0,7.0,62.0,6.0,Red-Red_(Beans_and_Plantain_with_red_oil),564.0,32.0,48.0,17.0,Banku_with_Okra_Soup,600.0,40.0,74.0,12.0,Atsoomo_(Chin-Chin),307.38,5.91,36.59,10.85,1841.38,84.91,220.59,45.85
19,Female,58.6,1.56,Weight Loss,Oatmeal,306.0,8.0,34.0,4.0,Banku_and_Tilapia_with_Hot_Pepper,601.0,41.0,54.0,12.0,Plain_Rice_with_Chicken,712.0,51.0,60.0,15.0,Atsoomo_(Chin-Chin),307.38,5.91,36.59,10.85,1926.38,105.91,184.59,41.85
77,Female,53.2,1.55,Weight Loss,Tom_Brown_and_bread,288.0,9.0,59.0,3.0,Banku_with_Okra_Soup,515.0,25.0,73.0,7.0,Jollof_Rice_with_Chicken,676.0,39.0,77.0,11.0,Atsoomo_(Chin-Chin),307.38,5.91,36.59,10.85,1786.38,78.91,245.59,31.85
77,Male,74.8,1.64,Muscle Gain,White_porridge_and_bread,328.0,8.0,47.0,4.0,Jollof_Rice_with_Chicken,619.2,39.43,64.97,13.31,Plain_Rice_with_Chicken,804.0,62.0,70.0,16.0,Atsoomo_(Chin-Chin),307.38,5.91,36.59,10.85,2058.58,115.34,218.56,44.16
26,Female,57.1,1.58,Weight Loss,Tom_Brown_and_bread,309.0,8.0,58.0,4.0,Boiled_Plantain/Yam_and_Garden_egg_stew,529.0,20.0,50.0,6.0,Banku_and_Tilapia_with_Hot_Pepper,543.0,39.0,59.0,10.0,Agbelikaklo_with_Coconut,268.0,5.0,44.0,8.0,1649.0,72.0,211.0,28.0
62,Female,73.6,1.59,Muscle Gain,Oatmeal,294.0,9.0,39.0,4.0,Plain_Rice_with_Chicken,574.0,54.0,61.0,16.0,Kenkey_and_Fried_Fish_with_Hot_Pepper,540.0,40.0,67.0,17.0,Atsoomo_(Chin-Chin),307.38,5.91,36.59,10.85,1715.38,108.91,203.59,47.85
83,Male,69.5,1.64,Muscle Gain,Hausa_Koko_(millet_porridge)_with_Koose,413.0,14.0,45.0,7.0,Jollof_Rice_with_Chicken,663.0,54.0,83.0,18.0,Red-Red_(Beans_and_Plantain_with_red_oil),524.0,31.0,53.0,16.0,Atsoomo_(Chin-Chin),307.38,5.91,36.59,10.85,1907.38,104.91,217.59,51.85
21,Male,61.4,1.75,Weight Loss,Koko_with_Bofroat_(corn_dough_porridge_with_buffloaf),456.0,11.0,57.0,8.0,Jollof_Rice_with_Chicken,715.0,44.0,71.0,14.0,Angwamu_(Oil_Rice)_with_Hot_Pepper_and_Egg,615.79,38.98,64.77,13.31,Atsoomo_(Chin-Chin),307.38,5.91,36.59,10.85,2094.17,99.89,229.36,46.16
58,Female,57.6,1.59,Weight Loss,Oatmeal,301.0,9.0,40.0,4.0,Waakye_and_Fish_with_egg,706.0,46.0,55.0,8.0,Angwamu_(Oil_Rice)_with_Hot_Pepper_and_Egg,520.0,27.0,49.0,17.0,Atsoomo_(Chin-Chin),307.38,5.91,36.59,10.85,1834.38,87.91,180.59,39.85
16,Female,53.9,1.25,Muscle Gain,Oatmeal,336.42,9.46,47.78,5.3,Jollof_Rice_with_Chicken,682.0,55.0,87.0,22.0,Tuo_Zaafi_with_Meat_Stew,556.0,43.0,65.0,14.0,Roasted/Boiled_Maize_with_Coconut,238.0,7.0,42.0,7.0,1812.42,114.46,241.78,48.3
54,Male,64.4,1.7,Weight Loss,Oatmeal,336.42,9.46,47.78,5.3,Angwamu_(Oil_Rice)_with_Hot_Pepper_and_Egg,684.0,30.0,58.0,16.0,Boiled_Plantain/Yam_and_Garden_egg_stew,514.0,19.0,63.0,8.0,Nkatie_Cake_(Groundnut_Cake),304.0,9.0,22.0,13.0,1838.42,67.46,190.78,42.3
26,Female,67.4,1.66,Muscle Gain,Koko_with_Bofroat_(corn_dough_porridge_with_buffloaf),452.0,9.0,59.0,9.0,Jollof_Rice_with_Chicken,619.2,39.43,64.97,13.31,Red-Red_(Beans_and_Plantain_with_red_oil),553.0,33.0,54.0,17.0,Atsoomo_(Chin-Chin),307.38,5.91,36.59,10.85,1931.58,87.34,214.56,50.16
15,Male,52.9,1.31,Muscle Gain,Oatmeal,248.0,10.0,47.0,5.0,Angwamu_(Oil_Rice)_with_Hot_Pepper_and_Egg,565.0,40.0,65.0,20.0,Waakye_and_Fish_with_egg,539.0,56.0,71.0,11.0,Atsoomo_(Chin-Chin),307.38,5.91,36.59,10.85,1659.38,111.91,219.59,46.85
73,Male,77.0,1.67,Muscle Gain,Oatmeal,345.0,10.0,47.0,3.0,Angwamu_(Oil_Rice)_with_Hot_Pepper_and_Egg,668.0,30.0,52.0,16.0,Banku_and_Tilapia_with_Hot_Pepper,581.0,52.0,56.0,13.0,Atsoomo_(Chin-Chin),307.38,5.91,36.59,10.85,1901.38,97.91,191.59,42.85
64,Male,76.8,1.66,Muscle Gain,Hausa_Koko_(millet_porridge)_with_Koose,365.0,14.0,49.0,5.0,Banku_with_Okra_Soup,576.0,39.0,73.0,8.0,Kenkey_and_Fried_Fish_with_Hot_Pepper,631.0,44.0,52.0,14.0,Nkatie_Cake_(Groundnut_Cake),358.0,13.0,28.0,13.0,1930.0,110.0,202.0,40.0
53,Male,67.9,1.74,Weight Loss,Tea/Milo/Coffee_with_bread,268.0,6.0,31.0,5.0,Tuo_Zaafi_with_Meat_Stew,673.0,37.0,76.0,9.0,Waakye_and_Fish_with_egg,772.0,45.0,59.0,8.0,Atsoomo_(Chin-Chin),307.38,5.91,36.59,10.85,2020.38,93.91,202.59,32.85
55,Male,78.1,1.7,Muscle Gain,Rice_water_and_bread,366.0,9.0,49.0,5.0,Banku_and_Tilapia_with_Hot_Pepper,754.0,50.0,56.0,12.0,Waakye_and_Fish_with_egg,719.0,58.0,66.0,11.0,Nkatie_Cake_(Groundnut_Cake),426.0,9.0,27.0,20.0,2265.0,126.0,198.0,48.0
58,Female,75.1,1.59,Muscle Gain,White_porridge_and_bread,344.0,8.0,57.0,5.0,Tuo_Zaafi_with_Meat_Stew,753.0,38.0,84.0,12.0,Red-Red_(Beans_and_Plantain_with_red_oil),500.0,36.0,52.0,16.0,Plantain_Chips,336.0,3.0,49.0,12.0,1933.0,85.0,242.0,45.0
26,Female,62.8,1.62,Weight Loss,Rice_water_and_bread,276.0,9.0,44.0,4.0,Tuo_Zaafi_with_Meat_Stew,593.0,31.0,61.0,10.0,Banku_and_Tilapia_with_Hot_Pepper,535.0,38.0,53.0,13.0,Atsoomo_(Chin-Chin),307.38,5.91,36.59,10.85,1711.38,83.91,194.59,37.85
43,Male,74.4,1.69,Muscle Gain,Koko_with_Bofroat_(corn_dough_porridge_with_buffloaf),471.0,10.0,63.0,11.0,Banku_with_Okra_Soup,793.0,37.0,67.0,13.0,Banku_and_Tilapia_with_Hot_Pepper,752.0,42.0,63.0,16.0,Atsoomo_(Chin-Chin),307.38,5.91,36.59,10.85,2323.38,94.91,229.59,50.85
65,Female,55.5,1.57,Weight Loss,Koko_with_Bofroat_(corn_dough_porridge_with_buffloaf),321.0,10.0,60.0,5.0,Banku_and_Tilapia_with_Hot_Pepper,538.0,41.0,66.0,9.0,Angwamu_(Oil_Rice)_with_Hot_Pepper_and_Egg,522.0,27.0,61.0,13.0,Atsoomo_(Chin-Chin),307.38,5.91,36.59,10.85,1688.38,83.91,223.59,37.85
42,Female,72.3,1.64,Muscle Gain,Koko_with_Bofroat_(corn_dough_porridge_with_buffloaf),398.0,12.0,62.0,10.0,Fufu_with_Light_Soup_with_Goat_Meat,798.0,48.0,79.0,16.0,Plain_Rice_with_Chicken,610.0,50.0,62.0,19.0,Atsoomo_(Chin-Chin),307.38,5.91,36.59,10.85,2113.38,115.91,239.59,55.85
6,Male,32.1,1.0,Weight Loss,Oatmeal,271.0,11.0,42.0,4.0,Jollof_Rice_with_Chicken,619.2,39.43,64.97,13.31,Waakye_and_Fish_with_egg,478.0,47.0,63.0,10.0,Atsoomo_(Chin-Chin),307.38,5.91,36.59,10.85,1675.58,103.34,206.56,38.16
45,Female,64.9,1.58,Weight Loss,Tea/Milo/Coffee_with_bread,269.0,5.0,33.0,5.0,Red-Red_(Beans_and_Plantain_with_red_oil),474.0,27.0,52.0,15.0,Plain_Rice_with_Chicken,614.0,39.0,60.0,14.0,Atsoomo_(Chin-Chin),388.0,4.0,34.0,16.0,1745.0,75.0,179.0,50.0
11,Male,47.8,1.25,Weight Loss,Tom_Brown_and_bread,286.0,13.0,54.0,4.0,Plain_Rice_with_Chicken,486.0,55.0,62.0,15.0,Angwamu_(Oil_Rice)_with_Hot_Pepper_and_Egg,615.79,38.98,64.77,13.31,Atsoomo_(Chin-Chin),307.38,5.91,36.59,10.85,1695.17,112.89,217.36,43.16
10,Male,53.6,1.18,Muscle Gain,Rice_water_and_bread,288.0,9.0,58.0,5.0,Jollof_Rice_with_Chicken,619.2,39.43,64.97,13.31,Jollof_Rice_with_Chicken,629.0,57.0,85.0,22.0,Atsoomo_(Chin-Chin),307.38,5.91,36.59,10.85,1843.58,111.34,244.56,51.16
25,Male,73.4,1.69,Muscle Gain,Koko_with_Bofroat_(corn_dough_porridge_with_buffloaf),452.0,13.0,52.0,10.0,Kenkey_and_Fried_Fish_with_Hot_Pepper,666.0,50.0,57.0,17.0,Jollof_Rice_with_Chicken,762.0,54.0,85.0,21.0,Agbelikaklo_with_Coconut,407.0,4.0,55.0,11.0,2287.0,121.0,249.0,59.0
38,Female,54.7,1.6,Weight Loss,White_porridge_and_bread,320.0,7.0,44.0,4.0,Red-Red_(Beans_and_Plantain_with_red_oil),487.0,26.0,50.0,12.0,Waakye_and_Fish_with_egg,574.0,38.0,66.0,8.0,Atsoomo_(Chin-Chin),307.38,5.91,36.59,10.85,1688.38,76.91,196.59,34.85
72,Female,57.4,1.58,Weight Loss,Rice_water_and_bread,259.0,7.0,45.0,3.0,Kenkey_and_Fried_Fish_with_Hot_Pepper,584.0,33.0,54.0,12.0,Boiled_Plantain/Yam_and_Garden_egg_stew,480.0,18.0,53.0,6.0,Atsoomo_(Chin-Chin),307.38,5.91,36.59,10.85,1630.38,63.91,188.59,31.85
26,Male,76.3,1.66,Muscle Gain,Tom_Brown_and_bread,375.0,9.0,52.0,5.0,Kenkey_and_Fried_Fish_with_Hot_Pepper,696.0,48.0,51.0,18.0,Waakye_and_Fish_with_egg,682.0,61.0,76.0,12.0,Nkatie_Cake_(Groundnut_Cake),402.0,13.0,27.0,15.0,2155.0,131.0,206.0,50.0
43,Male,61.7,1.66,Weight Loss,Rice_water_and_bread,298.0,9.0,43.0,4.0,Angwamu_(Oil_Rice)_with_Hot_Pepper_and_Egg,583.0,29.0,52.0,15.0,Kenkey_and_Fried_Fish_with_Hot_Pepper,716.0,42.0,58.0,14.0,Atsoomo_(Chin-Chin),307.38,5.91,36.59,10.85,1904.38,85.91,189.59,43.85
17,Male,55.3,1.39,Muscle Gain,Oatmeal,297.0,13.0,40.0,4.0,Plain_Rice_with_Chicken,656.0,62.0,75.0,16.0,Boiled_Plantain/Yam_and_Garden_egg_stew,440.0,31.0,56.0,9.0,Nkatie_Cake_(Groundnut_Cake),295.0,13.0,27.0,18.0,1688.0,119.0,198.0,47.0
78,Female,52.7,1.51,Weight Loss,Hausa_Koko_(millet_porridge)_with_Koose,340.0,10.0,36.0,4.0,Angwamu_(Oil_Rice)_with_Hot_Pepper_and_Egg,488.0,23.0,57.0,12.0,Banku_with_Okra_Soup,601.0,28.0,74.0,7.0,Atsoomo_(Chin-Chin),307.38,5.91,36.59,10.85,1736.38,66.91,203.59,33.85
39,Male,68.3,1.73,Muscle Gain,Oatmeal,294.0,9.0,43.0,5.0,Jollof_Rice_with_Chicken,803.0,55.0,96.0,22.0,Angwamu_(Oil_Rice)_with_Hot_Pepper_and_Egg,713.0,34.0,64.0,22.0,Atsoomo_(Chin-Chin),307.38,5.91,36.59,10.85,2117.38,103.91,239.59,59.85
19,Male,67.3,1.7,Weight Loss,Oatmeal,324.0,9.0,37.0,3.0,Boiled_Plantain/Yam_and_Garden_egg_stew,602.0,18.0,58.0,7.0,Waakye_and_Fish_with_egg,638.0,51.0,70.0,9.0,Atsoomo_(Chin-Chin),307.38,5.91,36.59,10.85,1871.38,83.91,201.59,29.85
12,Male,60.8,1.27,Muscle Gain,Tom_Brown_and_bread,319.0,13.0,57.0,6.0,Fufu_with_Light_Soup_with_Goat_Meat,575.0,49.0,75.0,16.0,Banku_and_Tilapia_with_Hot_Pepper,581.0,55.0,58.0,15.0,Atsoomo_(Chin-Chin),307.38,5.91,36.59,10.85,1782.38,122.91,226.59,47.85
20,Female,65.8,1.65,Muscle Gain,Hausa_Koko_(millet_porridge)_with_Koose,424.0,12.0,50.0,8.0,Red-Red_(Beans_and_Plantain_with_red_oil),596.0,31.0,53.0,20.0,Plain_Rice_with_Chicken,623.0,55.0,64.0,19.0,Atsoomo_(Chin-Chin),307.38,5.91,36.59,10.85,1950.38,103.91,203.59,57.85
58,Female,67.6,1.6,Muscle Gain,Tea/Milo/Coffee_with_bread,324.0,7.0,45.0,7.0,Jollof_Rice_with_Chicken,753.0,45.0,80.0,18.0,Red-Red_(Beans_and_Plantain_with_red_oil),535.0,34.0,54.0,17.0,Atsoomo_(Chin-Chin),307.38,5.91,36.59,10.85,1919.38,91.91,215.59,52.85
7,Male,46.1,1.02,Muscle Gain,Oatmeal,336.42,9.46,47.78,5.3,Jollof_Rice_with_Chicken,578.0,58.0,93.0,22.0,Red-Red_(Beans_and_Plantain_with_red_oil),553.0,43.0,60.0,16.0,Plantain_Chips,286.0,3.0,40.0,12.0,1753.42,113.46,240.78,55.3
16,Female,50.3,1.26,Muscle Gain,White_porridge_and_bread,290.0,9.0,58.0,5.0,Waakye_and_Fish_with_egg,608.0,54.0,78.0,11.0,Fufu_with_Light_Soup_with_Goat_Meat,649.0,50.0,68.0,15.0,Atsoomo_(Chin-Chin),338.0,3.0,35.0,21.0,1885.0,116.0,239.0,52.0
17,Female,43.3,1.29,Weight Loss,White_porridge_and_bread,228.0,7.0,53.0,4.0,Banku_with_Okra_Soup,412.0,37.0,74.0,8.0,Angwamu_(Oil_Rice)_with_Hot_Pepper_and_Egg,442.0,32.0,56.0,19.0,Atsoomo_(Chin-Chin),311.0,3.0,28.0,16.0,1393.0,79.0,211.0,47.0
57,Male,83.0,1.64,Muscle Gain,Hausa_Koko_(millet_porridge)_with_Koose,464.0,16.0,46.0,8.0,Jollof_Rice_with_Chicken,839.0,56.0,95.0,22.0,Boiled_Plantain/Yam_and_Garden_egg_stew,520.0,24.0,64.0,10.0,Atsoomo_(Chin-Chin),307.38,5.91,36.59,10.85,2130.38,101.91,241.59,50.85
14,Male,49.0,1.29,Muscle Gain,Oatmeal,292.0,13.0,39.0,4.0,Red-Red_(Beans_and_Plantain_with_red_oil),486.0,34.0,53.0,19.0,Jollof_Rice_with_Chicken,710.0,70.0,86.0,19.0,Plantain_Chips,290.0,3.0,44.0,12.0,1778.0,120.0,222.0,54.0
38,Male,62.0,1.7,Weight Loss,Oatmeal,336.42,9.46,47.78,5.3,Jollof_Rice_with_Chicken,619.2,39.43,64.97,13.31,Angwamu_(Oil_Rice)_with_Hot_Pepper_and_Egg,553.0,27.0,46.0,15.0,Atsoomo_(Chin-Chin),307.38,5.91,36.59,10.85,1816.0,81.8,195.34,44.46
40,Male,79.1,1.64,Muscle Gain,Tom_Brown_and_bread,471.0,9.0,68.0,6.0,Red-Red_(Beans_and_Plantain_with_red_oil),568.0,32.0,53.0,18.0,Banku_and_Tilapia_with_Hot_Pepper,667.0,48.0,64.0,13.0,Atsoomo_(Chin-Chin),307.38,5.91,36.59,10.85,2013.38,94.91,221.59,47.85
26,Male,69.5,1.68,Muscle Gain,Tom_Brown_and_bread,478.0,9.0,51.0,6.0,Banku_and_Tilapia_with_Hot_Pepper,741.0,50.0,72.0,16.0,Angwamu_(Oil_Rice)_with_Hot_Pepper_and_Egg,656.0,34.0,60.0,21.0,Atsoomo_(Chin-Chin),307.38,5.91,36.59,10.85,2182.38,98.91,219.59,53.85
39,Female,58.7,1.7,Weight Loss,Oatmeal,283.0,9.0,39.0,3.0,Banku_with_Okra_Soup,580.0,29.0,61.0,9.0,Kenkey_and_Fried_Fish_with_Hot_Pepper,488.0,31.0,54.0,16.0,Atsoomo_(Chin-Chin),307.38,5.91,36.59,10.85,1658.38,74.91,190.59,38.85
17,Male,48.9,1.34,Weight Loss,Koko_with_Bofroat_(corn_dough_porridge_with_buffloaf),321.0,14.0,45.0,7.0,Banku_and_Tilapia_with_Hot_Pepper,479.0,48.0,55.0,12.0,Kenkey_and_Fried_Fish_with_Hot_Pepper,512.0,46.0,58.0,13.0,Plantain_Chips,267.0,3.0,45.0,8.0,1579.0,111.0,203.0,40.0
34,Male,58.2,1.69,Weight Loss,Rice_water_and_bread,305.0,7.0,52.0,3.0,Red-Red_(Beans_and_Plantain_with_red_oil),574.0,33.0,55.0,13.0,Banku_with_Okra_Soup,632.0,30.0,71.0,8.0,Agbelikaklo_with_Coconut,305.0,5.0,49.0,6.0,1816.0,75.0,227.0,30.0
39,Male,77.8,1.7,Muscle Gain,Rice_water_and_bread,344.0,9.0,50.0,4.0,Boiled_Plantain/Yam_and_Garden_egg_stew,529.0,28.0,55.0,9.0,Jollof_Rice_with_Chicken,926.0,49.0,72.0,20.0,Atsoomo_(Chin-Chin),307.38,5.91,36.59,10.85,2106.38,91.91,213.59,43.85
54,Male,59.7,1.67,Weight Loss,White_porridge_and_bread,402.0,6.0,53.0,4.0,Angwamu_(Oil_Rice)_with_Hot_Pepper_and_Egg,562.0,25.0,48.0,20.0,Boiled_Plantain/Yam_and_Garden_egg_stew,574.0,20.0,60.0,7.0,Atsoomo_(Chin-Chin),307.38,5.91,36.59,10.85,1845.38,56.91,197.59,41.85
16,Female,40.9,1.27,Weight Loss,Oatmeal,336.42,9.46,47.78,5.3,Kenkey_and_Fried_Fish_with_Hot_Pepper,396.0,46.0,49.0,15.0,Fufu_with_Light_Soup_with_Goat_Meat,452.0,45.0,74.0,10.0,Atsoomo_(Chin-Chin),307.38,5.91,36.59,10.85,1491.8,106.37,207.37,41.15
60,Male,68.6,1.63,Muscle Gain,Rice_water_and_bread,347.0,8.0,55.0,4.0,Waakye_and_Fish_with_egg,822.0,49.0,79.0,10.0,Angwamu_(Oil_Rice)_with_Hot_Pepper_and_Egg,702.0,34.0,51.0,23.0,Atsoomo_(Chin-Chin),307.38,5.91,36.59,10.85,2178.38,96.91,221.59,47.85
16,Male,44.0,1.34,Weight Loss,Koko_with_Bofroat_(corn_dough_porridge_with_buffloaf),379.0,11.0,53.0,6.0,Angwamu_(Oil_Rice)_with_Hot_Pepper_and_Egg,554.0,34.0,48.0,16.0,Fufu_with_Light_Soup_with_Goat_Meat,635.0,44.0,79.0,12.0,Atsoomo_(Chin-Chin),307.38,5.91,36.59,10.85,1875.38,94.91,216.59,44.85
16,Female,50.0,1.25,Muscle Gain,Tom_Brown_and_bread,317.0,10.0,57.0,5.0,Jollof_Rice_with_Chicken,619.2,39.43,64.97,13.31,Jollof_Rice_with_Chicken,572.0,51.0,96.0,22.0,Atsoomo_(Chin-Chin),307.38,5.91,36.59,10.85,1815.58,106.34,254.56,51.16
23,Female,60.3,1.64,Weight Loss,Tom_Brown_and_bread,327.0,9.0,61.0,4.0,Waakye_and_Fish_with_egg,616.0,36.0,53.0,9.0,Jollof_Rice_with_Chicken,803.0,35.0,75.0,14.0,Roasted/Boiled_Maize_with_Coconut,279.0,6.0,34.0,6.0,2025.0,86.0,223.0,33.0
40,Male,62.4,1.67,Weight Loss,White_porridge_and_bread,317.0,7.0,48.0,4.0,Tuo_Zaafi_with_Meat_Stew,744.0,36.0,60.0,12.0,Kenkey_and_Fried_Fish_with_Hot_Pepper,573.0,42.0,57.0,16.0,Atsoomo_(Chin-Chin),307.38,5.91,36.59,10.85,1941.38,90.91,201.59,42.85
5,Male,30,1.0,Weight Loss,Oatmeal,278.0,11.0,41.0,4.0,Banku_with_Okra_Soup,488.0,36.0,66.0,9.0,Jollof_Rice_with_Chicken,664.0,57.0,84.0,17.0,Atsoomo_(Chin-Chin),307.38,5.91,36.59,10.85,1737.38,109.91,227.59,40.85
36,Male,59.3,1.65,Weight Loss,Oatmeal,334.0,9.0,36.0,4.0,Jollof_Rice_with_Chicken,619.2,39.43,64.97,13.31,Plain_Rice_with_Chicken,652.0,47.0,63.0,13.0,Atsoomo_(Chin-Chin),307.38,5.91,36.59,10.85,1912.58,101.34,200.56,41.16
64,Female,72.5,1.6,Muscle Gain,Oatmeal,255.0,10.0,48.0,3.0,Angwamu_(Oil_Rice)_with_Hot_Pepper_and_Egg,552.0,30.0,66.0,18.0,Banku_and_Tilapia_with_Hot_Pepper,548.0,39.0,72.0,11.0,Atsoomo_(Chin-Chin),307.38,5.91,36.59,10.85,1662.38,84.91,222.59,42.85
41,Female,53.0,1.67,Weight Loss,Koko_with_Bofroat_(corn_dough_porridge_with_buffloaf),407.0,9.0,58.0,8.0,Jollof_Rice_with_Chicken,618.0,43.0,72.0,17.0,Banku_and_Tilapia_with_Hot_Pepper,581.0,38.0,58.0,13.0,Atsoomo_(Chin-Chin),326.0,3.0,27.0,14.0,1932.0,93.0,215.0,52.0
42,Female,75.7,1.64,Muscle Gain,Tom_Brown_and_bread,349.0,9.0,53.0,6.0,Waakye_and_Fish_with_egg,599.0,42.0,80.0,13.0,Boiled_Plantain/Yam_and_Garden_egg_stew,508.0,20.0,61.0,10.0,Atsoomo_(Chin-Chin),307.38,5.91,36.59,10.85,1763.38,76.91,230.59,39.85
9,Male,40.2,1.16,Weight Loss,Hausa_Koko_(millet_porridge)_with_Koose,334.0,16.0,36.0,6.0,Boiled_Plantain/Yam_and_Garden_egg_stew,433.0,23.0,61.0,6.0,Tuo_Zaafi_with_Meat_Stew,624.0,42.0,60.0,10.0,Atsoomo_(Chin-Chin),307.38,5.91,36.59,10.85,1698.38,86.91,193.59,32.85
45,Female,62.3,1.64,Weight Loss,Tea/Milo/Coffee_with_bread,270.0,6.0,34.0,6.0,Tuo_Zaafi_with_Meat_Stew,689.0,28.0,67.0,11.0,Fufu_with_Light_Soup_with_Goat_Meat,577.0,37.0,67.0,13.0,Atsoomo_(Chin-Chin),307.38,5.91,36.59,10.85,1843.38,76.91,204.59,40.85
81,Male,73.0,1.65,Muscle Gain,Tom_Brown_and_bread,346.0,13.0,62.0,4.0,Kenkey_and_Fried_Fish_with_Hot_Pepper,679.0,48.0,55.0,14.0,Angwamu_(Oil_Rice)_with_Hot_Pepper_and_Egg,529.0,32.0,53.0,20.0,Atsoomo_(Chin-Chin),307.38,5.91,36.59,10.85,1861.38,98.91,206.59,48.85
7,Male,39.3,1.01,Weight Loss,Oatmeal,336.42,9.46,47.78,5.3,Boiled_Plantain/Yam_and_Garden_egg_stew,434.0,23.0,63.0,8.0,Jollof_Rice_with_Chicken,702.0,46.0,87.0,15.0,Atsoomo_(Chin-Chin),307.38,5.91,36.59,10.85,1779.8,84.37,234.37,39.15
35,Male,62.8,1.7,Weight Loss,Tea/Milo/Coffee_with_bread,319.0,5.0,36.0,6.0,Jollof_Rice_with_Chicken,878.0,40.0,78.0,16.0,Red-Red_(Beans_and_Plantain_with_red_oil),523.0,31.0,42.0,15.0,Atsoomo_(Chin-Chin),307.38,5.91,36.59,10.85,2027.38,81.91,192.59,47.85
44,Male,62.8,1.75,Weight Loss,Oatmeal,270.0,8.0,39.0,4.0,Angwamu_(Oil_Rice)_with_Hot_Pepper_and_Egg,667.0,24.0,53.0,17.0,Boiled_Plantain/Yam_and_Garden_egg_stew,475.0,23.0,52.0,8.0,Atsoomo_(Chin-Chin),381.0,4.0,32.0,16.0,1793.0,59.0,176.0,45.0
49,Female,60.8,1.63,Weight Loss,White_porridge_and_bread,317.0,6.0,45.0,4.0,Banku_with_Okra_Soup,626.0,31.0,60.0,8.0,Boiled_Plantain/Yam_and_Garden_egg_stew,448.0,18.0,54.0,6.0,Atsoomo_(Chin-Chin),307.38,5.91,36.59,10.85,1698.38,60.91,195.59,28.85
21,Male,59.0,1.64,Weight Loss,Tom_Brown_and_bread,327.0,9.0,48.0,4.0,Kenkey_and_Fried_Fish_with_Hot_Pepper,579.0,37.0,51.0,15.0,Jollof_Rice_with_Chicken,690.0,44.0,76.0,17.0,Atsoomo_(Chin-Chin),307.38,5.91,36.59,10.85,1903.38,95.91,211.59,46.85
49,Male,55.8,1.8,Weight Loss,Tea/Milo/Coffee_with_bread,316.0,6.0,40.0,4.0,Jollof_Rice_with_Chicken,619.2,39.43,64.97,13.31,Jollof_Rice_with_Chicken,878.0,45.0,85.0,16.0,Atsoomo_(Chin-Chin),307.38,5.91,36.59,10.85,2120.58,96.34,226.56,44.16
17,Male,49.1,1.38,Weight Loss,White_porridge_and_bread,321.0,7.0,46.0,4.0,Fufu_with_Light_Soup_with_Goat_Meat,591.0,48.0,81.0,12.0,Angwamu_(Oil_Rice)_with_Hot_Pepper_and_Egg,412.0,34.0,54.0,19.0,Atsoomo_(Chin-Chin),293.0,4.0,27.0,16.0,1617.0,93.0,208.0,51.0
38,Female,60.2,1.52,Weight Loss,Koko_with_Bofroat_(corn_dough_porridge_with_buffloaf),419.0,10.0,57.0,7.0,Fufu_with_Light_Soup_with_Goat_Meat,742.0,37.0,69.0,12.0,Banku_with_Okra_Soup,679.0,29.0,75.0,8.0,Atsoomo_(Chin-Chin),307.38,5.91,36.59,10.85,2147.38,81.91,237.59,37.85
38,Male,68.2,1.65,Weight Loss,White_porridge_and_bread,348.0,7.0,45.0,4.0,Fufu_with_Light_Soup_with_Goat_Meat,698.0,34.0,63.0,12.0,Red-Red_(Beans_and_Plantain_with_red_oil),609.0,34.0,55.0,12.0,Plantain_Chips,281.0,3.0,41.0,8.0,1936.0,78.0,204.0,36.0
8,Male,38.2,1.08,Weight Loss,Tom_Brown_and_bread,294.0,11.0,51.0,4.0,Jollof_Rice_with_Chicken,573.0,47.0,75.0,16.0,Waakye_and_Fish_with_egg,496.0,48.0,59.0,8.0,Atsoomo_(Chin-Chin),307.38,5.91,36.59,10.85,1670.38,111.91,221.59,38.85
46,Female,69.6,1.58,Muscle Gain,Hausa_Koko_(millet_porridge)_with_Koose,330.0,15.0,43.0,7.0,Red-Red_(Beans_and_Plantain_with_red_oil),495.0,34.0,49.0,20.0,Banku_with_Okra_Soup,623.0,39.0,73.0,13.0,Atsoomo_(Chin-Chin),307.38,5.91,36.59,10.85,1755.38,93.91,201.59,50.85
28,Female,61.3,1.6,Weight Loss,Rice_water_and_bread,282.0,8.0,50.0,3.0,Jollof_Rice_with_Chicken,783.0,43.0,68.0,14.0,Banku_with_Okra_Soup,554.0,34.0,59.0,8.0,Atsoomo_(Chin-Chin),307.38,5.91,36.59,10.85,1926.38,90.91,213.59,35.85
51,Female,67.9,1.61,Muscle Gain,Tea/Milo/Coffee_with_bread,290.0,7.0,41.0,7.0,Angwamu_(Oil_Rice)_with_Hot_Pepper_and_Egg,594.0,26.0,52.0,24.0,Jollof_Rice_with_Chicken,843.0,51.0,82.0,20.0,Atsoomo_(Chin-Chin),307.38,5.91,36.59,10.85,2034.38,89.91,211.59,61.85
82,Female,64.7,1.51,Muscle Gain,Tea/Milo/Coffee_with_bread,286.0,6.0,42.0,5.0,Banku_and_Tilapia_with_Hot_Pepper,584.0,43.0,67.0,12.0,Waakye_and_Fish_with_egg,693.0,52.0,62.0,10.0,Atsoomo_(Chin-Chin),307.38,5.91,36.59,10.85,1870.38,106.91,207.59,37.85
15,Male,43.8,1.3,Weight Loss,White_porridge_and_bread,266.0,7.0,43.0,4.0,Red-Red_(Beans_and_Plantain_with_red_oil),444.0,36.0,44.0,12.0,Angwamu_(Oil_Rice)_with_Hot_Pepper_and_Egg,552.0,30.0,50.0,15.0,Atsoomo_(Chin-Chin),307.38,5.91,36.59,10.85,1569.38,78.91,173.59,41.85
20,Female,74.0,1.54,Muscle Gain,Oatmeal,280.0,10.0,48.0,5.0,Banku_and_Tilapia_with_Hot_Pepper,694.0,44.0,66.0,14.0,Red-Red_(Beans_and_Plantain_with_red_oil),576.0,34.0,56.0,17.0,Nkatie_Cake_(Groundnut_Cake),331.0,10.0,25.0,16.0,1881.0,98.0,195.0,52.0
27,Male,59.9,1.63,Weight Loss,Oatmeal,312.0,9.0,43.0,4.0,Jollof_Rice_with_Chicken,619.2,39.43,64.97,13.31,Angwamu_(Oil_Rice)_with_Hot_Pepper_and_Egg,615.79,38.98,64.77,13.31,Atsoomo_(Chin-Chin),307.38,5.91,36.59,10.85,1854.37,93.32,209.33,41.47
85,Female,54.5,1.49,Weight Loss,Oatmeal,336.42,9.46,47.78,5.3,Boiled_Plantain/Yam_and_Garden_egg_stew,444.0,22.0,51.0,6.0,Fufu_with_Light_Soup_with_Goat_Meat,621.0,36.0,66.0,10.0,Atsoomo_(Chin-Chin),307.38,5.91,36.59,10.85,1708.8,73.37,201.37,32.15
37,Male,68.1,1.61,Weight Loss,Tom_Brown_and_bread,335.0,11.0,45.0,4.0,Tuo_Zaafi_with_Meat_Stew,751.0,36.0,70.0,9.0,Angwamu_(Oil_Rice)_with_Hot_Pepper_and_Egg,615.79,38.98,64.77,13.31,Atsoomo_(Chin-Chin),307.38,5.91,36.59,10.85,2009.17,91.89,216.36,37.16
56,Male,62.7,1.69,Weight Loss,Rice_water_and_bread,355.0,8.0,42.0,4.0,Boiled_Plantain/Yam_and_Garden_egg_stew,603.0,18.0,56.0,7.0,Fufu_with_Light_Soup_with_Goat_Meat,717.0,42.0,80.0,12.0,Atsoomo_(Chin-Chin),307.38,5.91,36.59,10.85,1982.38,73.91,214.59,33.85
69,Female,71.6,1.56,Muscle Gain,Oatmeal,316.0,13.0,40.0,4.0,Jollof_Rice_with_Chicken,795.0,45.0,89.0,17.0,Kenkey_and_Fried_Fish_with_Hot_Pepper,573.0,46.0,55.0,17.0,Plantain_Chips,265.0,3.0,46.0,10.0,1949.0,107.0,230.0,48.0
40,Female,55.9,1.53,Weight Loss,Tea/Milo/Coffee_with_bread,278.0,5.0,32.0,6.0,Kenkey_and_Fried_Fish_with_Hot_Pepper,515.0,34.0,58.0,16.0,Fufu_with_Light_Soup_with_Goat_Meat,720.0,34.0,68.0,11.0,Atsoomo_(Chin-Chin),307.38,5.91,36.59,10.85,1820.38,78.91,194.59,43.85
61,Male,74.9,1.69,Muscle Gain,Hausa_Koko_(millet_porridge)_with_Koose,324.0,15.0,43.0,7.0,Red-Red_(Beans_and_Plantain_with_red_oil),565.0,34.0,53.0,13.0,Fufu_with_Light_Soup_with_Goat_Meat,707.0,49.0,79.0,11.0,Atsoomo_(Chin-Chin),307.38,5.91,36.59,10.85,1903.38,103.91,211.59,41.85
55,Male,70.5,1.71,Weight Loss,Oatmeal,336.42,9.46,47.78,5.3,Angwamu_(Oil_Rice)_with_Hot_Pepper_and_Egg,691.0,24.0,50.0,17.0,Angwamu_(Oil_Rice)_with_Hot_Pepper_and_Egg,615.79,38.98,64.77,13.31,Roasted/Boiled_Maize_with_Coconut,286.0,6.0,36.0,6.0,1929.21,78.44,198.55,41.61
21,Female,55.2,1.59,Weight Loss,Oatmeal,336.42,9.46,47.78,5.3,Angwamu_(Oil_Rice)_with_Hot_Pepper_and_Egg,522.0,22.0,54.0,16.0,Kenkey_and_Fried_Fish_with_Hot_Pepper,541.0,32.0,61.0,16.0,Atsoomo_(Chin-Chin),307.38,5.91,36.59,10.85,1706.8,69.37,199.37,48.15
52,Female,67.8,1.61,Muscle Gain,Koko_with_Bofroat_(corn_dough_porridge_with_buffloaf),405.0,10.0,59.0,10.0,Red-Red_(Beans_and_Plantain_with_red_oil),515.0,33.0,53.0,15.0,Boiled_Plantain/Yam_and_Garden_egg_stew,563.0,24.0,61.0,11.0,Atsoomo_(Chin-Chin),307.38,5.91,36.59,10.85,1790.38,72.91,209.59,46.85
17,Female,45.4,1.27,Weight Loss,White_porridge_and_bread,219.0,7.0,42.0,4.0,Fufu_with_Light_Soup_with_Goat_Meat,441.0,45.0,63.0,11.0,Tuo_Zaafi_with_Meat_Stew,531.0,34.0,66.0,11.0,Atsoomo_(Chin-Chin),307.38,5.91,36.59,10.85,1498.38,91.91,207.59,36.85
69,Female,56.7,1.57,Weight Loss,Hausa_Koko_(millet_porridge)_with_Koose,357.0,11.0,41.0,4.0,Waakye_and_Fish_with_egg,528.0,40.0,63.0,7.0,Red-Red_(Beans_and_Plantain_with_red_oil),494.0,26.0,47.0,10.0,Atsoomo_(Chin-Chin),307.38,5.91,36.59,10.85,1686.38,82.91,187.59,31.85
26,Male,84.3,1.73,Muscle Gain,Rice_water_and_bread,400.0,10.0,62.0,4.0,Banku_with_Okra_Soup,776.0,33.0,83.0,12.0,Red-Red_(Beans_and_Plantain_with_red_oil),673.0,39.0,61.0,18.0,Atsoomo_(Chin-Chin),307.38,5.91,36.59,10.85,2156.38,87.91,242.59,44.85
13,Female,42.5,1.15,Muscle Gain,Oatmeal,336.42,9.46,47.78,5.3,Boiled_Plantain/Yam_and_Garden_egg_stew,396.0,25.0,62.0,10.0,Fufu_with_Light_Soup_with_Goat_Meat,573.0,43.0,79.0,13.0,Atsoomo_(Chin-Chin),307.38,5.91,36.59,10.85,1612.8,83.37,225.37,39.15
81,Male,59.1,1.62,Weight Loss,Tea/Milo/Coffee_with_bread,249.0,5.0,36.0,4.0,Tuo_Zaafi_with_Meat_Stew,581.0,30.0,73.0,8.0,Angwamu_(Oil_Rice)_with_Hot_Pepper_and_Egg,591.0,25.0,57.0,13.0,Kofi_Brokeman_(Roasted_Plantain_with_Groundnut),276.0,6.0,36.0,6.0,1697.0,66.0,202.0,31.0
19,Female,76.7,1.64,Muscle Gain,Tea/Milo/Coffee_with_bread,289.0,6.0,42.0,7.0,Plain_Rice_with_Chicken,632.0,49.0,69.0,18.0,Red-Red_(Beans_and_Plantain_with_red_oil),594.0,37.0,51.0,18.0,Atsoomo_(Chin-Chin),307.38,5.91,36.59,10.85,1822.38,97.91,198.59,53.85
43,Female,62.8,1.61,Muscle Gain,Oatmeal,336.42,9.46,47.78,5.3,Fufu_with_Light_Soup_with_Goat_Meat,809.0,42.0,85.0,17.0,Boiled_Plantain/Yam_and_Garden_egg_stew,511.0,22.0,63.0,10.0,Agbelikaklo_with_Coconut,305.0,4.0,43.0,10.0,1961.42,77.46,238.78,42.3
79,Female,65.8,1.52,Muscle Gain,Hausa_Koko_(millet_porridge)_with_Koose,331.0,14.0,45.0,6.0,Jollof_Rice_with_Chicken,619.2,39.43,64.97,13.31,Fufu_with_Light_Soup_with_Goat_Meat,598.0,38.0,75.0,12.0,Roasted/Boiled_Maize_with_Coconut,276.0,7.0,36.0,5.0,1824.2,98.43,220.97,36.31
44,Female,54.3,1.68,Weight Loss,Koko_with_Bofroat_(corn_dough_porridge_with_buffloaf),370.0,9.0,61.0,7.0,Banku_with_Okra_Soup,634.0,26.0,63.0,10.0,Jollof_Rice_with_Chicken,642.0,36.0,70.0,14.0,Atsoomo_(Chin-Chin),307.38,5.91,36.59,10.85,1953.38,76.91,230.59,41.85
45,Male,64.4,1.72,Weight Loss,Oatmeal,336.42,9.46,47.78,5.3,Banku_with_Okra_Soup,691.0,34.0,63.0,8.0,Boiled_Plantain/Yam_and_Garden_egg_stew,486.0,20.0,64.0,8.0,Atsoomo_(Chin-Chin),307.38,5.91,36.59,10.85,1820.8,69.37,211.37,32.15
19,Female,66.3,1.59,Muscle Gain,Rice_water_and_bread,334.0,8.0,55.0,5.0,Banku_and_Tilapia_with_Hot_Pepper,589.0,51.0,66.0,16.0,Tuo_Zaafi_with_Meat_Stew,634.0,36.0,84.0,12.0,Atsoomo_(Chin-Chin),307.38,5.91,36.59,10.85,1864.38,100.91,241.59,43.85
49,Female,79.9,1.59,Muscle Gain,Rice_water_and_bread,323.0,7.0,53.0,5.0,Red-Red_(Beans_and_Plantain_with_red_oil),509.0,33.0,55.0,16.0,Jollof_Rice_with_Chicken,853.0,50.0,74.0,19.0,Agbelikaklo_with_Coconut,323.0,6.0,50.0,9.0,2008.0,96.0,232.0,49.0
52,Female,54.4,1.65,Weight Loss,Oatmeal,297.0,9.0,36.0,4.0,Waakye_and_Fish_with_egg,594.0,42.0,60.0,9.0,Angwamu_(Oil_Rice)_with_Hot_Pepper_and_Egg,615.79,38.98,64.77,13.31,Plantain_Chips,272.0,3.0,45.0,8.0,1778.79,92.98,205.77,34.31
80,Female,52.8,1.52,Weight Loss,Oatmeal,336.42,9.46,47.78,5.3,Tuo_Zaafi_with_Meat_Stew,511.0,34.0,76.0,8.0,Red-Red_(Beans_and_Plantain_with_red_oil),438.0,30.0,45.0,11.0,Atsoomo_(Chin-Chin),307.38,5.91,36.59,10.85,1592.8,79.37,205.37,35.15
7,Male,44.4,1.02,Muscle Gain,Koko_with_Bofroat_(corn_dough_porridge_with_buffloaf),401.0,10.0,60.0,9.0,Jollof_Rice_with_Chicken,639.0,62.0,81.0,21.0,Banku_with_Okra_Soup,514.0,40.0,82.0,11.0,Atsoomo_(Chin-Chin),377.0,3.0,29.0,18.0,1931.0,115.0,252.0,59.0
22,Female,60.7,1.54,Weight Loss,Tea/Milo/Coffee_with_bread,239.0,5.0,31.0,6.0,Banku_with_Okra_Soup,666.0,25.0,59.0,10.0,Boiled_Plantain/Yam_and_Garden_egg_stew,441.0,21.0,53.0,7.0,Roasted/Boiled_Maize_with_Coconut,285.0,6.0,36.0,5.0,1631.0,57.0,179.0,28.0
63,Female,56.7,1.6,Weight Loss,Koko_with_Bofroat_(corn_dough_porridge_with_buffloaf),368.0,9.0,49.0,7.0,Jollof_Rice_with_Chicken,619.2,39.43,64.97,13.31,Red-Red_(Beans_and_Plantain_with_red_oil),515.0,28.0,49.0,12.0,Atsoomo_(Chin-Chin),307.38,5.91,36.59,10.85,1809.58,82.34,199.56,43.16
39,Male,80.9,1.67,Muscle Gain,Koko_with_Bofroat_(corn_dough_porridge_with_buffloaf),449.0,9.0,51.0,10.0,Kenkey_and_Fried_Fish_with_Hot_Pepper,679.0,42.0,65.0,19.0,Waakye_and_Fish_with_egg,787.0,61.0,73.0,12.0,Kofi_Brokeman_(Roasted_Plantain_with_Groundnut),372.0,8.0,37.0,9.0,2287.0,120.0,226.0,50.0
35,Female,62.1,1.6,Weight Loss,Oatmeal,292.0,11.0,43.0,3.0,Red-Red_(Beans_and_Plantain_with_red_oil),476.0,28.0,55.0,15.0,Angwamu_(Oil_Rice)_with_Hot_Pepper_and_Egg,615.79,38.98,64.77,13.31,Atsoomo_(Chin-Chin),307.38,5.91,36.59,10.85,1691.17,83.89,199.36,42.16
27,Male,69.0,1.72,Weight Loss,Tea/Milo/Coffee_with_bread,338.0,5.0,30.0,5.0,Jollof_Rice_with_Chicken,619.2,39.43,64.97,13.31,Jollof_Rice_with_Chicken,826.0,39.0,72.0,15.0,Atsoomo_(Chin-Chin),307.38,5.91,36.59,10.85,2090.58,89.34,203.56,44.16
33,Male,63.0,1.76,Weight Loss,Hausa_Koko_(millet_porridge)_with_Koose,368.0,12.0,35.0,4.0,Boiled_Plantain/Yam_and_Garden_egg_stew,537.0,22.0,54.0,7.0,Kenkey_and_Fried_Fish_with_Hot_Pepper,664.0,38.0,49.0,13.0,Kofi_Brokeman_(Roasted_Plantain_with_Groundnut),319.0,7.0,30.0,8.0,1888.0,79.0,168.0,32.0
60,Female,76.2,1.63,Muscle Gain,Oatmeal,282.0,12.0,41.0,5.0,Red-Red_(Beans_and_Plantain_with_red_oil),508.0,32.0,48.0,17.0,Jollof_Rice_with_Chicken,726.0,52.0,93.0,19.0,Atsoomo_(Chin-Chin),393.0,3.0,34.0,20.0,1909.0,99.0,216.0,61.0
36,Male,71.2,1.72,Muscle Gain,White_porridge_and_bread,355.0,7.0,55.0,6.0,Boiled_Plantain/Yam_and_Garden_egg_stew,537.0,27.0,55.0,10.0,Kenkey_and_Fried_Fish_with_Hot_Pepper,600.0,45.0,68.0,18.0,Atsoomo_(Chin-Chin),307.38,5.91,36.59,10.85,1799.38,84.91,214.59,44.85
56,Female,78.4,1.68,Muscle Gain,Oatmeal,312.0,13.0,50.0,4.0,Waakye_and_Fish_with_egg,597.0,54.0,74.0,11.0,Jollof_Rice_with_Chicken,707.0,46.0,80.0,22.0,Atsoomo_(Chin-Chin),307.38,5.91,36.59,10.85,1923.38,118.91,240.59,47.85
71,Male,77.1,1.66,Muscle Gain,Rice_water_and_bread,364.0,9.0,61.0,3.0,Plain_Rice_with_Chicken,611.0,60.0,76.0,12.0,Waakye_and_Fish_with_egg,772.0,52.0,65.0,9.0,Plantain_Chips,283.0,3.0,48.0,10.0,2030.0,124.0,250.0,34.0
11,Male,45.2,1.27,Weight Loss,Hausa_Koko_(millet_porridge)_with_Koose,314.0,15.0,40.0,5.0,Tuo_Zaafi_with_Meat_Stew,577.0,47.0,68.0,11.0,Banku_with_Okra_Soup,552.0,37.0,75.0,8.0,Roasted/Boiled_Maize_with_Coconut,196.0,6.0,37.0,7.0,1639.0,105.0,220.0,31.0
34,Male,81.6,1.71,Muscle Gain,Oatmeal,336.42,9.46,47.78,5.3,Plain_Rice_with_Chicken,825.0,61.0,74.0,16.0,Jollof_Rice_with_Chicken,818.0,48.0,86.0,22.0,Atsoomo_(Chin-Chin),307.38,5.91,36.59,10.85,2286.8,124.37,244.37,54.15
79,Female,57.2,1.52,Weight Loss,Hausa_Koko_(millet_porridge)_with_Koose,291.0,13.0,36.0,4.0,Jollof_Rice_with_Chicken,619.2,39.43,64.97,13.31,Waakye_and_Fish_with_egg,634.0,39.0,56.0,8.0,Atsoomo_(Chin-Chin),326.0,3.0,33.0,13.0,1870.2,94.43,189.97,38.31
59,Female,55.1,1.51,Weight Loss,Rice_water_and_bread,262.0,8.0,42.0,4.0,Kenkey_and_Fried_Fish_with_Hot_Pepper,544.0,35.0,56.0,17.0,Angwamu_(Oil_Rice)_with_Hot_Pepper_and_Egg,511.0,25.0,54.0,17.0,Atsoomo_(Chin-Chin),307.38,5.91,36.59,10.85,1624.38,73.91,188.59,48.85
49,Female,58.1,1.61,Weight Loss,Oatmeal,240.0,10.0,42.0,4.0,Plain_Rice_with_Chicken,689.0,45.0,67.0,16.0,Kenkey_and_Fried_Fish_with_Hot_Pepper,533.0,30.0,55.0,13.0,Nkatie_Cake_(Groundnut_Cake),297.0,9.0,20.0,15.0,1759.0,94.0,184.0,48.0
51,Female,55.9,1.7,Weight Loss,White_porridge_and_bread,341.0,7.0,51.0,4.0,Red-Red_(Beans_and_Plantain_with_red_oil),513.0,30.0,45.0,15.0,Angwamu_(Oil_Rice)_with_Hot_Pepper_and_Egg,599.0,27.0,45.0,18.0,Atsoomo_(Chin-Chin),307.38,5.91,36.59,10.85,1760.38,69.91,177.59,47.85
52,Male,61.6,1.72,Weight Loss,Oatmeal,287.0,9.0,36.0,4.0,Jollof_Rice_with_Chicken,872.0,37.0,65.0,16.0,Angwamu_(Oil_Rice)_with_Hot_Pepper_and_Egg,615.79,38.98,64.77,13.31,Atsoomo_(Chin-Chin),307.38,5.91,36.59,10.85,2082.17,90.89,202.36,44.16
10,Female,42.9,1.11,Weight Loss,White_porridge_and_bread,234.0,7.0,44.0,4.0,Tuo_Zaafi_with_Meat_Stew,448.0,34.0,62.0,11.0,Angwamu_(Oil_Rice)_with_Hot_Pepper_and_Egg,425.0,32.0,59.0,15.0,Kofi_Brokeman_(Roasted_Plantain_with_Groundnut),216.0,8.0,37.0,8.0,1323.0,81.0,202.0,38.0
30,Male,76.0,1.8,Muscle Gain,Rice_water_and_bread,390.0,8.0,52.0,5.0,Red-Red_(Beans_and_Plantain_with_red_oil),610.0,37.0,63.0,19.0,Boiled_Plantain/Yam_and_Garden_egg_stew,569.0,21.0,66.0,10.0,Roasted/Boiled_Maize_with_Coconut,311.0,6.0,34.0,8.0,1880.0,72.0,215.0,42.0
34,Female,55.4,1.57,Weight Loss,Oatmeal,248.0,10.0,38.0,3.0,Plain_Rice_with_Chicken,696.0,43.0,53.0,12.0,Boiled_Plantain/Yam_and_Garden_egg_stew,466.0,20.0,57.0,7.0,Nkatie_Cake_(Groundnut_Cake),366.0,10.0,20.0,13.0,1776.0,83.0,168.0,35.0
19,Male,83.5,1.66,Muscle Gain,Koko_with_Bofroat_(corn_dough_porridge_with_buffloaf),460.0,9.0,53.0,8.0,Red-Red_(Beans_and_Plantain_with_red_oil),540.0,37.0,47.0,15.0,Fufu_with_Light_Soup_with_Goat_Meat,836.0,45.0,83.0,14.0,Atsoomo_(Chin-Chin),307.38,5.91,36.59,10.85,2143.38,96.91,219.59,47.85
58,Male,80.8,1.72,Muscle Gain,Tea/Milo/Coffee_with_bread,352.0,7.0,41.0,8.0,Kenkey_and_Fried_Fish_with_Hot_Pepper,636.0,49.0,58.0,19.0,Jollof_Rice_with_Chicken,822.0,56.0,81.0,19.0,Atsoomo_(Chin-Chin),307.38,5.91,36.59,10.85,2117.38,117.91,216.59,56.85
23,Female,68.6,1.5,Muscle Gain,Tea/Milo/Coffee_with_bread,343.0,7.0,40.0,8.0,Fufu_with_Light_Soup_with_Goat_Meat,646.0,44.0,91.0,15.0,Tuo_Zaafi_with_Meat_Stew,710.0,43.0,85.0,16.0,Atsoomo_(Chin-Chin),420.0,4.0,34.0,20.0,2119.0,98.0,250.0,59.0
44,Female,59.0,1.66,Weight Loss,Hausa_Koko_(millet_porridge)_with_Koose,389.0,13.0,41.0,5.0,Jollof_Rice_with_Chicken,702.0,40.0,81.0,16.0,Banku_with_Okra_Soup,684.0,33.0,64.0,9.0,Atsoomo_(Chin-Chin),307.38,5.91,36.59,10.85,2082.38,91.91,222.59,40.85
65,Female,58.0,1.59,Weight Loss,White_porridge_and_bread,320.0,7.0,44.0,4.0,Jollof_Rice_with_Chicken,619.2,39.43,64.97,13.31,Red-Red_(Beans_and_Plantain_with_red_oil),458.0,25.0,53.0,13.0,Atsoomo_(Chin-Chin),307.38,5.91,36.59,10.85,1704.58,77.34,198.56,41.16
11,Female,52.8,1.15,Muscle Gain,Oatmeal,277.0,14.0,43.0,4.0,Angwamu_(Oil_Rice)_with_Hot_Pepper_and_Egg,454.0,30.0,56.0,19.0,Plain_Rice_with_Chicken,600.0,72.0,63.0,19.0,Atsoomo_(Chin-Chin),307.38,5.91,36.59,10.85,1638.38,121.91,198.59,52.85
28,Female,57.8,1.61,Weight Loss,Hausa_Koko_(millet_porridge)_with_Koose,375.0,12.0,36.0,5.0,Jollof_Rice_with_Chicken,799.0,39.0,79.0,15.0,Angwamu_(Oil_Rice)_with_Hot_Pepper_and_Egg,615.79,38.98,64.77,13.31,Atsoomo_(Chin-Chin),307.38,5.91,36.59,10.85,2097.17,95.89,216.36,44.16
83,Female,55.0,1.52,Weight Loss,White_porridge_and_bread,252.0,7.0,45.0,3.0,Waakye_and_Fish_with_egg,602.0,47.0,63.0,8.0,Fufu_with_Light_Soup_with_Goat_Meat,585.0,40.0,73.0,8.0,Atsoomo_(Chin-Chin),345.0,3.0,35.0,14.0,1784.0,97.0,216.0,33.0
46,Male,67.3,1.72,Muscle Gain,Koko_with_Bofroat_(corn_dough_porridge_with_buffloaf),447.0,9.0,53.0,9.0,Jollof_Rice_with_Chicken,776.0,55.0,89.0,21.0,Kenkey_and_Fried_Fish_with_Hot_Pepper,743.0,40.0,56.0,19.0,Atsoomo_(Chin-Chin),307.38,5.91,36.59,10.85,2273.38,109.91,234.59,59.85
12,Female,55.0,1.24,Muscle Gain,Tea/Milo/Coffee_with_bread,254.0,7.0,35.0,7.0,Waakye_and_Fish_with_egg,570.0,51.0,72.0,12.0,Banku_with_Okra_Soup,553.0,40.0,75.0,12.0,Atsoomo_(Chin-Chin),307.38,5.91,36.59,10.85,1684.38,103.91,218.59,41.85
28,Male,58.6,1.7,Weight Loss,Tea/Milo/Coffee_with_bread,262.0,5.0,30.0,6.0,Jollof_Rice_with_Chicken,619.2,39.43,64.97,13.31,Fufu_with_Light_Soup_with_Goat_Meat,698.0,38.0,73.0,12.0,Atsoomo_(Chin-Chin),307.38,5.91,36.59,10.85,1886.58,88.34,204.56,42.16
65,Female,70.8,1.56,Muscle Gain,Hausa_Koko_(millet_porridge)_with_Koose,334.0,13.0,46.0,5.0,Jollof_Rice_with_Chicken,619.2,39.43,64.97,13.31,Boiled_Plantain/Yam_and_Garden_egg_stew,537.0,20.0,59.0,7.0,Atsoomo_(Chin-Chin),307.38,5.91,36.59,10.85,1797.58,78.34,206.56,36.16
9,Female,48.6,1.09,Muscle Gain,White_porridge_and_bread,305.0,8.0,62.0,6.0,Red-Red_(Beans_and_Plantain_with_red_oil),503.0,33.0,59.0,18.0,Waakye_and_Fish_with_egg,477.0,60.0,72.0,13.0,Atsoomo_(Chin-Chin),307.38,5.91,36.59,10.85,1592.38,106.91,229.59,47.85
47,Male,65.0,1.77,Weight Loss,Rice_water_and_bread,315.0,7.0,55.0,3.0,Plain_Rice_with_Chicken,818.0,47.0,62.0,12.0,Banku_and_Tilapia_with_Hot_Pepper,690.0,38.0,63.0,12.0,Atsoomo_(Chin-Chin),307.38,5.91,36.59,10.85,2130.38,97.91,216.59,37.85
49,Male,79.3,1.7,Muscle Gain,Rice_water_and_bread,315.0,8.0,57.0,5.0,Boiled_Plantain/Yam_and_Garden_egg_stew,565.0,24.0,74.0,9.0,Red-Red_(Beans_and_Plantain_with_red_oil),684.0,30.0,62.0,17.0,Atsoomo_(Chin-Chin),307.38,5.91,36.59,10.85,1871.38,67.91,229.59,41.85
50,Male,78.4,1.73,Muscle Gain,Koko_with_Bofroat_(corn_dough_porridge_with_buffloaf),471.0,13.0,54.0,10.0,Banku_and_Tilapia_with_Hot_Pepper,635.0,50.0,66.0,14.0,Angwamu_(Oil_Rice)_with_Hot_Pepper_and_Egg,615.79,38.98,64.77,13.31,Atsoomo_(Chin-Chin),307.38,5.91,36.59,10.85,2029.17,107.89,221.36,48.16
27,Male,74.9,1.65,Muscle Gain,Hausa_Koko_(millet_porridge)_with_Koose,376.0,14.0,42.0,7.0,Plain_Rice_with_Chicken,786.0,58.0,79.0,19.0,Waakye_and_Fish_with_egg,705.0,60.0,64.0,10.0,Atsoomo_(Chin-Chin),307.38,5.91,36.59,10.85,2174.38,137.91,221.59,46.85
41,Male,73.5,1.71,Muscle Gain,Koko_with_Bofroat_(corn_dough_porridge_with_buffloaf),548.0,10.0,62.0,8.0,Banku_with_Okra_Soup,622.0,40.0,77.0,10.0,Fufu_with_Light_Soup_with_Goat_Meat,716.0,43.0,89.0,15.0,Atsoomo_(Chin-Chin),307.38,5.91,36.59,10.85,2193.38,98.91,264.59,43.85
31,Female,70.6,1.65,Muscle Gain,Tom_Brown_and_bread,342.0,9.0,60.0,5.0,Jollof_Rice_with_Chicken,619.2,39.43,64.97,13.31,Plain_Rice_with_Chicken,666.0,50.0,77.0,18.0,Kofi_Brokeman_(Roasted_Plantain_with_Groundnut),312.0,7.0,45.0,9.0,1939.2,105.43,246.97,45.31
63,Female,71.6,1.58,Muscle Gain,Oatmeal,258.0,12.0,49.0,3.0,Red-Red_(Beans_and_Plantain_with_red_oil),545.0,30.0,57.0,16.0,Boiled_Plantain/Yam_and_Garden_egg_stew,536.0,22.0,71.0,7.0,Atsoomo_(Chin-Chin),307.38,5.91,36.59,10.85,1646.38,69.91,213.59,36.85
16,Female,50.1,1.22,Muscle Gain,Oatmeal,217.0,10.0,51.0,5.0,Plain_Rice_with_Chicken,612.0,61.0,72.0,18.0,Banku_and_Tilapia_with_Hot_Pepper,531.0,48.0,55.0,15.0,Atsoomo_(Chin-Chin),307.38,5.91,36.59,10.85,1667.38,124.91,214.59,48.85
76,Female,54.1,1.54,Weight Loss,Hausa_Koko_(millet_porridge)_with_Koose,348.0,11.0,36.0,4.0,Banku_with_Okra_Soup,509.0,30.0,63.0,8.0,Angwamu_(Oil_Rice)_with_Hot_Pepper_and_Egg,615.79,38.98,64.77,13.31,Atsoomo_(Chin-Chin),307.38,5.91,36.59,10.85,1780.17,85.89,200.36,36.16
77,Female,69.4,1.56,Muscle Gain,Rice_water_and_bread,267.0,9.0,57.0,4.0,Jollof_Rice_with_Chicken,761.0,40.0,74.0,18.0,Boiled_Plantain/Yam_and_Garden_egg_stew,433.0,21.0,65.0,7.0,Agbelikaklo_with_Coconut,269.0,6.0,52.0,7.0,1730.0,76.0,248.0,36.0
25,Male,58.7,1.73,Weight Loss,Rice_water_and_bread,353.0,8.0,44.0,4.0,Jollof_Rice_with_Chicken,619.2,39.43,64.97,13.31,Jollof_Rice_with_Chicken,837.0,41.0,74.0,14.0,Nkatie_Cake_(Groundnut_Cake),355.0,11.0,24.0,12.0,2164.2,99.43,206.97,43.31
71,Male,60.9,1.63,Weight Loss,Rice_water_and_bread,269.0,8.0,42.0,2.0,Red-Red_(Beans_and_Plantain_with_red_oil),555.0,28.0,50.0,10.0,Tuo_Zaafi_with_Meat_Stew,577.0,30.0,70.0,8.0,Atsoomo_(Chin-Chin),307.38,5.91,36.59,10.85,1708.38,71.91,198.59,30.85
28,Male,65.6,1.71,Weight Loss,Oatmeal,313.0,11.0,38.0,3.0,Banku_and_Tilapia_with_Hot_Pepper,717.0,36.0,62.0,12.0,Fufu_with_Light_Soup_with_Goat_Meat,661.0,39.0,75.0,13.0,Atsoomo_(Chin-Chin),307.38,5.91,36.59,10.85,1998.38,91.91,211.59,38.85
46,Male,80.9,1.75,Muscle Gain,Tea/Milo/Coffee_with_bread,315.0,6.0,39.0,7.0,Waakye_and_Fish_with_egg,787.0,50.0,78.0,11.0,Banku_and_Tilapia_with_Hot_Pepper,625.0,50.0,60.0,13.0,Atsoomo_(Chin-Chin),307.38,5.91,36.59,10.85,2034.38,111.91,213.59,41.85
14,Female,46.6,1.2,Muscle Gain,Tom_Brown_and_bread,316.0,10.0,56.0,6.0,Red-Red_(Beans_and_Plantain_with_red_oil),376.0,44.0,51.0,20.0,Angwamu_(Oil_Rice)_with_Hot_Pepper_and_Egg,615.79,38.98,64.77,13.31,Atsoomo_(Chin-Chin),307.38,5.91,36.59,10.85,1615.17,98.89,208.36,50.16
51,Male,80.6,1.75,Muscle Gain,Rice_water_and_bread,359.0,9.0,53.0,4.0,Red-Red_(Beans_and_Plantain_with_red_oil),646.0,32.0,50.0,16.0,Kenkey_and_Fried_Fish_with_Hot_Pepper,617.0,39.0,67.0,18.0,Atsoomo_(Chin-Chin),307.38,5.91,36.59,10.85,1929.38,85.91,206.59,48.85
6,Male,32.0,1.0,Weight Loss,Oatmeal,268.0,13.0,39.0,4.0,Waakye_and_Fish_with_egg,510.0,48.0,63.0,10.0,Kenkey_and_Fried_Fish_with_Hot_Pepper,547.0,47.0,51.0,16.0,Atsoomo_(Chin-Chin),307.38,5.91,36.59,10.85,1632.38,113.91,189.59,40.85
31,Female,60.9,1.56,Weight Loss,Tom_Brown_and_bread,323.0,7.0,59.0,4.0,Jollof_Rice_with_Chicken,619.2,39.43,64.97,13.31,Boiled_Plantain/Yam_and_Garden_egg_stew,549.0,17.0,53.0,7.0,Atsoomo_(Chin-Chin),307.38,5.91,36.59,10.85,1798.58,69.34,213.56,35.16
7,Female,36.3,1.0,Weight Loss,Hausa_Koko_(millet_porridge)_with_Koose,313.0,13.0,34.0,4.0,Angwamu_(Oil_Rice)_with_Hot_Pepper_and_Egg,400.0,25.0,52.0,18.0,Angwamu_(Oil_Rice)_with_Hot_Pepper_and_Egg,615.79,38.98,64.77,13.31,Nkatie_Cake_(Groundnut_Cake),234.0,10.0,18.0,16.0,1562.79,86.98,168.77,51.31
82,Female,69.0,1.51,Muscle Gain,Hausa_Koko_(millet_porridge)_with_Koose,338.0,13.0,45.0,6.0,Banku_and_Tilapia_with_Hot_Pepper,547.0,50.0,59.0,12.0,Waakye_and_Fish_with_egg,597.0,46.0,75.0,10.0,Atsoomo_(Chin-Chin),307.38,5.91,36.59,10.85,1789.38,114.91,215.59,38.85
54,Male,59.6,1.74,Weight Loss,Oatmeal,297.0,9.0,38.0,4.0,Kenkey_and_Fried_Fish_with_Hot_Pepper,620.0,38.0,45.0,14.0,Jollof_Rice_with_Chicken,745.0,39.0,72.0,16.0,Atsoomo_(Chin-Chin),307.38,5.91,36.59,10.85,1969.38,91.91,191.59,44.85
64,Female,58.5,1.57,Weight Loss,Oatmeal,274.0,11.0,42.0,2.0,Jollof_Rice_with_Chicken,619.2,39.43,64.97,13.31,Kenkey_and_Fried_Fish_with_Hot_Pepper,577.0,31.0,55.0,12.0,Plantain_Chips,276.0,3.0,45.0,8.0,1746.2,84.43,206.97,35.31
77,Male,57.3,1.61,Weight Loss,Koko_with_Bofroat_(corn_dough_porridge_with_buffloaf),352.0,9.0,49.0,5.0,Plain_Rice_with_Chicken,684.0,42.0,54.0,13.0,Banku_with_Okra_Soup,583.0,33.0,63.0,6.0,Atsoomo_(Chin-Chin),307.38,5.91,36.59,10.85,1926.38,89.91,202.59,34.85
79,Female,57.9,1.55,Weight Loss,Hausa_Koko_(millet_porridge)_with_Koose,331.0,11.0,36.0,4.0,Kenkey_and_Fried_Fish_with_Hot_Pepper,535.0,38.0,49.0,13.0,Jollof_Rice_with_Chicken,559.0,45.0,79.0,11.0,Nkatie_Cake_(Groundnut_Cake),247.0,9.0,22.0,12.0,1672.0,103.0,186.0,40.0
28,Female,76.9,1.58,Muscle Gain,Tea/Milo/Coffee_with_bread,322.0,7.0,43.0,8.0,Waakye_and_Fish_with_egg,783.0,46.0,60.0,13.0,Angwamu_(Oil_Rice)_with_Hot_Pepper_and_Egg,615.79,38.98,64.77,13.31,Atsoomo_(Chin-Chin),307.38,5.91,36.59,10.85,2028.17,97.89,204.36,45.16
6,Male,43.7,1.0,Muscle Gain,Tea/Milo/Coffee_with_bread,303.0,7.0,35.0,7.0,Jollof_Rice_with_Chicken,619.2,39.43,64.97,13.31,Angwamu_(Oil_Rice)_with_Hot_Pepper_and_Egg,615.79,38.98,64.77,13.31,Atsoomo_(Chin-Chin),307.38,5.91,36.59,10.85,1845.37,91.32,201.33,44.47
8,Female,33.9,1.02,Weight Loss,Tea/Milo/Coffee_with_bread,198.0,6.0,31.0,5.0,Tuo_Zaafi_with_Meat_Stew,566.0,38.0,65.0,10.0,Fufu_with_Light_Soup_with_Goat_Meat,547.0,46.0,69.0,12.0,Atsoomo_(Chin-Chin),307.38,5.91,36.59,10.85,1618.38,95.91,201.59,37.85
43,Male,76.6,1.7,Muscle Gain,Oatmeal,347.0,9.0,42.0,4.0,Banku_and_Tilapia_with_Hot_Pepper,695.0,54.0,62.0,16.0,Red-Red_(Beans_and_Plantain_with_red_oil),689.0,33.0,60.0,17.0,Atsoomo_(Chin-Chin),307.38,5.91,36.59,10.85,2038.38,101.91,200.59,47.85
10,Male,46.3,1.2,Weight Loss,Koko_with_Bofroat_(corn_dough_porridge_with_buffloaf),392.0,13.0,57.0,6.0,Boiled_Plantain/Yam_and_Garden_egg_stew,445.0,27.0,51.0,7.0,Kenkey_and_Fried_Fish_with_Hot_Pepper,471.0,40.0,49.0,14.0,Atsoomo_(Chin-Chin),307.38,5.91,36.59,10.85,1615.38,85.91,193.59,37.85
60,Male,69.2,1.7,Weight Loss,Tom_Brown_and_bread,437.0,8.0,51.0,4.0,Fufu_with_Light_Soup_with_Goat_Meat,815.0,35.0,81.0,12.0,Red-Red_(Beans_and_Plantain_with_red_oil),569.0,33.0,45.0,16.0,Atsoomo_(Chin-Chin),307.38,5.91,36.59,10.85,2128.38,81.91,213.59,42.85
6,Male,42.9,1.0,Muscle Gain,Rice_water_and_bread,249.0,13.0,61.0,5.0,Plain_Rice_with_Chicken,536.0,67.0,71.0,18.0,Banku_and_Tilapia_with_Hot_Pepper,613.0,57.0,59.0,14.0,Atsoomo_(Chin-Chin),307.38,5.91,36.59,10.85,1705.38,142.91,227.59,47.85
11,Female,54.1,1.18,Muscle Gain,Rice_water_and_bread,288.0,10.0,56.0,5.0,Fufu_with_Light_Soup_with_Goat_Meat,624.0,52.0,81.0,13.0,Waakye_and_Fish_with_egg,608.0,64.0,79.0,12.0,Roasted/Boiled_Maize_with_Coconut,234.0,7.0,45.0,7.0,1754.0,133.0,261.0,37.0
38,Female,68.2,1.63,Muscle Gain,Koko_with_Bofroat_(corn_dough_porridge_with_buffloaf),418.0,12.0,53.0,8.0,Angwamu_(Oil_Rice)_with_Hot_Pepper_and_Egg,567.0,32.0,59.0,20.0,Boiled_Plantain/Yam_and_Garden_egg_stew,499.0,22.0,70.0,9.0,Agbelikaklo_with_Coconut,280.0,4.0,56.0,10.0,1764.0,70.0,238.0,47.0
56,Male,60.6,1.65,Weight Loss,Tom_Brown_and_bread,350.0,8.0,52.0,4.0,Banku_with_Okra_Soup,751.0,34.0,63.0,8.0,Angwamu_(Oil_Rice)_with_Hot_Pepper_and_Egg,615.79,38.98,64.77,13.31,Atsoomo_(Chin-Chin),307.38,5.91,36.59,10.85,2024.17,86.89,216.36,36.16
57,Female,64.9,1.55,Muscle Gain,Tea/Milo/Coffee_with_bread,291.0,7.0,39.0,7.0,Waakye_and_Fish_with_egg,599.0,54.0,69.0,12.0,Fufu_with_Light_Soup_with_Goat_Meat,721.0,42.0,87.0,17.0,Atsoomo_(Chin-Chin),307.38,5.91,36.59,10.85,1918.38,108.91,231.59,46.85
37,Male,60.3,1.67,Weight Loss,Koko_with_Bofroat_(corn_dough_porridge_with_buffloaf),478.0,11.0,47.0,6.0,Banku_and_Tilapia_with_Hot_Pepper,638.0,38.0,64.0,10.0,Red-Red_(Beans_and_Plantain_with_red_oil),556.0,34.0,54.0,12.0,Atsoomo_(Chin-Chin),426.0,3.0,28.0,15.0,2098.0,86.0,193.0,43.0
5,Female,30.2,1.0,Weight Loss,Koko_with_Bofroat_(corn_dough_porridge_with_buffloaf),297.0,12.0,53.0,7.0,Fufu_with_Light_Soup_with_Goat_Meat,463.0,40.0,76.0,12.0,Red-Red_(Beans_and_Plantain_with_red_oil),360.0,28.0,54.0,12.0,Atsoomo_(Chin-Chin),307.38,5.91,36.59,10.85,1427.38,85.91,219.59,41.85
54,Male,55.2,1.6,Weight Loss,Rice_water_and_bread,337.0,7.0,50.0,3.0,Fufu_with_Light_Soup_with_Goat_Meat,695.0,34.0,65.0,11.0,Kenkey_and_Fried_Fish_with_Hot_Pepper,574.0,37.0,54.0,14.0,Atsoomo_(Chin-Chin),307.38,5.91,36.59,10.85,1913.38,83.91,205.59,38.85
14,Female,40.9,1.21,Weight Loss,Hausa_Koko_(millet_porridge)_with_Koose,280.0,13.0,44.0,5.0,Red-Red_(Beans_and_Plantain_with_red_oil),438.0,34.0,49.0,13.0,Banku_with_Okra_Soup,515.0,39.0,65.0,8.0,Atsoomo_(Chin-Chin),307.38,5.91,36.59,10.85,1540.38,91.91,194.59,36.85
48,Female,53.9,1.57,Weight Loss,Rice_water_and_bread,325.0,7.0,54.0,3.0,Angwamu_(Oil_Rice)_with_Hot_Pepper_and_Egg,492.0,23.0,55.0,17.0,Angwamu_(Oil_Rice)_with_Hot_Pepper_and_Egg,615.79,38.98,64.77,13.31,Atsoomo_(Chin-Chin),299.0,3.0,31.0,16.0,1731.79,71.98,204.77,49.31
78,Male,70.2,1.67,Muscle Gain,Oatmeal,305.0,10.0,44.0,3.0,Banku_and_Tilapia_with_Hot_Pepper,654.0,54.0,57.0,11.0,Boiled_Plantain/Yam_and_Garden_egg_stew,457.0,26.0,70.0,8.0,Plantain_Chips,312.0,3.0,48.0,11.0,1728.0,93.0,219.0,33.0
41,Female,70.0,1.52,Muscle Gain,White_porridge_and_bread,302.0,7.0,63.0,6.0,Plain_Rice_with_Chicken,774.0,45.0,70.0,18.0,Banku_and_Tilapia_with_Hot_Pepper,715.0,40.0,62.0,14.0,Atsoomo_(Chin-Chin),331.0,3.0,29.0,22.0,2122.0,95.0,224.0,60.0
36,Male,63.0,1.78,Weight Loss,Oatmeal,336.42,9.46,47.78,5.3,Angwamu_(Oil_Rice)_with_Hot_Pepper_and_Egg,639.0,28.0,57.0,17.0,Banku_with_Okra_Soup,672.0,35.0,62.0,8.0,Roasted/Boiled_Maize_with_Coconut,270.0,5.0,33.0,6.0,1917.42,77.46,199.78,36.3
22,Female,61.3,1.52,Weight Loss,Rice_water_and_bread,326.0,8.0,47.0,4.0,Banku_and_Tilapia_with_Hot_Pepper,513.0,41.0,60.0,12.0,Jollof_Rice_with_Chicken,631.0,44.0,74.0,16.0,Atsoomo_(Chin-Chin),342.0,4.0,34.0,16.0,1812.0,97.0,215.0,48.0
44,Female,70.8,1.54,Muscle Gain,Oatmeal,336.42,9.46,47.78,5.3,Red-Red_(Beans_and_Plantain_with_red_oil),570.0,34.0,51.0,19.0,Angwamu_(Oil_Rice)_with_Hot_Pepper_and_Egg,615.79,38.98,64.77,13.31,Atsoomo_(Chin-Chin),307.38,5.91,36.59,10.85,1829.59,88.35,200.14,48.46
69,Male,63.8,1.67,Weight Loss,Koko_with_Bofroat_(corn_dough_porridge_with_buffloaf),401.0,9.0,48.0,7.0,Tuo_Zaafi_with_Meat_Stew,537.0,36.0,69.0,8.0,Boiled_Plantain/Yam_and_Garden_egg_stew,517.0,24.0,63.0,5.0,Atsoomo_(Chin-Chin),307.38,5.91,36.59,10.85,1762.38,74.91,216.59,30.85
32,Male,67.0,1.62,Muscle Gain,Koko_with_Bofroat_(corn_dough_porridge_with_buffloaf),465.0,10.0,62.0,8.0,Banku_and_Tilapia_with_Hot_Pepper,638.0,43.0,56.0,16.0,Kenkey_and_Fried_Fish_with_Hot_Pepper,630.0,52.0,64.0,17.0,Atsoomo_(Chin-Chin),307.38,5.91,36.59,10.85,2040.38,110.91,218.59,51.85
71,Male,75.3,1.63,Muscle Gain,Tom_Brown_and_bread,347.0,9.0,66.0,5.0,Angwamu_(Oil_Rice)_with_Hot_Pepper_and_Egg,680.0,34.0,68.0,18.0,Fufu_with_Light_Soup_with_Goat_Meat,644.0,43.0,78.0,11.0,Roasted/Boiled_Maize_with_Coconut,291.0,7.0,43.0,5.0,1962.0,93.0,255.0,39.0
20,Male,60.8,1.7,Weight Loss,White_porridge_and_bread,306.0,6.0,53.0,4.0,Waakye_and_Fish_with_egg,622.0,49.0,71.0,8.0,Angwamu_(Oil_Rice)_with_Hot_Pepper_and_Egg,632.0,27.0,54.0,17.0,Atsoomo_(Chin-Chin),307.38,5.91,36.59,10.85,1867.38,87.91,214.59,39.85
67,Male,75.9,1.67,Muscle Gain,Hausa_Koko_(millet_porridge)_with_Koose,378.0,13.0,47.0,6.0,Red-Red_(Beans_and_Plantain_with_red_oil),618.0,34.0,50.0,17.0,Waakye_and_Fish_with_egg,598.0,49.0,77.0,8.0,Atsoomo_(Chin-Chin),307.38,5.91,36.59,10.85,1901.38,101.91,210.59,41.85
29,Female,72.5,1.6,Muscle Gain,Tom_Brown_and_bread,366.0,10.0,66.0,5.0,Banku_with_Okra_Soup,702.0,39.0,78.0,13.0,Plain_Rice_with_Chicken,794.0,56.0,79.0,18.0,Plantain_Chips,286.0,3.0,40.0,12.0,2148.0,108.0,263.0,48.0
7,Female,42.6,1.0,Muscle Gain,Tea/Milo/Coffee_with_bread,242.0,8.0,41.0,8.0,Angwamu_(Oil_Rice)_with_Hot_Pepper_and_Egg,523.0,33.0,55.0,22.0,Waakye_and_Fish_with_egg,611.0,57.0,66.0,11.0,Roasted/Boiled_Maize_with_Coconut,191.0,8.0,36.0,8.0,1567.0,106.0,198.0,49.0
43,Male,60.7,1.68,Weight Loss,White_porridge_and_bread,381.0,7.0,54.0,4.0,Jollof_Rice_with_Chicken,619.2,39.43,64.97,13.31,Boiled_Plantain/Yam_and_Garden_egg_stew,587.0,24.0,49.0,7.0,Atsoomo_(Chin-Chin),307.38,5.91,36.59,10.85,1894.58,76.34,204.56,35.16
10,Male,53.1,1.16,Muscle Gain,Koko_with_Bofroat_(corn_dough_porridge_with_buffloaf),419.0,15.0,58.0,10.0,Red-Red_(Beans_and_Plantain_with_red_oil),440.0,42.0,52.0,20.0,Angwamu_(Oil_Rice)_with_Hot_Pepper_and_Egg,605.0,32.0,66.0,21.0,Atsoomo_(Chin-Chin),307.38,5.91,36.59,10.85,1771.38,94.91,212.59,61.85
51,Female,73.4,1.64,Muscle Gain,Hausa_Koko_(millet_porridge)_with_Koose,338.0,14.0,43.0,7.0,Banku_with_Okra_Soup,562.0,37.0,68.0,12.0,Tuo_Zaafi_with_Meat_Stew,720.0,33.0,77.0,14.0,Atsoomo_(Chin-Chin),307.38,5.91,36.59,10.85,1927.38,89.91,224.59,43.85
20,Female,64.4,1.6,Muscle Gain,Hausa_Koko_(millet_porridge)_with_Koose,367.0,12.0,49.0,8.0,Jollof_Rice_with_Chicken,619.2,39.43,64.97,13.31,Jollof_Rice_with_Chicken,859.0,50.0,77.0,18.0,Atsoomo_(Chin-Chin),307.38,5.91,36.59,10.85,2152.58,107.34,227.56,50.16
49,Male,83.7,1.7,Muscle Gain,Rice_water_and_bread,388.0,8.0,47.0,4.0,Kenkey_and_Fried_Fish_with_Hot_Pepper,731.0,39.0,60.0,19.0,Waakye_and_Fish_with_egg,701.0,58.0,70.0,11.0,Atsoomo_(Chin-Chin),307.38,5.91,36.59,10.85,2127.38,110.91,213.59,44.85
22,Male,65.5,1.63,Weight Loss,Oatmeal,342.0,9.0,39.0,3.0,Waakye_and_Fish_with_egg,741.0,51.0,67.0,8.0,Angwamu_(Oil_Rice)_with_Hot_Pepper_and_Egg,615.79,38.98,64.77,13.31,Atsoomo_(Chin-Chin),307.38,5.91,36.59,10.85,2006.17,104.89,207.36,35.16
48,Male,69.9,1.66,Weight Loss,Oatmeal,336.42,9.46,47.78,5.3,Plain_Rice_with_Chicken,744.0,49.0,53.0,13.0,Kenkey_and_Fried_Fish_with_Hot_Pepper,627.0,34.0,50.0,13.0,Atsoomo_(Chin-Chin),307.38,5.91,36.59,10.85,2014.8,98.37,187.37,42.15
49,Female,54.1,1.57,Weight Loss,Koko_with_Bofroat_(corn_dough_porridge_with_buffloaf),432.0,10.0,47.0,8.0,Kenkey_and_Fried_Fish_with_Hot_Pepper,639.0,33.0,49.0,15.0,Jollof_Rice_with_Chicken,679.0,34.0,84.0,16.0,Atsoomo_(Chin-Chin),307.38,5.91,36.59,10.85,2057.38,82.91,216.59,49.85
54,Male,65.6,1.72,Weight Loss,Tom_Brown_and_bread,356.0,9.0,56.0,4.0,Boiled_Plantain/Yam_and_Garden_egg_stew,558.0,20.0,65.0,8.0,Red-Red_(Beans_and_Plantain_with_red_oil),578.0,27.0,49.0,13.0,Agbelikaklo_with_Coconut,377.0,4.0,37.0,8.0,1869.0,60.0,207.0,33.0
35,Male,59.4,1.74,Weight Loss,Tea/Milo/Coffee_with_bread,327.0,6.0,38.0,6.0,Boiled_Plantain/Yam_and_Garden_egg_stew,457.0,18.0,54.0,8.0,Banku_and_Tilapia_with_Hot_Pepper,707.0,41.0,54.0,10.0,Kofi_Brokeman_(Roasted_Plantain_with_Groundnut),257.0,7.0,32.0,7.0,1748.0,72.0,178.0,31.0
18,Male,60.3,1.69,Weight Loss,Tom_Brown_and_bread,333.0,9.0,59.0,4.0,Banku_with_Okra_Soup,667.0,34.0,66.0,8.0,Boiled_Plantain/Yam_and_Garden_egg_stew,514.0,18.0,63.0,7.0,Atsoomo_(Chin-Chin),307.38,5.91,36.59,10.85,1821.38,66.91,224.59,29.85
20,Female,63.4,1.65,Weight Loss,Rice_water_and_bread,271.0,7.0,50.0,3.0,Fufu_with_Light_Soup_with_Goat_Meat,622.0,33.0,72.0,10.0,Banku_with_Okra_Soup,562.0,27.0,59.0,8.0,Roasted/Boiled_Maize_with_Coconut,234.0,5.0,39.0,5.0,1689.0,72.0,220.0,26.0
24,Female,57.1,1.52,Weight Loss,Oatmeal,283.0,9.0,36.0,3.0,Boiled_Plantain/Yam_and_Garden_egg_stew,457.0,19.0,51.0,8.0,Banku_and_Tilapia_with_Hot_Pepper,532.0,33.0,61.0,12.0,Agbelikaklo_with_Coconut,341.0,5.0,37.0,6.0,1613.0,66.0,185.0,29.0
62,Female,57.5,1.56,Weight Loss,Tea/Milo/Coffee_with_bread,250.0,6.0,39.0,4.0,Banku_and_Tilapia_with_Hot_Pepper,445.0,36.0,50.0,9.0,Banku_with_Okra_Soup,571.0,30.0,75.0,7.0,Agbelikaklo_with_Coconut,270.0,5.0,45.0,5.0,1536.0,77.0,209.0,25.0
58,Male,61.4,1.67,Weight Loss,Hausa_Koko_(millet_porridge)_with_Koose,361.0,12.0,35.0,6.0,Angwamu_(Oil_Rice)_with_Hot_Pepper_and_Egg,675.0,27.0,56.0,16.0,Jollof_Rice_with_Chicken,730.0,46.0,83.0,14.0,Atsoomo_(Chin-Chin),307.38,5.91,36.59,10.85,2073.38,90.91,210.59,46.85
21,Female,68.3,1.66,Muscle Gain,Oatmeal,308.0,10.0,39.0,5.0,Boiled_Plantain/Yam_and_Garden_egg_stew,486.0,24.0,72.0,9.0,Waakye_and_Fish_with_egg,722.0,55.0,74.0,12.0,Atsoomo_(Chin-Chin),307.38,5.91,36.59,10.85,1823.38,94.91,221.59,36.85
7,Male,44.8,1.02,Muscle Gain,White_porridge_and_bread,282.0,8.0,62.0,5.0,Boiled_Plantain/Yam_and_Garden_egg_stew,477.0,28.0,61.0,8.0,Waakye_and_Fish_with_egg,629.0,62.0,77.0,12.0,Atsoomo_(Chin-Chin),307.38,5.91,36.59,10.85,1695.38,103.91,236.59,35.85
20,Male,76.0,1.76,Muscle Gain,Tom_Brown_and_bread,468.0,9.0,58.0,6.0,Banku_and_Tilapia_with_Hot_Pepper,643.0,44.0,63.0,15.0,Jollof_Rice_with_Chicken,818.0,57.0,76.0,20.0,Kofi_Brokeman_(Roasted_Plantain_with_Groundnut),345.0,7.0,35.0,9.0,2274.0,117.0,232.0,50.0
78,Male,61.5,1.64,Weight Loss,White_porridge_and_bread,305.0,6.0,52.0,4.0,Banku_and_Tilapia_with_Hot_Pepper,553.0,35.0,53.0,8.0,Angwamu_(Oil_Rice)_with_Hot_Pepper_and_Egg,615.79,38.98,64.77,13.31,Atsoomo_(Chin-Chin),307.38,5.91,36.59,10.85,1781.17,85.89,206.36,36.16
22,Female,56.1,1.56,Weight Loss,Hausa_Koko_(millet_porridge)_with_Koose,305.0,10.0,39.0,5.0,Jollof_Rice_with_Chicken,780.0,35.0,65.0,16.0,Plain_Rice_with_Chicken,660.0,45.0,55.0,16.0,Atsoomo_(Chin-Chin),307.38,5.91,36.59,10.85,2052.38,95.91,195.59,47.85
46,Female,76.3,1.69,Muscle Gain,Tea/Milo/Coffee_with_bread,331.0,6.0,40.0,9.0,Angwamu_(Oil_Rice)_with_Hot_Pepper_and_Egg,562.0,33.0,67.0,19.0,Banku_and_Tilapia_with_Hot_Pepper,623.0,40.0,57.0,12.0,Atsoomo_(Chin-Chin),307.38,5.91,36.59,10.85,1823.38,84.91,200.59,50.85
40,Female,54.7,1.59,Weight Loss,Oatmeal,336.42,9.46,47.78,5.3,Kenkey_and_Fried_Fish_with_Hot_Pepper,578.0,37.0,54.0,16.0,Tuo_Zaafi_with_Meat_Stew,696.0,33.0,75.0,11.0,Atsoomo_(Chin-Chin),307.38,5.91,36.59,10.85,1917.8,85.37,213.37,43.15
17,Female,44.2,1.28,Weight Loss,Tom_Brown_and_bread,304.0,9.0,57.0,4.0,Waakye_and_Fish_with_egg,485.0,46.0,63.0,8.0,Red-Red_(Beans_and_Plantain_with_red_oil),445.0,34.0,51.0,12.0,Nkatie_Cake_(Groundnut_Cake),264.0,10.0,18.0,12.0,1498.0,99.0,189.0,36.0
84,Male,59.5,1.63,Weight Loss,Rice_water_and_bread,269.0,9.0,55.0,2.0,Red-Red_(Beans_and_Plantain_with_red_oil),468.0,30.0,53.0,10.0,Kenkey_and_Fried_Fish_with_Hot_Pepper,569.0,44.0,58.0,11.0,Atsoomo_(Chin-Chin),307.38,5.91,36.59,10.85,1613.38,88.91,202.59,33.85
55,Male,72.8,1.61,Muscle Gain,Koko_with_Bofroat_(corn_dough_porridge_with_buffloaf),491.0,13.0,66.0,11.0,Banku_with_Okra_Soup,738.0,39.0,75.0,12.0,Jollof_Rice_with_Chicken,889.0,45.0,79.0,18.0,Atsoomo_(Chin-Chin),307.38,5.91,36.59,10.85,2425.38,102.91,256.59,51.85
42,Female,54.6,1.61,Weight Loss,Tom_Brown_and_bread,356.0,9.0,54.0,4.0,Banku_with_Okra_Soup,587.0,28.0,76.0,8.0,Red-Red_(Beans_and_Plantain_with_red_oil),437.0,25.0,41.0,13.0,Atsoomo_(Chin-Chin),336.0,3.0,34.0,16.0,1716.0,65.0,205.0,41.0
8,Male,38.3,1.07,Weight Loss,Oatmeal,234.0,14.0,35.0,4.0,Banku_with_Okra_Soup,535.0,42.0,63.0,8.0,Jollof_Rice_with_Chicken,576.0,46.0,67.0,16.0,Atsoomo_(Chin-Chin),307.38,5.91,36.59,10.85,1652.38,107.91,201.59,38.85
36,Male,71.1,1.61,Muscle Gain,White_porridge_and_bread,405.0,7.0,56.0,6.0,Kenkey_and_Fried_Fish_with_Hot_Pepper,726.0,48.0,59.0,21.0,Plain_Rice_with_Chicken,836.0,63.0,65.0,16.0,Atsoomo_(Chin-Chin),307.38,5.91,36.59,10.85,2274.38,123.91,216.59,53.85
77,Female,55.1,1.53,Weight Loss,White_porridge_and_bread,276.0,6.0,52.0,4.0,Kenkey_and_Fried_Fish_with_Hot_Pepper,504.0,35.0,60.0,14.0,Angwamu_(Oil_Rice)_with_Hot_Pepper_and_Egg,441.0,26.0,51.0,12.0,Atsoomo_(Chin-Chin),307.38,5.91,36.59,10.85,1528.38,72.91,199.59,40.85
9,Male,48.6,1.13,Muscle Gain,Oatmeal,336.42,9.46,47.78,5.3,Jollof_Rice_with_Chicken,617.0,55.0,74.0,17.0,Banku_with_Okra_Soup,546.0,50.0,73.0,12.0,Atsoomo_(Chin-Chin),307.38,5.91,36.59,10.85,1806.8,120.37,231.37,45.15
57,Male,80.3,1.69,Muscle Gain,Tom_Brown_and_bread,365.0,13.0,58.0,6.0,Banku_with_Okra_Soup,651.0,42.0,78.0,11.0,Red-Red_(Beans_and_Plantain_with_red_oil),589.0,37.0,55.0,16.0,Atsoomo_(Chin-Chin),307.38,5.91,36.59,10.85,1912.38,97.91,227.59,43.85
9,Female,41.4,1.04,Weight Loss,Koko_with_Bofroat_(corn_dough_porridge_with_buffloaf),290.0,13.0,46.0,7.0,Boiled_Plantain/Yam_and_Garden_egg_stew,438.0,21.0,61.0,7.0,Waakye_and_Fish_with_egg,551.0,45.0,54.0,8.0,Atsoomo_(Chin-Chin),307.38,5.91,36.59,10.85,1586.38,84.91,197.59,32.85
14,Male,39.4,1.23,Weight Loss,Oatmeal,270.0,9.0,45.0,3.0,Banku_and_Tilapia_with_Hot_Pepper,532.0,47.0,50.0,12.0,Tuo_Zaafi_with_Meat_Stew,484.0,42.0,68.0,11.0,Kofi_Brokeman_(Roasted_Plantain_with_Groundnut),255.0,7.0,39.0,7.0,1541.0,105.0,202.0,33.0
15,Female,51.5,1.24,Muscle Gain,Rice_water_and_bread,289.0,9.0,61.0,5.0,Kenkey_and_Fried_Fish_with_Hot_Pepper,524.0,44.0,66.0,19.0,Banku_with_Okra_Soup,519.0,40.0,70.0,10.0,Atsoomo_(Chin-Chin),307.38,5.91,36.59,10.85,1639.38,98.91,233.59,44.85
76,Female,56.3,1.57,Weight Loss,Tea/Milo/Coffee_with_bread,285.0,6.0,40.0,4.0,Kenkey_and_Fried_Fish_with_Hot_Pepper,524.0,38.0,54.0,12.0,Waakye_and_Fish_with_egg,519.0,45.0,70.0,6.0,Atsoomo_(Chin-Chin),307.38,5.91,36.59,10.85,1635.38,94.91,200.59,32.85
40,Female,74.6,1.61,Muscle Gain,Koko_with_Bofroat_(corn_dough_porridge_with_buffloaf),501.0,12.0,54.0,11.0,Angwamu_(Oil_Rice)_with_Hot_Pepper_and_Egg,650.0,32.0,63.0,20.0,Tuo_Zaafi_with_Meat_Stew,653.0,40.0,74.0,13.0,Agbelikaklo_with_Coconut,369.0,6.0,43.0,9.0,2173.0,90.0,234.0,53.0
57,Male,60.3,1.76,Weight Loss,Oatmeal,294.0,9.0,40.0,3.0,Angwamu_(Oil_Rice)_with_Hot_Pepper_and_Egg,563.0,28.0,61.0,19.0,Angwamu_(Oil_Rice)_with_Hot_Pepper_and_Egg,615.79,38.98,64.77,13.31,Atsoomo_(Chin-Chin),307.38,5.91,36.59,10.85,1780.17,81.89,202.36,46.16
48,Female,53.1,1.52,Weight Loss,White_porridge_and_bread,363.0,7.0,54.0,4.0,Banku_with_Okra_Soup,660.0,30.0,70.0,8.0,Kenkey_and_Fried_Fish_with_Hot_Pepper,629.0,34.0,50.0,15.0,Atsoomo_(Chin-Chin),307.38,5.91,36.59,10.85,1959.38,76.91,210.59,37.85
12,Female,48.4,1.22,Weight Loss,Tea/Milo/Coffee_with_bread,208.0,6.0,38.0,5.0,Red-Red_(Beans_and_Plantain_with_red_oil),431.0,36.0,46.0,13.0,Jollof_Rice_with_Chicken,487.0,51.0,86.0,13.0,Atsoomo_(Chin-Chin),307.38,5.91,36.59,10.85,1433.38,98.91,206.59,41.85
14,Female,44.8,1.18,Muscle Gain,Hausa_Koko_(millet_porridge)_with_Koose,282.0,16.0,40.0,8.0,Angwamu_(Oil_Rice)_with_Hot_Pepper_and_Egg,493.0,32.0,58.0,20.0,Red-Red_(Beans_and_Plantain_with_red_oil),501.0,44.0,48.0,19.0,Atsoomo_(Chin-Chin),307.38,5.91,36.59,10.85,1583.38,97.91,182.59,57.85
19,Female,63.2,1.65,Weight Loss,Rice_water_and_bread,342.0,7.0,50.0,3.0,Waakye_and_Fish_with_egg,667.0,47.0,68.0,8.0,Plain_Rice_with_Chicken,730.0,43.0,53.0,12.0,Atsoomo_(Chin-Chin),307.38,5.91,36.59,10.85,2046.38,102.91,207.59,33.85
53,Female,54.3,1.54,Weight Loss,White_porridge_and_bread,296.0,7.0,45.0,4.0,Red-Red_(Beans_and_Plantain_with_red_oil),470.0,31.0,54.0,13.0,Jollof_Rice_with_Chicken,765.0,35.0,81.0,13.0,Atsoomo_(Chin-Chin),307.38,5.91,36.59,10.85,1838.38,78.91,216.59,40.85
64,Male,76.5,1.69,Muscle Gain,Tom_Brown_and_bread,427.0,13.0,54.0,5.0,Jollof_Rice_with_Chicken,741.0,52.0,75.0,15.0,Red-Red_(Beans_and_Plantain_with_red_oil),539.0,31.0,48.0,15.0,Atsoomo_(Chin-Chin),307.38,5.91,36.59,10.85,2014.38,101.91,213.59,45.85
50,Male,57.8,1.79,Weight Loss,Oatmeal,336.42,9.46,47.78,5.3,Angwamu_(Oil_Rice)_with_Hot_Pepper_and_Egg,621.0,27.0,46.0,16.0,Banku_and_Tilapia_with_Hot_Pepper,592.0,35.0,53.0,12.0,Atsoomo_(Chin-Chin),307.38,5.91,36.59,10.85,1856.8,77.37,183.37,44.15
14,Female,39.4,1.17,Weight Loss,Tom_Brown_and_bread,308.0,10.0,45.0,4.0,Kenkey_and_Fried_Fish_with_Hot_Pepper,509.0,40.0,54.0,17.0,Red-Red_(Beans_and_Plantain_with_red_oil),366.0,38.0,55.0,12.0,Plantain_Chips,230.0,3.0,40.0,8.0,1413.0,91.0,194.0,41.0
32,Female,54.5,1.62,Weight Loss,Tea/Milo/Coffee_with_bread,253.0,5.0,39.0,5.0,Kenkey_and_Fried_Fish_with_Hot_Pepper,506.0,36.0,47.0,15.0,Waakye_and_Fish_with_egg,539.0,37.0,64.0,9.0,Atsoomo_(Chin-Chin),307.38,5.91,36.59,10.85,1605.38,83.91,186.59,39.85
35,Male,61.1,1.71,Weight Loss,Oatmeal,336.42,9.46,47.78,5.3,Jollof_Rice_with_Chicken,619.2,39.43,64.97,13.31,Banku_with_Okra_Soup,687.0,30.0,75.0,8.0,Nkatie_Cake_(Groundnut_Cake),379.0,12.0,23.0,13.0,2021.62,90.89,210.75,39.61
70,Male,77.5,1.68,Muscle Gain,Rice_water_and_bread,304.0,8.0,55.0,4.0,Red-Red_(Beans_and_Plantain_with_red_oil),548.0,37.0,52.0,15.0,Jollof_Rice_with_Chicken,674.0,52.0,79.0,17.0,Atsoomo_(Chin-Chin),307.38,5.91,36.59,10.85,1833.38,102.91,222.59,46.85
22,Female,71.8,1.59,Muscle Gain,White_porridge_and_bread,394.0,7.0,47.0,6.0,Plain_Rice_with_Chicken,711.0,56.0,74.0,20.0,Boiled_Plantain/Yam_and_Garden_egg_stew,583.0,24.0,68.0,9.0,Nkatie_Cake_(Groundnut_Cake),350.0,12.0,27.0,17.0,2038.0,99.0,216.0,52.0
18,Male,66.5,1.69,Weight Loss,Oatmeal,291.0,9.0,39.0,3.0,Banku_and_Tilapia_with_Hot_Pepper,710.0,45.0,61.0,12.0,Plain_Rice_with_Chicken,812.0,50.0,60.0,14.0,Atsoomo_(Chin-Chin),434.0,3.0,30.0,13.0,2247.0,107.0,190.0,42.0
68,Female,57.3,1.59,Weight Loss,Rice_water_and_bread,230.0,8.0,45.0,2.0,Fufu_with_Light_Soup_with_Goat_Meat,546.0,32.0,76.0,8.0,Kenkey_and_Fried_Fish_with_Hot_Pepper,548.0,32.0,54.0,14.0,Atsoomo_(Chin-Chin),334.0,4.0,35.0,12.0,1658.0,76.0,210.0,36.0
52,Female,76.5,1.65,Muscle Gain,Tea/Milo/Coffee_with_bread,310.0,7.0,41.0,6.0,Plain_Rice_with_Chicken,808.0,54.0,70.0,19.0,Angwamu_(Oil_Rice)_with_Hot_Pepper_and_Egg,635.0,28.0,64.0,19.0,Roasted/Boiled_Maize_with_Coconut,288.0,7.0,45.0,8.0,2041.0,96.0,220.0,52.0
19,Male,65.9,1.76,Weight Loss,Rice_water_and_bread,303.0,7.0,56.0,4.0,Kenkey_and_Fried_Fish_with_Hot_Pepper,552.0,39.0,52.0,16.0,Tuo_Zaafi_with_Meat_Stew,660.0,36.0,60.0,10.0,Atsoomo_(Chin-Chin),307.38,5.91,36.59,10.85,1822.38,87.91,204.59,40.85
14,Male,48.1,1.28,Muscle Gain,Oatmeal,247.0,13.0,42.0,4.0,Tuo_Zaafi_with_Meat_Stew,622.0,50.0,66.0,12.0,Jollof_Rice_with_Chicken,605.0,55.0,80.0,19.0,Atsoomo_(Chin-Chin),334.0,4.0,38.0,22.0,1808.0,122.0,226.0,57.0
35,Male,57.7,1.71,Weight Loss,Rice_water_and_bread,284.0,7.0,54.0,3.0,Banku_with_Okra_Soup,661.0,27.0,71.0,9.0,Tuo_Zaafi_with_Meat_Stew,676.0,30.0,77.0,9.0,Agbelikaklo_with_Coconut,358.0,4.0,47.0,7.0,1979.0,68.0,249.0,28.0
73,Male,71.4,1.63,Muscle Gain,White_porridge_and_bread,380.0,8.0,57.0,5.0,Angwamu_(Oil_Rice)_with_Hot_Pepper_and_Egg,556.0,31.0,63.0,20.0,Plain_Rice_with_Chicken,730.0,56.0,69.0,17.0,Atsoomo_(Chin-Chin),307.38,5.91,36.59,10.85,1973.38,100.91,225.59,52.85
58,Male,60.0,1.64,Weight Loss,White_porridge_and_bread,401.0,6.0,44.0,4.0,Tuo_Zaafi_with_Meat_Stew,707.0,29.0,66.0,10.0,Angwamu_(Oil_Rice)_with_Hot_Pepper_and_Egg,615.79,38.98,64.77,13.31,Atsoomo_(Chin-Chin),335.0,3.0,27.0,13.0,2058.79,76.98,201.77,40.31
56,Female,76.3,1.57,Muscle Gain,Koko_with_Bofroat_(corn_dough_porridge_with_buffloaf),386.0,10.0,55.0,9.0,Jollof_Rice_with_Chicken,619.2,39.43,64.97,13.31,Banku_and_Tilapia_with_Hot_Pepper,610.0,48.0,59.0,13.0,Atsoomo_(Chin-Chin),307.38,5.91,36.59,10.85,1922.58,103.34,215.56,46.16
5,Female,30,1.0,Weight Loss,Tom_Brown_and_bread,289.0,9.0,61.0,4.0,Banku_with_Okra_Soup,431.0,37.0,65.0,9.0,Tuo_Zaafi_with_Meat_Stew,535.0,36.0,67.0,12.0,Atsoomo_(Chin-Chin),307.38,5.91,36.59,10.85,1562.38,87.91,229.59,35.85
13,Male,48.0,1.22,Muscle Gain,Tea/Milo/Coffee_with_bread,295.0,8.0,39.0,8.0,Kenkey_and_Fried_Fish_with_Hot_Pepper,474.0,52.0,65.0,19.0,Waakye_and_Fish_with_egg,639.0,68.0,78.0,10.0,Atsoomo_(Chin-Chin),307.38,5.91,36.59,10.85,1715.38,133.91,218.59,47.85
5,Male,30.9,1.0,Weight Loss,White_porridge_and_bread,311.0,8.0,46.0,4.0,Waakye_and_Fish_with_egg,532.0,57.0,61.0,10.0,Angwamu_(Oil_Rice)_with_Hot_Pepper_and_Egg,615.79,38.98,64.77,13.31,Nkatie_Cake_(Groundnut_Cake),272.0,13.0,19.0,13.0,1730.79,116.98,190.77,40.31
21,Female,73.9,1.56,Muscle Gain,Hausa_Koko_(millet_porridge)_with_Koose,425.0,13.0,45.0,7.0,Fufu_with_Light_Soup_with_Goat_Meat,728.0,37.0,88.0,13.0,Kenkey_and_Fried_Fish_with_Hot_Pepper,539.0,42.0,60.0,22.0,Atsoomo_(Chin-Chin),307.38,5.91,36.59,10.85,1999.38,97.91,229.59,52.85
38,Female,60.1,1.64,Weight Loss,Hausa_Koko_(millet_porridge)_with_Koose,395.0,13.0,44.0,4.0,Waakye_and_Fish_with_egg,703.0,38.0,70.0,8.0,Angwamu_(Oil_Rice)_with_Hot_Pepper_and_Egg,607.0,22.0,54.0,18.0,Atsoomo_(Chin-Chin),307.38,5.91,36.59,10.85,2012.38,78.91,204.59,40.85
12,Female,43.8,1.23,Weight Loss,White_porridge_and_bread,268.0,8.0,55.0,4.0,Waakye_and_Fish_with_egg,453.0,52.0,54.0,8.0,Angwamu_(Oil_Rice)_with_Hot_Pepper_and_Egg,615.79,38.98,64.77,13.31,Atsoomo_(Chin-Chin),307.38,5.91,36.59,10.85,1644.17,104.89,210.36,36.16
44,Male,71.2,1.79,Weight Loss,Oatmeal,336.42,9.46,47.78,5.3,Boiled_Plantain/Yam_and_Garden_egg_stew,473.0,23.0,66.0,7.0,Banku_with_Okra_Soup,608.0,30.0,71.0,8.0,Roasted/Boiled_Maize_with_Coconut,238.0,5.0,39.0,6.0,1655.42,67.46,223.78,26.3
71,Female,68.5,1.55,Muscle Gain,Rice_water_and_bread,301.0,9.0,57.0,3.0,Kenkey_and_Fried_Fish_with_Hot_Pepper,645.0,43.0,66.0,15.0,Plain_Rice_with_Chicken,617.0,60.0,67.0,13.0,Atsoomo_(Chin-Chin),307.38,5.91,36.59,10.85,1870.38,117.91,226.59,41.85
14,Female,47.2,1.15,Muscle Gain,Oatmeal,336.42,9.46,47.78,5.3,Plain_Rice_with_Chicken,622.0,57.0,79.0,20.0,Angwamu_(Oil_Rice)_with_Hot_Pepper_and_Egg,448.0,31.0,60.0,19.0,Atsoomo_(Chin-Chin),307.38,5.91,36.59,10.85,1713.8,103.37,223.37,55.15
58,Male,66.0,1.64,Weight Loss,Tom_Brown_and_bread,349.0,8.0,58.0,4.0,Plain_Rice_with_Chicken,808.0,55.0,67.0,15.0,Boiled_Plantain/Yam_and_Garden_egg_stew,558.0,23.0,54.0,8.0,Atsoomo_(Chin-Chin),307.38,5.91,36.59,10.85,2022.38,91.91,215.59,37.85
21,Male,78.6,1.68,Muscle Gain,White_porridge_and_bread,392.0,8.0,55.0,5.0,Tuo_Zaafi_with_Meat_Stew,864.0,37.0,68.0,13.0,Boiled_Plantain/Yam_and_Garden_egg_stew,612.0,22.0,55.0,10.0,Agbelikaklo_with_Coconut,393.0,6.0,50.0,8.0,2261.0,73.0,228.0,36.0
59,Female,58.0,1.66,Weight Loss,Oatmeal,336.42,9.46,47.78,5.3,Tuo_Zaafi_with_Meat_Stew,568.0,29.0,63.0,9.0,Jollof_Rice_with_Chicken,626.0,44.0,67.0,14.0,Atsoomo_(Chin-Chin),307.38,5.91,36.59,10.85,1837.8,88.37,214.37,39.15
5,Female,35.5,1.0,Muscle Gain,Hausa_Koko_(millet_porridge)_with_Koose,331.0,16.0,41.0,7.0,Jollof_Rice_with_Chicken,619.2,39.43,64.97,13.31,Angwamu_(Oil_Rice)_with_Hot_Pepper_and_Egg,485.0,32.0,60.0,23.0,Atsoomo_(Chin-Chin),307.38,5.91,36.59,10.85,1742.58,93.34,202.56,54.16
20,Male,61.7,1.72,Weight Loss,Tea/Milo/Coffee_with_bread,294.0,6.0,37.0,5.0,Waakye_and_Fish_with_egg,595.0,42.0,66.0,8.0,Boiled_Plantain/Yam_and_Garden_egg_stew,554.0,22.0,60.0,7.0,Atsoomo_(Chin-Chin),307.38,5.91,36.59,10.85,1750.38,75.91,199.59,30.85
22,Male,70.3,1.73,Muscle Gain,Oatmeal,308.0,9.0,45.0,4.0,Kenkey_and_Fried_Fish_with_Hot_Pepper,589.0,43.0,51.0,21.0,Tuo_Zaafi_with_Meat_Stew,766.0,36.0,65.0,13.0,Atsoomo_(Chin-Chin),307.38,5.91,36.59,10.85,1970.38,93.91,197.59,48.85
70,Female,70.9,1.59,Muscle Gain,Tea/Milo/Coffee_with_bread,276.0,7.0,34.0,5.0,Banku_and_Tilapia_with_Hot_Pepper,574.0,50.0,67.0,11.0,Kenkey_and_Fried_Fish_with_Hot_Pepper,583.0,45.0,58.0,17.0,Atsoomo_(Chin-Chin),307.38,5.91,36.59,10.85,1740.38,107.91,195.59,43.85
54,Female,58.1,1.53,Weight Loss,Rice_water_and_bread,336.0,9.0,54.0,4.0,Angwamu_(Oil_Rice)_with_Hot_Pepper_and_Egg,612.0,25.0,48.0,18.0,Angwamu_(Oil_Rice)_with_Hot_Pepper_and_Egg,615.79,38.98,64.77,13.31,Atsoomo_(Chin-Chin),307.38,5.91,36.59,10.85,1871.17,78.89,203.36,46.16
5,Male,33.8,1.0,Weight Loss,Koko_with_Bofroat_(corn_dough_porridge_with_buffloaf),338.0,13.0,52.0,8.0,Fufu_with_Light_Soup_with_Goat_Meat,613.0,44.0,70.0,12.0,Plain_Rice_with_Chicken,499.0,53.0,65.0,15.0,Nkatie_Cake_(Groundnut_Cake),299.0,11.0,25.0,12.0,1749.0,121.0,212.0,47.0
18,Female,66.8,1.53,Muscle Gain,Koko_with_Bofroat_(corn_dough_porridge_with_buffloaf),425.0,12.0,61.0,11.0,Waakye_and_Fish_with_egg,627.0,51.0,59.0,10.0,Banku_with_Okra_Soup,724.0,36.0,82.0,13.0,Atsoomo_(Chin-Chin),437.0,3.0,32.0,19.0,2213.0,102.0,234.0,53.0
19,Male,82.9,1.71,Muscle Gain,Tea/Milo/Coffee_with_bread,291.0,7.0,37.0,8.0,Plain_Rice_with_Chicken,726.0,58.0,75.0,20.0,Banku_and_Tilapia_with_Hot_Pepper,617.0,48.0,69.0,16.0,Atsoomo_(Chin-Chin),307.38,5.91,36.59,10.85,1941.38,118.91,217.59,54.85
75,Male,62.3,1.64,Weight Loss,Koko_with_Bofroat_(corn_dough_porridge_with_buffloaf),401.0,11.0,54.0,4.0,Angwamu_(Oil_Rice)_with_Hot_Pepper_and_Egg,620.0,26.0,54.0,13.0,Jollof_Rice_with_Chicken,737.0,44.0,70.0,13.0,Atsoomo_(Chin-Chin),307.38,5.91,36.59,10.85,2065.38,86.91,214.59,40.85
72,Male,60.9,1.66,Weight Loss,White_porridge_and_bread,331.0,6.0,47.0,3.0,Angwamu_(Oil_Rice)_with_Hot_Pepper_and_Egg,523.0,23.0,49.0,14.0,Red-Red_(Beans_and_Plantain_with_red_oil),435.0,27.0,44.0,12.0,Atsoomo_(Chin-Chin),307.38,5.91,36.59,10.85,1596.38,61.91,176.59,39.85
18,Male,76.8,1.66,Muscle Gain,Tom_Brown_and_bread,435.0,9.0,52.0,5.0,Fufu_with_Light_Soup_with_Goat_Meat,798.0,39.0,89.0,13.0,Angwamu_(Oil_Rice)_with_Hot_Pepper_and_Egg,615.79,38.98,64.77,13.31,Atsoomo_(Chin-Chin),307.38,5.91,36.59,10.85,2156.17,92.89,242.36,42.16
36,Male,79.8,1.73,Muscle Gain,Tea/Milo/Coffee_with_bread,353.0,7.0,34.0,8.0,Plain_Rice_with_Chicken,710.0,63.0,79.0,15.0,Angwamu_(Oil_Rice)_with_Hot_Pepper_and_Egg,661.0,31.0,58.0,21.0,Atsoomo_(Chin-Chin),307.38,5.91,36.59,10.85,2031.38,106.91,207.59,54.85
32,Male,60.3,1.7,Weight Loss,White_porridge_and_bread,392.0,7.0,51.0,4.0,Waakye_and_Fish_with_egg,757.0,40.0,66.0,10.0,Boiled_Plantain/Yam_and_Garden_egg_stew,591.0,22.0,58.0,8.0,Atsoomo_(Chin-Chin),307.38,5.91,36.59,10.85,2047.38,74.91,211.59,32.85
65,Male,64.2,1.68,Weight Loss,Hausa_Koko_(millet_porridge)_with_Koose,311.0,11.0,45.0,4.0,Banku_with_Okra_Soup,514.0,36.0,66.0,7.0,Plain_Rice_with_Chicken,633.0,44.0,70.0,11.0,Atsoomo_(Chin-Chin),336.0,3.0,35.0,13.0,1794.0,94.0,216.0,35.0
54,Male,70.9,1.78,Muscle Gain,Oatmeal,336.42,9.46,47.78,5.3,Jollof_Rice_with_Chicken,619.2,39.43,64.97,13.31,Banku_and_Tilapia_with_Hot_Pepper,677.0,52.0,64.0,15.0,Atsoomo_(Chin-Chin),307.38,5.91,36.59,10.85,1940.0,106.8,213.34,44.46
21,Male,76.6,1.77,Muscle Gain,Tea/Milo/Coffee_with_bread,359.0,7.0,35.0,8.0,Kenkey_and_Fried_Fish_with_Hot_Pepper,672.0,46.0,52.0,17.0,Jollof_Rice_with_Chicken,952.0,54.0,95.0,22.0,Atsoomo_(Chin-Chin),307.38,5.91,36.59,10.85,2290.38,112.91,218.59,57.85
48,Male,79.7,1.69,Muscle Gain,Tom_Brown_and_bread,476.0,9.0,53.0,5.0,Red-Red_(Beans_and_Plantain_with_red_oil),561.0,33.0,61.0,16.0,Fufu_with_Light_Soup_with_Goat_Meat,838.0,52.0,75.0,15.0,Atsoomo_(Chin-Chin),307.38,5.91,36.59,10.85,2182.38,99.91,225.59,46.85
23,Male,77.7,1.64,Muscle Gain,Tea/Milo/Coffee_with_bread,388.0,7.0,44.0,8.0,Waakye_and_Fish_with_egg,796.0,58.0,68.0,11.0,Banku_and_Tilapia_with_Hot_Pepper,677.0,43.0,56.0,13.0,Atsoomo_(Chin-Chin),307.38,5.91,36.59,10.85,2168.38,113.91,204.59,42.85
19,Male,60.9,1.79,Weight Loss,Rice_water_and_bread,378.0,7.0,48.0,4.0,Angwamu_(Oil_Rice)_with_Hot_Pepper_and_Egg,540.0,29.0,55.0,17.0,Red-Red_(Beans_and_Plantain_with_red_oil),614.0,27.0,45.0,13.0,Agbelikaklo_with_Coconut,314.0,5.0,41.0,8.0,1846.0,68.0,189.0,42.0
40,Female,72.9,1.65,Muscle Gain,Koko_with_Bofroat_(corn_dough_porridge_with_buffloaf),420.0,12.0,61.0,8.0,Tuo_Zaafi_with_Meat_Stew,690.0,33.0,78.0,15.0,Angwamu_(Oil_Rice)_with_Hot_Pepper_and_Egg,586.0,28.0,52.0,20.0,Atsoomo_(Chin-Chin),307.38,5.91,36.59,10.85,2003.38,78.91,227.59,53.85
51,Male,58.1,1.64,Weight Loss,Koko_with_Bofroat_(corn_dough_porridge_with_buffloaf),454.0,8.0,51.0,7.0,Boiled_Plantain/Yam_and_Garden_egg_stew,578.0,24.0,58.0,7.0,Waakye_and_Fish_with_egg,766.0,51.0,54.0,9.0,Atsoomo_(Chin-Chin),307.38,5.91,36.59,10.85,2105.38,88.91,199.59,33.85
45,Male,70.0,1.74,Muscle Gain,Hausa_Koko_(millet_porridge)_with_Koose,420.0,14.0,48.0,7.0,Boiled_Plantain/Yam_and_Garden_egg_stew,599.0,24.0,57.0,10.0,Plain_Rice_with_Chicken,711.0,50.0,79.0,17.0,Atsoomo_(Chin-Chin),307.38,5.91,36.59,10.85,2037.38,93.91,220.59,44.85
58,Female,77.3,1.62,Muscle Gain,Koko_with_Bofroat_(corn_dough_porridge_with_buffloaf),424.0,9.0,59.0,10.0,Plain_Rice_with_Chicken,646.0,48.0,76.0,18.0,Angwamu_(Oil_Rice)_with_Hot_Pepper_and_Egg,615.79,38.98,64.77,13.31,Atsoomo_(Chin-Chin),307.38,5.91,36.59,10.85,1993.17,101.89,236.36,52.16
7,Female,41.0,1.0,Muscle Gain,Tom_Brown_and_bread,328.0,10.0,64.0,6.0,Boiled_Plantain/Yam_and_Garden_egg_stew,374.0,31.0,70.0,10.0,Tuo_Zaafi_with_Meat_Stew,573.0,44.0,77.0,15.0,Atsoomo_(Chin-Chin),307.38,5.91,36.59,10.85,1582.38,90.91,247.59,41.85
33,Male,75.9,1.8,Muscle Gain,Tom_Brown_and_bread,404.0,9.0,58.0,6.0,Jollof_Rice_with_Chicken,619.2,39.43,64.97,13.31,Plain_Rice_with_Chicken,830.0,61.0,78.0,16.0,Agbelikaklo_with_Coconut,394.0,6.0,47.0,8.0,2247.2,115.43,247.97,43.31
30,Male,64.1,1.66,Weight Loss,Oatmeal,336.42,9.46,47.78,5.3,Plain_Rice_with_Chicken,609.0,50.0,63.0,15.0,Kenkey_and_Fried_Fish_with_Hot_Pepper,649.0,35.0,54.0,14.0,Roasted/Boiled_Maize_with_Coconut,247.0,6.0,40.0,5.0,1841.42,100.46,204.78,39.3
66,Male,74.5,1.7,Muscle Gain,Tom_Brown_and_bread,355.0,10.0,59.0,4.0,Tuo_Zaafi_with_Meat_Stew,596.0,37.0,81.0,13.0,Banku_and_Tilapia_with_Hot_Pepper,611.0,46.0,62.0,11.0,Atsoomo_(Chin-Chin),307.38,5.91,36.59,10.85,1869.38,98.91,238.59,38.85
32,Male,82.1,1.69,Muscle Gain,Oatmeal,324.0,10.0,39.0,5.0,Boiled_Plantain/Yam_and_Garden_egg_stew,537.0,22.0,58.0,9.0,Jollof_Rice_with_Chicken,859.0,46.0,95.0,21.0,Atsoomo_(Chin-Chin),307.38,5.91,36.59,10.85,2027.38,83.91,228.59,45.85
21,Male,67.0,1.68,Weight Loss,Rice_water_and_bread,282.0,7.0,43.0,3.0,Boiled_Plantain/Yam_and_Garden_egg_stew,579.0,18.0,64.0,7.0,Fufu_with_Light_Soup_with_Goat_Meat,664.0,41.0,81.0,12.0,Atsoomo_(Chin-Chin),307.38,5.91,36.59,10.85,1832.38,71.91,224.59,32.85
53,Male,79.5,1.7,Muscle Gain,Hausa_Koko_(millet_porridge)_with_Koose,480.0,15.0,41.0,8.0,Angwamu_(Oil_Rice)_with_Hot_Pepper_and_Egg,588.0,34.0,57.0,22.0,Angwamu_(Oil_Rice)_with_Hot_Pepper_and_Egg,615.79,38.98,64.77,13.31,Kofi_Brokeman_(Roasted_Plantain_with_Groundnut),304.0,8.0,34.0,10.0,1987.79,95.98,196.77,53.31
68,Male,64.3,1.68,Weight Loss,Tea/Milo/Coffee_with_bread,272.0,6.0,33.0,4.0,Red-Red_(Beans_and_Plantain_with_red_oil),495.0,34.0,45.0,12.0,Boiled_Plantain/Yam_and_Garden_egg_stew,434.0,22.0,65.0,6.0,Atsoomo_(Chin-Chin),307.38,5.91,36.59,10.85,1508.38,67.91,179.59,32.85
12,Female,45.0,1.19,Weight Loss,Hausa_Koko_(millet_porridge)_with_Koose,293.0,12.0,42.0,6.0,Red-Red_(Beans_and_Plantain_with_red_oil),443.0,30.0,48.0,16.0,Kenkey_and_Fried_Fish_with_Hot_Pepper,474.0,38.0,45.0,16.0,Atsoomo_(Chin-Chin),307.38,5.91,36.59,10.85,1517.38,85.91,171.59,48.85
51,Male,65.4,1.8,Weight Loss,Tea/Milo/Coffee_with_bread,279.0,6.0,31.0,6.0,Banku_and_Tilapia_with_Hot_Pepper,688.0,42.0,60.0,12.0,Plain_Rice_with_Chicken,662.0,42.0,55.0,14.0,Roasted/Boiled_Maize_with_Coconut,248.0,5.0,37.0,5.0,1877.0,95.0,183.0,37.0
50,Female,61.9,1.51,Weight Loss,Oatmeal,297.0,9.0,45.0,3.0,Jollof_Rice_with_Chicken,722.0,37.0,81.0,16.0,Boiled_Plantain/Yam_and_Garden_egg_stew,492.0,19.0,63.0,8.0,Atsoomo_(Chin-Chin),307.38,5.91,36.59,10.85,1818.38,70.91,225.59,37.85
55,Male,81.5,1.72,Muscle Gain,Hausa_Koko_(millet_porridge)_with_Koose,371.0,16.0,50.0,6.0,Jollof_Rice_with_Chicken,869.0,44.0,86.0,18.0,Kenkey_and_Fried_Fish_with_Hot_Pepper,620.0,43.0,57.0,21.0,Nkatie_Cake_(Groundnut_Cake),382.0,10.0,24.0,16.0,2242.0,113.0,217.0,61.0
11,Female,54.5,1.16,Muscle Gain,Tom_Brown_and_bread,290.0,12.0,68.0,6.0,Plain_Rice_with_Chicken,650.0,60.0,79.0,20.0,Fufu_with_Light_Soup_with_Goat_Meat,634.0,52.0,70.0,16.0,Atsoomo_(Chin-Chin),307.38,5.91,36.59,10.85,1881.38,129.91,253.59,52.85
73,Female,67.4,1.58,Muscle Gain,White_porridge_and_bread,304.0,7.0,46.0,4.0,Jollof_Rice_with_Chicken,619.2,39.43,64.97,13.31,Kenkey_and_Fried_Fish_with_Hot_Pepper,493.0,39.0,60.0,14.0,Plantain_Chips,272.0,3.0,46.0,10.0,1688.2,88.43,216.97,41.31
76,Female,55.6,1.57,Weight Loss,Oatmeal,336.42,9.46,47.78,5.3,Fufu_with_Light_Soup_with_Goat_Meat,614.0,32.0,65.0,9.0,Tuo_Zaafi_with_Meat_Stew,527.0,32.0,72.0,9.0,Atsoomo_(Chin-Chin),307.38,5.91,36.59,10.85,1784.8,79.37,221.37,34.15
82,Female,64.3,1.52,Muscle Gain,Tea/Milo/Coffee_with_bread,304.0,6.0,36.0,6.0,Jollof_Rice_with_Chicken,619.2,39.43,64.97,13.31,Angwamu_(Oil_Rice)_with_Hot_Pepper_and_Egg,500.0,25.0,66.0,16.0,Atsoomo_(Chin-Chin),307.38,5.91,36.59,10.85,1730.58,76.34,203.56,46.16
20,Female,64.0,1.51,Weight Loss,Oatmeal,336.42,9.46,47.78,5.3,Kenkey_and_Fried_Fish_with_Hot_Pepper,555.0,36.0,61.0,16.0,Angwamu_(Oil_Rice)_with_Hot_Pepper_and_Egg,494.0,28.0,47.0,19.0,Nkatie_Cake_(Groundnut_Cake),273.0,10.0,19.0,13.0,1658.42,83.46,174.78,53.3
68,Female,54.4,1.56,Weight Loss,Hausa_Koko_(millet_porridge)_with_Koose,336.0,10.0,39.0,4.0,Jollof_Rice_with_Chicken,640.0,41.0,81.0,12.0,Tuo_Zaafi_with_Meat_Stew,495.0,35.0,70.0,8.0,Atsoomo_(Chin-Chin),307.38,5.91,36.59,10.85,1778.38,91.91,226.59,34.85
32,Female,55.2,1.62,Weight Loss,Hausa_Koko_(millet_porridge)_with_Koose,338.0,12.0,40.0,6.0,Jollof_Rice_with_Chicken,619.2,39.43,64.97,13.31,Banku_with_Okra_Soup,674.0,33.0,63.0,8.0,Atsoomo_(Chin-Chin),307.38,5.91,36.59,10.85,1938.58,90.34,204.56,38.16
61,Female,57.4,1.61,Weight Loss,Oatmeal,336.42,9.46,47.78,5.3,Banku_with_Okra_Soup,507.0,30.0,61.0,6.0,Fufu_with_Light_Soup_with_Goat_Meat,639.0,31.0,73.0,10.0,Atsoomo_(Chin-Chin),307.38,5.91,36.59,10.85,1789.8,76.37,218.37,32.15
24,Female,53.4,1.6,Weight Loss,Tea/Milo/Coffee_with_bread,297.0,5.0,38.0,4.0,Jollof_Rice_with_Chicken,793.0,42.0,67.0,17.0,Waakye_and_Fish_with_egg,616.0,38.0,58.0,8.0,Atsoomo_(Chin-Chin),307.38,5.91,36.59,10.85,2013.38,90.91,199.59,39.85
62,Male,62.9,1.7,Weight Loss,Oatmeal,262.0,8.0,41.0,2.0,Banku_and_Tilapia_with_Hot_Pepper,616.0,42.0,51.0,8.0,Tuo_Zaafi_with_Meat_Stew,693.0,35.0,72.0,8.0,Atsoomo_(Chin-Chin),297.0,4.0,29.0,13.0,1868.0,89.0,193.0,31.0
38,Male,80.7,1.75,Muscle Gain,Oatmeal,315.0,10.0,42.0,5.0,Jollof_Rice_with_Chicken,619.2,39.43,64.97,13.31,Angwamu_(Oil_Rice)_with_Hot_Pepper_and_Egg,613.0,30.0,56.0,19.0,Nkatie_Cake_(Groundnut_Cake),328.0,14.0,22.0,17.0,1875.2,93.43,184.97,54.31
67,Female,72.3,1.59,Muscle Gain,Tea/Milo/Coffee_with_bread,298.0,7.0,38.0,7.0,Banku_with_Okra_Soup,569.0,33.0,72.0,11.0,Fufu_with_Light_Soup_with_Goat_Meat,628.0,44.0,69.0,11.0,Kofi_Brokeman_(Roasted_Plantain_with_Groundnut),233.0,7.0,42.0,9.0,1728.0,91.0,221.0,38.0
34,Female,61.9,1.65,Weight Loss,Oatmeal,304.0,9.0,44.0,4.0,Banku_with_Okra_Soup,681.0,31.0,74.0,8.0,Banku_and_Tilapia_with_Hot_Pepper,526.0,35.0,54.0,12.0,Atsoomo_(Chin-Chin),307.38,5.91,36.59,10.85,1818.38,80.91,208.59,34.85
83,Male,57.4,1.64,Weight Loss,Oatmeal,336.42,9.46,47.78,5.3,Banku_and_Tilapia_with_Hot_Pepper,618.0,41.0,59.0,10.0,Waakye_and_Fish_with_egg,664.0,48.0,55.0,8.0,Atsoomo_(Chin-Chin),389.0,3.0,27.0,12.0,2007.42,101.46,188.78,35.3
29,Female,64.1,1.65,Weight Loss,Hausa_Koko_(millet_porridge)_with_Koose,378.0,11.0,36.0,6.0,Waakye_and_Fish_with_egg,529.0,40.0,54.0,9.0,Banku_and_Tilapia_with_Hot_Pepper,574.0,37.0,61.0,11.0,Atsoomo_(Chin-Chin),307.38,5.91,36.59,10.85,1788.38,93.91,187.59,36.85
39,Male,55.8,1.62,Weight Loss,Koko_with_Bofroat_(corn_dough_porridge_with_buffloaf),500.0,12.0,61.0,7.0,Waakye_and_Fish_with_egg,700.0,42.0,57.0,8.0,Fufu_with_Light_Soup_with_Goat_Meat,682.0,33.0,71.0,11.0,Atsoomo_(Chin-Chin),307.38,5.91,36.59,10.85,2189.38,92.91,225.59,36.85
78,Male,75.3,1.67,Muscle Gain,Oatmeal,336.42,9.46,47.78,5.3,Boiled_Plantain/Yam_and_Garden_egg_stew,500.0,24.0,55.0,9.0,Fufu_with_Light_Soup_with_Goat_Meat,601.0,44.0,91.0,12.0,Plantain_Chips,311.0,3.0,43.0,9.0,1748.42,80.46,236.78,35.3
15,Female,51.6,1.22,Muscle Gain,Tom_Brown_and_bread,293.0,10.0,57.0,6.0,Red-Red_(Beans_and_Plantain_with_red_oil),425.0,43.0,58.0,16.0,Angwamu_(Oil_Rice)_with_Hot_Pepper_and_Egg,452.0,33.0,57.0,22.0,Kofi_Brokeman_(Roasted_Plantain_with_Groundnut),264.0,9.0,37.0,9.0,1434.0,95.0,209.0,53.0
73,Female,70.7,1.54,Muscle Gain,Koko_with_Bofroat_(corn_dough_porridge_with_buffloaf),433.0,10.0,65.0,8.0,Banku_and_Tilapia_with_Hot_Pepper,653.0,44.0,65.0,12.0,Jollof_Rice_with_Chicken,623.0,40.0,82.0,17.0,Atsoomo_(Chin-Chin),336.0,3.0,35.0,15.0,2045.0,97.0,247.0,52.0
9,Female,41.1,1.07,Weight Loss,Rice_water_and_bread,252.0,9.0,54.0,4.0,Waakye_and_Fish_with_egg,472.0,44.0,61.0,8.0,Kenkey_and_Fried_Fish_with_Hot_Pepper,429.0,38.0,48.0,16.0,Atsoomo_(Chin-Chin),307.38,5.91,36.59,10.85,1460.38,96.91,199.59,38.85
40,Male,58.4,1.63,Weight Loss,Hausa_Koko_(millet_porridge)_with_Koose,368.0,14.0,37.0,5.0,Fufu_with_Light_Soup_with_Goat_Meat,731.0,35.0,63.0,10.0,Jollof_Rice_with_Chicken,679.0,44.0,87.0,15.0,Atsoomo_(Chin-Chin),307.38,5.91,36.59,10.85,2085.38,98.91,223.59,40.85
40,Female,70.0,1.7,Muscle Gain,Rice_water_and_bread,336.0,9.0,60.0,5.0,Red-Red_(Beans_and_Plantain_with_red_oil),589.0,34.0,49.0,19.0,Waakye_and_Fish_with_egg,749.0,45.0,70.0,12.0,Atsoomo_(Chin-Chin),307.38,5.91,36.59,10.85,1981.38,93.91,215.59,46.85
35,Male,56.5,1.76,Weight Loss,Oatmeal,331.0,11.0,42.0,4.0,Red-Red_(Beans_and_Plantain_with_red_oil),540.0,35.0,48.0,14.0,Plain_Rice_with_Chicken,693.0,46.0,71.0,12.0,Atsoomo_(Chin-Chin),307.38,5.91,36.59,10.85,1871.38,97.91,197.59,40.85
62,Male,62.5,1.67,Weight Loss,Oatmeal,297.0,8.0,36.0,2.0,Waakye_and_Fish_with_egg,555.0,47.0,67.0,6.0,Tuo_Zaafi_with_Meat_Stew,578.0,34.0,75.0,8.0,Agbelikaklo_with_Coconut,283.0,4.0,51.0,5.0,1713.0,93.0,229.0,21.0
24,Male,84.9,1.65,Muscle Gain,Tea/Milo/Coffee_with_bread,304.0,7.0,41.0,7.0,Banku_with_Okra_Soup,764.0,37.0,72.0,11.0,Red-Red_(Beans_and_Plantain_with_red_oil),546.0,39.0,54.0,16.0,Plantain_Chips,381.0,3.0,49.0,13.0,1995.0,86.0,216.0,47.0
69,Female,70.9,1.55,Muscle Gain,Oatmeal,308.0,9.0,39.0,4.0,Boiled_Plantain/Yam_and_Garden_egg_stew,438.0,22.0,61.0,9.0,Red-Red_(Beans_and_Plantain_with_red_oil),543.0,36.0,52.0,14.0,Atsoomo_(Chin-Chin),307.38,5.91,36.59,10.85,1596.38,72.91,188.59,37.85
54,Male,74.3,1.77,Muscle Gain,Oatmeal,336.42,9.46,47.78,5.3,Banku_with_Okra_Soup,805.0,34.0,82.0,12.0,Banku_and_Tilapia_with_Hot_Pepper,727.0,54.0,72.0,16.0,Nkatie_Cake_(Groundnut_Cake),438.0,13.0,26.0,16.0,2306.42,110.46,227.78,49.3
48,Female,71.5,1.6,Muscle Gain,Oatmeal,336.42,9.46,47.78,5.3,Waakye_and_Fish_with_egg,674.0,43.0,78.0,11.0,Boiled_Plantain/Yam_and_Garden_egg_stew,514.0,25.0,63.0,9.0,Atsoomo_(Chin-Chin),307.38,5.91,36.59,10.85,1831.8,83.37,225.37,36.15
42,Male,71.0,1.76,Weight Loss,Tom_Brown_and_bread,383.0,11.0,53.0,4.0,Banku_and_Tilapia_with_Hot_Pepper,724.0,46.0,52.0,12.0,Angwamu_(Oil_Rice)_with_Hot_Pepper_and_Egg,553.0,24.0,47.0,18.0,Atsoomo_(Chin-Chin),307.38,5.91,36.59,10.85,1967.38,86.91,188.59,44.85
62,Male,64.1,1.68,Weight Loss,Tea/Milo/Coffee_with_bread,255.0,5.0,37.0,4.0,Angwamu_(Oil_Rice)_with_Hot_Pepper_and_Egg,605.0,27.0,45.0,12.0,Tuo_Zaafi_with_Meat_Stew,575.0,29.0,72.0,8.0,Atsoomo_(Chin-Chin),307.38,5.91,36.59,10.85,1742.38,66.91,190.59,34.85
38,Male,59.7,1.72,Weight Loss,Hausa_Koko_(millet_porridge)_with_Koose,420.0,11.0,41.0,6.0,Plain_Rice_with_Chicken,820.0,48.0,55.0,14.0,Jollof_Rice_with_Chicken,867.0,46.0,81.0,16.0,Atsoomo_(Chin-Chin),307.38,5.91,36.59,10.85,2414.38,110.91,213.59,46.85
20,Male,58.6,1.64,Weight Loss,Tom_Brown_and_bread,327.0,9.0,45.0,4.0,Jollof_Rice_with_Chicken,619.2,39.43,64.97,13.31,Waakye_and_Fish_with_egg,743.0,48.0,66.0,9.0,Atsoomo_(Chin-Chin),307.38,5.91,36.59,10.85,1996.58,102.34,212.56,37.16
52,Female,69.8,1.53,Muscle Gain,Rice_water_and_bread,291.0,10.0,48.0,4.0,Banku_and_Tilapia_with_Hot_Pepper,585.0,48.0,65.0,13.0,Plain_Rice_with_Chicken,683.0,60.0,65.0,16.0,Atsoomo_(Chin-Chin),307.38,5.91,36.59,10.85,1866.38,123.91,214.59,43.85
23,Female,63.5,1.69,Weight Loss,Koko_with_Bofroat_(corn_dough_porridge_with_buffloaf),442.0,9.0,53.0,7.0,Waakye_and_Fish_with_egg,687.0,43.0,56.0,8.0,Angwamu_(Oil_Rice)_with_Hot_Pepper_and_Egg,543.0,24.0,48.0,16.0,Atsoomo_(Chin-Chin),307.38,5.91,36.59,10.85,1979.38,81.91,193.59,41.85
17,Female,46.5,1.27,Weight Loss,White_porridge_and_bread,254.0,8.0,50.0,4.0,Kenkey_and_Fried_Fish_with_Hot_Pepper,488.0,37.0,54.0,15.0,Banku_with_Okra_Soup,542.0,30.0,62.0,8.0,Plantain_Chips,192.0,3.0,36.0,9.0,1476.0,78.0,202.0,36.0
25,Female,68.6,1.65,Muscle Gain,Oatmeal,336.42,9.46,47.78,5.3,Plain_Rice_with_Chicken,613.0,55.0,63.0,18.0,Banku_and_Tilapia_with_Hot_Pepper,576.0,43.0,64.0,13.0,Atsoomo_(Chin-Chin),414.0,3.0,36.0,18.0,1939.42,110.46,210.78,54.3
13,Male,47.9,1.23,Muscle Gain,Oatmeal,283.0,13.0,41.0,4.0,Jollof_Rice_with_Chicken,649.0,60.0,73.0,20.0,Angwamu_(Oil_Rice)_with_Hot_Pepper_and_Egg,615.79,38.98,64.77,13.31,Atsoomo_(Chin-Chin),307.38,5.91,36.59,10.85,1855.17,117.89,215.36,48.16
13,Male,48.4,1.19,Muscle Gain,White_porridge_and_bread,332.0,8.0,49.0,6.0,Angwamu_(Oil_Rice)_with_Hot_Pepper_and_Egg,606.0,39.0,58.0,24.0,Kenkey_and_Fried_Fish_with_Hot_Pepper,501.0,46.0,57.0,18.0,Kofi_Brokeman_(Roasted_Plantain_with_Groundnut),250.0,8.0,36.0,10.0,1689.0,101.0,200.0,58.0
48,Male,78.4,1.65,Muscle Gain,Tom_Brown_and_bread,377.0,10.0,66.0,5.0,Boiled_Plantain/Yam_and_Garden_egg_stew,529.0,26.0,60.0,11.0,Waakye_and_Fish_with_egg,679.0,48.0,71.0,10.0,Atsoomo_(Chin-Chin),307.38,5.91,36.59,10.85,1892.38,89.91,233.59,36.85
47,Female,73.5,1.67,Muscle Gain,Tea/Milo/Coffee_with_bread,281.0,7.0,41.0,8.0,Angwamu_(Oil_Rice)_with_Hot_Pepper_and_Egg,623.0,31.0,66.0,22.0,Angwamu_(Oil_Rice)_with_Hot_Pepper_and_Egg,615.79,38.98,64.77,13.31,Atsoomo_(Chin-Chin),307.38,5.91,36.59,10.85,1827.17,82.89,208.36,54.16
83,Female,54.5,1.54,Weight Loss,Hausa_Koko_(millet_porridge)_with_Koose,283.0,10.0,36.0,4.0,Jollof_Rice_with_Chicken,537.0,37.0,84.0,11.0,Plain_Rice_with_Chicken,544.0,48.0,63.0,11.0,Atsoomo_(Chin-Chin),307.38,5.91,36.59,10.85,1671.38,100.91,219.59,36.85
53,Female,60.6,1.57,Weight Loss,Oatmeal,257.0,10.0,42.0,4.0,Banku_with_Okra_Soup,572.0,28.0,76.0,8.0,Waakye_and_Fish_with_egg,570.0,37.0,61.0,8.0,Atsoomo_(Chin-Chin),307.38,5.91,36.59,10.85,1706.38,80.91,215.59,30.85
10,Male,54.1,1.17,Muscle Gain,Hausa_Koko_(millet_porridge)_with_Koose,339.0,15.0,45.0,8.0,Boiled_Plantain/Yam_and_Garden_egg_stew,508.0,27.0,72.0,10.0,Plain_Rice_with_Chicken,643.0,66.0,68.0,16.0,Agbelikaklo_with_Coconut,319.0,7.0,53.0,8.0,1809.0,115.0,238.0,42.0
54,Male,72.4,1.72,Muscle Gain,Tom_Brown_and_bread,383.0,10.0,55.0,6.0,Plain_Rice_with_Chicken,730.0,67.0,73.0,18.0,Red-Red_(Beans_and_Plantain_with_red_oil),643.0,32.0,49.0,18.0,Atsoomo_(Chin-Chin),307.38,5.91,36.59,10.85,2063.38,114.91,213.59,52.85
25,Female,72.9,1.55,Muscle Gain,Oatmeal,336.42,9.46,47.78,5.3,Red-Red_(Beans_and_Plantain_with_red_oil),625.0,32.0,58.0,16.0,Jollof_Rice_with_Chicken,880.0,43.0,95.0,20.0,Agbelikaklo_with_Coconut,342.0,6.0,57.0,9.0,2183.42,90.46,257.78,50.3
38,Male,65.5,1.7,Weight Loss,Oatmeal,336.42,9.46,47.78,5.3,Jollof_Rice_with_Chicken,619.2,39.43,64.97,13.31,Jollof_Rice_with_Chicken,773.0,48.0,73.0,16.0,Roasted/Boiled_Maize_with_Coconut,264.0,5.0,40.0,5.0,1992.62,101.89,225.75,39.61
37,Female,62.5,1.63,Weight Loss,Tom_Brown_and_bread,383.0,8.0,47.0,4.0,Kenkey_and_Fried_Fish_with_Hot_Pepper,556.0,31.0,50.0,17.0,Banku_and_Tilapia_with_Hot_Pepper,625.0,36.0,51.0,11.0,Nkatie_Cake_(Groundnut_Cake),353.0,9.0,19.0,16.0,1917.0,84.0,167.0,48.0
42,Male,74.2,1.71,Muscle Gain,Tom_Brown_and_bread,391.0,13.0,62.0,6.0,Jollof_Rice_with_Chicken,794.0,55.0,83.0,18.0,Kenkey_and_Fried_Fish_with_Hot_Pepper,789.0,49.0,59.0,21.0,Atsoomo_(Chin-Chin),307.38,5.91,36.59,10.85,2281.38,122.91,240.59,55.85
19,Female,65.1,1.61,Muscle Gain,Rice_water_and_bread,324.0,8.0,57.0,4.0,Jollof_Rice_with_Chicken,797.0,49.0,85.0,20.0,Fufu_with_Light_Soup_with_Goat_Meat,752.0,38.0,81.0,12.0,Atsoomo_(Chin-Chin),307.38,5.91,36.59,10.85,2180.38,100.91,259.59,46.85
47,Female,53.0,1.66,Weight Loss,Oatmeal,336.42,9.46,47.78,5.3,Fufu_with_Light_Soup_with_Goat_Meat,643.0,35.0,65.0,12.0,Kenkey_and_Fried_Fish_with_Hot_Pepper,499.0,39.0,57.0,16.0,Atsoomo_(Chin-Chin),307.38,5.91,36.59,10.85,1785.8,89.37,206.37,44.15
44,Male,81.9,1.62,Muscle Gain,White_porridge_and_bread,420.0,7.0,55.0,6.0,Waakye_and_Fish_with_egg,683.0,60.0,59.0,11.0,Boiled_Plantain/Yam_and_Garden_egg_stew,528.0,28.0,73.0,8.0,Atsoomo_(Chin-Chin),307.38,5.91,36.59,10.85,1938.38,100.91,223.59,35.85
6,Female,30.3,1.0,Weight Loss,Hausa_Koko_(millet_porridge)_with_Koose,265.0,13.0,45.0,6.0,Red-Red_(Beans_and_Plantain_with_red_oil),454.0,31.0,44.0,14.0,Boiled_Plantain/Yam_and_Garden_egg_stew,345.0,20.0,64.0,6.0,Atsoomo_(Chin-Chin),307.38,5.91,36.59,10.85,1371.38,69.91,189.59,36.85
80,Male,59.9,1.65,Weight Loss,Tom_Brown_and_bread,293.0,8.0,51.0,4.0,Boiled_Plantain/Yam_and_Garden_egg_stew,519.0,19.0,57.0,6.0,Banku_with_Okra_Soup,534.0,35.0,74.0,6.0,Atsoomo_(Chin-Chin),307.38,5.91,36.59,10.85,1653.38,67.91,218.59,26.85
36,Female,69.1,1.61,Muscle Gain,Tom_Brown_and_bread,409.0,10.0,62.0,5.0,Jollof_Rice_with_Chicken,619.2,39.43,64.97,13.31,Angwamu_(Oil_Rice)_with_Hot_Pepper_and_Egg,577.0,26.0,53.0,19.0,Nkatie_Cake_(Groundnut_Cake),301.0,10.0,25.0,16.0,1906.2,85.43,204.97,53.31
73,Male,73.4,1.64,Muscle Gain,Tom_Brown_and_bread,427.0,10.0,51.0,4.0,Boiled_Plantain/Yam_and_Garden_egg_stew,572.0,24.0,73.0,9.0,Plain_Rice_with_Chicken,663.0,49.0,74.0,16.0,Atsoomo_(Chin-Chin),307.38,5.91,36.59,10.85,1969.38,88.91,234.59,39.85
25,Male,79.7,1.74,Muscle Gain,Rice_water_and_bread,383.0,8.0,57.0,4.0,Tuo_Zaafi_with_Meat_Stew,790.0,39.0,66.0,13.0,Banku_and_Tilapia_with_Hot_Pepper,713.0,52.0,58.0,16.0,Atsoomo_(Chin-Chin),307.38,5.91,36.59,10.85,2193.38,104.91,217.59,43.85
56,Female,80.1,1.65,Muscle Gain,Oatmeal,305.0,9.0,42.0,5.0,Jollof_Rice_with_Chicken,619.2,39.43,64.97,13.31,Fufu_with_Light_Soup_with_Goat_Meat,812.0,40.0,86.0,16.0,Atsoomo_(Chin-Chin),307.38,5.91,36.59,10.85,2043.58,94.34,229.56,45.16
37,Female,57.0,1.57,Weight Loss,Koko_with_Bofroat_(corn_dough_porridge_with_buffloaf),449.0,10.0,45.0,6.0,Banku_and_Tilapia_with_Hot_Pepper,594.0,35.0,51.0,11.0,Kenkey_and_Fried_Fish_with_Hot_Pepper,533.0,33.0,49.0,16.0,Atsoomo_(Chin-Chin),307.38,5.91,36.59,10.85,1883.38,83.91,181.59,43.85
5,Female,31.9,1.0,Weight Loss,Rice_water_and_bread,212.0,9.0,47.0,3.0,Boiled_Plantain/Yam_and_Garden_egg_stew,401.0,25.0,64.0,8.0,Red-Red_(Beans_and_Plantain_with_red_oil),371.0,31.0,53.0,13.0,Atsoomo_(Chin-Chin),307.38,5.91,36.59,10.85,1291.38,70.91,200.59,34.85
60,Female,73.9,1.69,Muscle Gain,Hausa_Koko_(millet_porridge)_with_Koose,427.0,14.0,49.0,7.0,Banku_and_Tilapia_with_Hot_Pepper,687.0,49.0,67.0,15.0,Angwamu_(Oil_Rice)_with_Hot_Pepper_and_Egg,615.79,38.98,64.77,13.31,Atsoomo_(Chin-Chin),408.0,4.0,30.0,18.0,2137.79,105.98,210.77,53.31
42,Female,73.1,1.57,Muscle Gain,White_porridge_and_bread,301.0,8.0,46.0,6.0,Boiled_Plantain/Yam_and_Garden_egg_stew,512.0,22.0,73.0,11.0,Waakye_and_Fish_with_egg,698.0,50.0,71.0,10.0,Atsoomo_(Chin-Chin),307.38,5.91,36.59,10.85,1818.38,85.91,226.59,37.85
45,Male,57.5,1.71,Weight Loss,Koko_with_Bofroat_(corn_dough_porridge_with_buffloaf),452.0,11.0,50.0,7.0,Kenkey_and_Fried_Fish_with_Hot_Pepper,534.0,34.0,47.0,13.0,Fufu_with_Light_Soup_with_Goat_Meat,741.0,37.0,61.0,12.0,Atsoomo_(Chin-Chin),307.38,5.91,36.59,10.85,2034.38,87.91,194.59,42.85
11,Male,46.1,1.22,Weight Loss,White_porridge_and_bread,312.0,8.0,48.0,4.0,Red-Red_(Beans_and_Plantain_with_red_oil),480.0,37.0,47.0,16.0,Banku_with_Okra_Soup,567.0,44.0,74.0,8.0,Atsoomo_(Chin-Chin),307.38,5.91,36.59,10.85,1666.38,94.91,205.59,38.85
6,Male,36.7,1.0,Weight Loss,Tom_Brown_and_bread,352.0,11.0,57.0,4.0,Banku_and_Tilapia_with_Hot_Pepper,581.0,49.0,59.0,10.0,Angwamu_(Oil_Rice)_with_Hot_Pepper_and_Egg,615.79,38.98,64.77,13.31,Atsoomo_(Chin-Chin),307.38,5.91,36.59,10.85,1856.17,104.89,217.36,38.16
22,Female,67.4,1.58,Muscle Gain,Koko_with_Bofroat_(corn_dough_porridge_with_buffloaf),481.0,10.0,55.0,9.0,Kenkey_and_Fried_Fish_with_Hot_Pepper,613.0,36.0,65.0,17.0,Tuo_Zaafi_with_Meat_Stew,761.0,42.0,78.0,13.0,Atsoomo_(Chin-Chin),307.38,5.91,36.59,10.85,2162.38,93.91,234.59,49.85
36,Male,60.3,1.64,Weight Loss,Oatmeal,267.0,11.0,34.0,4.0,Fufu_with_Light_Soup_with_Goat_Meat,671.0,33.0,76.0,11.0,Angwamu_(Oil_Rice)_with_Hot_Pepper_and_Egg,624.0,27.0,49.0,17.0,Plantain_Chips,264.0,3.0,45.0,9.0,1826.0,74.0,204.0,41.0
65,Female,69.1,1.59,Muscle Gain,Hausa_Koko_(millet_porridge)_with_Koose,326.0,14.0,41.0,6.0,Kenkey_and_Fried_Fish_with_Hot_Pepper,595.0,44.0,68.0,18.0,Fufu_with_Light_Soup_with_Goat_Meat,718.0,40.0,90.0,14.0,Atsoomo_(Chin-Chin),307.38,5.91,36.59,10.85,1946.38,103.91,235.59,48.85
9,Male,42.3,1.14,Weight Loss,Rice_water_and_bread,255.0,9.0,49.0,4.0,Jollof_Rice_with_Chicken,619.2,39.43,64.97,13.31,Boiled_Plantain/Yam_and_Garden_egg_stew,380.0,27.0,50.0,7.0,Roasted/Boiled_Maize_with_Coconut,251.0,7.0,39.0,6.0,1505.2,82.43,202.97,30.31
28,Male,72.7,1.73,Muscle Gain,Tom_Brown_and_bread,412.0,10.0,57.0,6.0,Jollof_Rice_with_Chicken,922.0,48.0,96.0,17.0,Fufu_with_Light_Soup_with_Goat_Meat,871.0,43.0,74.0,13.0,Plantain_Chips,308.0,3.0,38.0,12.0,2513.0,104.0,265.0,48.0
45,Female,64.6,1.59,Weight Loss,Hausa_Koko_(millet_porridge)_with_Koose,330.0,12.0,34.0,6.0,Waakye_and_Fish_with_egg,551.0,45.0,59.0,9.0,Tuo_Zaafi_with_Meat_Stew,691.0,34.0,57.0,9.0,Atsoomo_(Chin-Chin),307.38,5.91,36.59,10.85,1879.38,96.91,186.59,34.85
29,Female,69.2,1.65,Muscle Gain,Koko_with_Bofroat_(corn_dough_porridge_with_buffloaf),502.0,10.0,62.0,11.0,Jollof_Rice_with_Chicken,619.2,39.43,64.97,13.31,Tuo_Zaafi_with_Meat_Stew,753.0,42.0,70.0,13.0,Atsoomo_(Chin-Chin),307.38,5.91,36.59,10.85,2181.58,97.34,233.56,48.16
39,Male,76.2,1.67,Muscle Gain,White_porridge_and_bread,370.0,8.0,59.0,5.0,Fufu_with_Light_Soup_with_Goat_Meat,816.0,48.0,90.0,13.0,Kenkey_and_Fried_Fish_with_Hot_Pepper,690.0,44.0,67.0,19.0,Atsoomo_(Chin-Chin),307.38,5.91,36.59,10.85,2183.38,105.91,252.59,47.85
48,Male,81.6,1.77,Muscle Gain,Tea/Milo/Coffee_with_bread,324.0,6.0,35.0,7.0,Fufu_with_Light_Soup_with_Goat_Meat,678.0,45.0,78.0,14.0,Angwamu_(Oil_Rice)_with_Hot_Pepper_and_Egg,752.0,34.0,58.0,19.0,Atsoomo_(Chin-Chin),307.38,5.91,36.59,10.85,2061.38,90.91,207.59,50.85
6,Female,38.5,1.0,Muscle Gain,Oatmeal,255.0,15.0,42.0,4.0,Jollof_Rice_with_Chicken,619.2,39.43,64.97,13.31,Boiled_Plantain/Yam_and_Garden_egg_stew,377.0,28.0,59.0,9.0,Atsoomo_(Chin-Chin),307.38,5.91,36.59,10.85,1558.58,88.34,202.56,37.16
18,Male,59.6,1.78,Weight Loss,Koko_with_Bofroat_(corn_dough_porridge_with_buffloaf),431.0,9.0,45.0,8.0,Jollof_Rice_with_Chicken,619.2,39.43,64.97,13.31,Angwamu_(Oil_Rice)_with_Hot_Pepper_and_Egg,642.0,29.0,49.0,15.0,Atsoomo_(Chin-Chin),307.38,5.91,36.59,10.85,1999.58,83.34,195.56,47.16
50,Male,80.7,1.63,Muscle Gain,Rice_water_and_bread,357.0,8.0,62.0,5.0,Jollof_Rice_with_Chicken,917.0,44.0,78.0,21.0,Tuo_Zaafi_with_Meat_Stew,774.0,37.0,69.0,12.0,Atsoomo_(Chin-Chin),462.0,3.0,36.0,20.0,2510.0,92.0,245.0,58.0
23,Female,64.1,1.59,Weight Loss,Oatmeal,336.42,9.46,47.78,5.3,Red-Red_(Beans_and_Plantain_with_red_oil),503.0,31.0,45.0,14.0,Waakye_and_Fish_with_egg,623.0,36.0,57.0,8.0,Atsoomo_(Chin-Chin),307.38,5.91,36.59,10.85,1769.8,82.37,186.37,38.15
46,Male,83.2,1.72,Muscle Gain,Tom_Brown_and_bread,369.0,9.0,58.0,6.0,Jollof_Rice_with_Chicken,867.0,45.0,75.0,21.0,Red-Red_(Beans_and_Plantain_with_red_oil),521.0,31.0,50.0,15.0,Roasted/Boiled_Maize_with_Coconut,266.0,6.0,41.0,8.0,2023.0,91.0,224.0,50.0
47,Female,74.9,1.53,Muscle Gain,White_porridge_and_bread,377.0,8.0,57.0,6.0,Tuo_Zaafi_with_Meat_Stew,746.0,43.0,80.0,14.0,Red-Red_(Beans_and_Plantain_with_red_oil),514.0,38.0,47.0,17.0,Nkatie_Cake_(Groundnut_Cake),391.0,13.0,25.0,19.0,2028.0,102.0,209.0,56.0
45,Male,69.8,1.67,Muscle Gain,Koko_with_Bofroat_(corn_dough_porridge_with_buffloaf),444.0,10.0,57.0,8.0,Waakye_and_Fish_with_egg,808.0,61.0,61.0,11.0,Jollof_Rice_with_Chicken,953.0,55.0,80.0,19.0,Atsoomo_(Chin-Chin),307.38,5.91,36.59,10.85,2512.38,131.91,234.59,48.85
12,Male,48.5,1.32,Weight Loss,Rice_water_and_bread,299.0,9.0,50.0,4.0,Angwamu_(Oil_Rice)_with_Hot_Pepper_and_Egg,477.0,28.0,50.0,16.0,Jollof_Rice_with_Chicken,592.0,49.0,64.0,16.0,Nkatie_Cake_(Groundnut_Cake),255.0,11.0,25.0,14.0,1623.0,97.0,189.0,50.0
14,Female,49.7,1.17,Muscle Gain,White_porridge_and_bread,297.0,8.0,56.0,6.0,Tuo_Zaafi_with_Meat_Stew,528.0,51.0,71.0,15.0,Red-Red_(Beans_and_Plantain_with_red_oil),449.0,40.0,54.0,19.0,Atsoomo_(Chin-Chin),307.38,5.91,36.59,10.85,1581.38,104.91,217.59,50.85
44,Male,61.6,1.65,Weight Loss,Rice_water_and_bread,353.0,7.0,43.0,4.0,Plain_Rice_with_Chicken,642.0,45.0,60.0,12.0,Jollof_Rice_with_Chicken,684.0,48.0,82.0,15.0,Plantain_Chips,327.0,3.0,34.0,8.0,2006.0,103.0,219.0,39.0
59,Female,74.3,1.69,Muscle Gain,Rice_water_and_bread,316.0,8.0,56.0,4.0,Angwamu_(Oil_Rice)_with_Hot_Pepper_and_Egg,678.0,25.0,57.0,24.0,Kenkey_and_Fried_Fish_with_Hot_Pepper,559.0,39.0,67.0,22.0,Atsoomo_(Chin-Chin),307.38,5.91,36.59,10.85,1860.38,77.91,216.59,60.85
5,Male,33.2,1.0,Weight Loss,Hausa_Koko_(millet_porridge)_with_Koose,297.0,15.0,45.0,5.0,Banku_with_Okra_Soup,524.0,34.0,57.0,9.0,Banku_and_Tilapia_with_Hot_Pepper,475.0,52.0,55.0,10.0,Atsoomo_(Chin-Chin),307.38,5.91,36.59,10.85,1603.38,106.91,193.59,34.85
55,Male,62.5,1.7,Weight Loss,Oatmeal,336.42,9.46,47.78,5.3,Jollof_Rice_with_Chicken,678.0,39.0,82.0,16.0,Banku_and_Tilapia_with_Hot_Pepper,575.0,41.0,54.0,11.0,Atsoomo_(Chin-Chin),307.38,5.91,36.59,10.85,1896.8,95.37,220.37,43.15
64,Female,69.5,1.61,Muscle Gain,Oatmeal,257.0,10.0,47.0,4.0,Jollof_Rice_with_Chicken,792.0,50.0,93.0,17.0,Angwamu_(Oil_Rice)_with_Hot_Pepper_and_Egg,491.0,28.0,56.0,18.0,Atsoomo_(Chin-Chin),307.38,5.91,36.59,10.85,1847.38,93.91,232.59,49.85
59,Female,76.9,1.67,Muscle Gain,Koko_with_Bofroat_(corn_dough_porridge_with_buffloaf),475.0,10.0,54.0,9.0,Red-Red_(Beans_and_Plantain_with_red_oil),622.0,34.0,59.0,16.0,Angwamu_(Oil_Rice)_with_Hot_Pepper_and_Egg,615.79,38.98,64.77,13.31,Kofi_Brokeman_(Roasted_Plantain_with_Groundnut),273.0,7.0,35.0,9.0,1985.79,89.98,212.77,47.31
28,Male,54.4,1.69,Weight Loss,Tom_Brown_and_bread,370.0,9.0,50.0,4.0,Kenkey_and_Fried_Fish_with_Hot_Pepper,579.0,40.0,53.0,14.0,Plain_Rice_with_Chicken,617.0,52.0,61.0,16.0,Agbelikaklo_with_Coconut,319.0,4.0,48.0,8.0,1885.0,105.0,212.0,42.0
44,Male,62.9,1.79,Weight Loss,Tea/Milo/Coffee_with_bread,290.0,5.0,31.0,6.0,Waakye_and_Fish_with_egg,756.0,41.0,68.0,9.0,Angwamu_(Oil_Rice)_with_Hot_Pepper_and_Egg,657.0,26.0,54.0,16.0,Kofi_Brokeman_(Roasted_Plantain_with_Groundnut),324.0,6.0,37.0,6.0,2027.0,78.0,190.0,37.0
78,Male,58.6,1.64,Weight Loss,Oatmeal,257.0,12.0,43.0,3.0,Jollof_Rice_with_Chicken,619.2,39.43,64.97,13.31,Banku_with_Okra_Soup,568.0,34.0,65.0,7.0,Atsoomo_(Chin-Chin),307.38,5.91,36.59,10.85,1751.58,91.34,209.56,34.16
46,Male,67.3,1.75,Weight Loss,White_porridge_and_bread,390.0,6.0,47.0,4.0,Boiled_Plantain/Yam_and_Garden_egg_stew,482.0,18.0,64.0,7.0,Waakye_and_Fish_with_egg,729.0,40.0,58.0,10.0,Atsoomo_(Chin-Chin),307.38,5.91,36.59,10.85,1908.38,69.91,205.59,31.85
19,Male,58.5,1.72,Weight Loss,Hausa_Koko_(millet_porridge)_with_Koose,331.0,13.0,40.0,6.0,Jollof_Rice_with_Chicken,619.2,39.43,64.97,13.31,Angwamu_(Oil_Rice)_with_Hot_Pepper_and_Egg,615.79,38.98,64.77,13.31,Atsoomo_(Chin-Chin),307.38,5.91,36.59,10.85,1873.37,97.32,206.33,43.47
11,Male,56.8,1.25,Muscle Gain,Tom_Brown_and_bread,302.0,9.0,55.0,6.0,Tuo_Zaafi_with_Meat_Stew,621.0,49.0,70.0,15.0,Plain_Rice_with_Chicken,553.0,72.0,61.0,16.0,Atsoomo_(Chin-Chin),307.38,5.91,36.59,10.85,1783.38,135.91,222.59,47.85
58,Male,59.9,1.63,Weight Loss,Oatmeal,320.0,8.0,37.0,4.0,Jollof_Rice_with_Chicken,717.0,47.0,72.0,16.0,Banku_with_Okra_Soup,707.0,37.0,64.0,8.0,Atsoomo_(Chin-Chin),307.38,5.91,36.59,10.85,2051.38,97.91,209.59,38.85
37,Male,74.3,1.68,Muscle Gain,Tom_Brown_and_bread,382.0,9.0,55.0,6.0,Angwamu_(Oil_Rice)_with_Hot_Pepper_and_Egg,653.0,31.0,63.0,19.0,Kenkey_and_Fried_Fish_with_Hot_Pepper,757.0,49.0,51.0,18.0,Kofi_Brokeman_(Roasted_Plantain_with_Groundnut),288.0,7.0,43.0,8.0,2080.0,96.0,212.0,51.0
21,Female,66.9,1.68,Muscle Gain,White_porridge_and_bread,324.0,7.0,58.0,6.0,Kenkey_and_Fried_Fish_with_Hot_Pepper,599.0,44.0,58.0,20.0,Waakye_and_Fish_with_egg,657.0,52.0,73.0,10.0,Atsoomo_(Chin-Chin),307.38,5.91,36.59,10.85,1887.38,108.91,225.59,46.85
64,Male,77.6,1.7,Muscle Gain,Koko_with_Bofroat_(corn_dough_porridge_with_buffloaf),399.0,13.0,59.0,9.0,Banku_and_Tilapia_with_Hot_Pepper,556.0,56.0,72.0,10.0,Tuo_Zaafi_with_Meat_Stew,754.0,44.0,68.0,11.0,Atsoomo_(Chin-Chin),307.38,5.91,36.59,10.85,2016.38,118.91,235.59,40.85
33,Female,55.0,1.55,Weight Loss,Tea/Milo/Coffee_with_bread,312.0,6.0,30.0,5.0,Plain_Rice_with_Chicken,732.0,40.0,62.0,12.0,Banku_with_Okra_Soup,582.0,25.0,56.0,8.0,Plantain_Chips,289.0,3.0,37.0,8.0,1915.0,74.0,185.0,33.0
36,Male,61.4,1.65,Weight Loss,White_porridge_and_bread,335.0,7.0,46.0,4.0,Red-Red_(Beans_and_Plantain_with_red_oil),533.0,27.0,42.0,16.0,Banku_with_Okra_Soup,712.0,30.0,73.0,8.0,Atsoomo_(Chin-Chin),307.38,5.91,36.59,10.85,1887.38,69.91,197.59,38.85
65,Female,55.6,1.55,Weight Loss,Rice_water_and_bread,255.0,7.0,43.0,3.0,Banku_and_Tilapia_with_Hot_Pepper,451.0,33.0,53.0,10.0,Jollof_Rice_with_Chicken,652.0,44.0,81.0,12.0,Nkatie_Cake_(Groundnut_Cake),267.0,9.0,25.0,10.0,1625.0,93.0,202.0,35.0
80,Male,71.2,1.63,Muscle Gain,Oatmeal,261.0,10.0,40.0,4.0,Red-Red_(Beans_and_Plantain_with_red_oil),552.0,34.0,60.0,15.0,Banku_and_Tilapia_with_Hot_Pepper,678.0,55.0,72.0,13.0,Agbelikaklo_with_Coconut,356.0,4.0,52.0,8.0,1847.0,103.0,224.0,40.0
39,Female,69.6,1.68,Muscle Gain,Koko_with_Bofroat_(corn_dough_porridge_with_buffloaf),433.0,10.0,51.0,10.0,Red-Red_(Beans_and_Plantain_with_red_oil),589.0,28.0,55.0,18.0,Banku_and_Tilapia_with_Hot_Pepper,545.0,40.0,61.0,12.0,Atsoomo_(Chin-Chin),307.38,5.91,36.59,10.85,1874.38,83.91,203.59,50.85
71,Female,59.4,1.55,Weight Loss,Hausa_Koko_(millet_porridge)_with_Koose,283.0,12.0,35.0,4.0,Boiled_Plantain/Yam_and_Garden_egg_stew,367.0,22.0,65.0,5.0,Tuo_Zaafi_with_Meat_Stew,513.0,36.0,73.0,9.0,Atsoomo_(Chin-Chin),307.38,5.91,36.59,10.85,1470.38,75.91,209.59,28.85
8,Female,38.3,1.03,Weight Loss,Oatmeal,236.0,10.0,36.0,4.0,Boiled_Plantain/Yam_and_Garden_egg_stew,353.0,24.0,54.0,8.0,Fufu_with_Light_Soup_with_Goat_Meat,464.0,43.0,76.0,13.0,Atsoomo_(Chin-Chin),307.38,5.91,36.59,10.85,1360.38,82.91,202.59,35.85
23,Female,78.8,1.53,Muscle Gain,Tea/Milo/Coffee_with_bread,278.0,7.0,43.0,6.0,Jollof_Rice_with_Chicken,619.2,39.43,64.97,13.31,Red-Red_(Beans_and_Plantain_with_red_oil),536.0,34.0,61.0,20.0,Atsoomo_(Chin-Chin),307.38,5.91,36.59,10.85,1740.58,86.34,205.56,50.16
84,Male,71.6,1.61,Muscle Gain,Oatmeal,336.42,9.46,47.78,5.3,Waakye_and_Fish_with_egg,594.0,52.0,74.0,9.0,Plain_Rice_with_Chicken,807.0,56.0,72.0,13.0,Atsoomo_(Chin-Chin),307.38,5.91,36.59,10.85,2044.8,123.37,230.37,38.15
53,Female,78.8,1.54,Muscle Gain,Oatmeal,265.0,10.0,40.0,4.0,Banku_and_Tilapia_with_Hot_Pepper,731.0,40.0,67.0,13.0,Boiled_Plantain/Yam_and_Garden_egg_stew,537.0,26.0,62.0,9.0,Atsoomo_(Chin-Chin),307.38,5.91,36.59,10.85,1840.38,81.91,205.59,36.85
33,Female,77.6,1.67,Muscle Gain,Tom_Brown_and_bread,411.0,10.0,57.0,6.0,Banku_and_Tilapia_with_Hot_Pepper,579.0,50.0,63.0,13.0,Angwamu_(Oil_Rice)_with_Hot_Pepper_and_Egg,536.0,26.0,54.0,22.0,Atsoomo_(Chin-Chin),307.38,5.91,36.59,10.85,1833.38,91.91,210.59,51.85
5,Female,33.2,1.0,Muscle Gain,Rice_water_and_bread,238.0,10.0,62.0,5.0,Plain_Rice_with_Chicken,554.0,69.0,76.0,17.0,Boiled_Plantain/Yam_and_Garden_egg_stew,438.0,24.0,59.0,10.0,Atsoomo_(Chin-Chin),307.38,5.91,36.59,10.85,1537.38,108.91,233.59,42.85
9,Female,36.4,1.1,Weight Loss,White_porridge_and_bread,234.0,7.0,42.0,4.0,Jollof_Rice_with_Chicken,619.2,39.43,64.97,13.31,Jollof_Rice_with_Chicken,530.0,45.0,66.0,17.0,Atsoomo_(Chin-Chin),307.38,5.91,36.59,10.85,1690.58,97.34,209.56,45.16
47,Male,67.6,1.72,Weight Loss,Hausa_Koko_(millet_porridge)_with_Koose,342.0,13.0,39.0,6.0,Plain_Rice_with_Chicken,781.0,45.0,61.0,15.0,Waakye_and_Fish_with_egg,625.0,48.0,66.0,10.0,Atsoomo_(Chin-Chin),365.0,3.0,27.0,16.0,2113.0,109.0,193.0,47.0
60,Male,69.3,1.75,Muscle Gain,White_porridge_and_bread,420.0,7.0,51.0,5.0,Banku_with_Okra_Soup,682.0,34.0,71.0,10.0,Plain_Rice_with_Chicken,775.0,60.0,72.0,16.0,Atsoomo_(Chin-Chin),388.0,4.0,40.0,20.0,2265.0,105.0,234.0,51.0
44,Female,72.2,1.5,Muscle Gain,Koko_with_Bofroat_(corn_dough_porridge_with_buffloaf),409.0,10.0,53.0,9.0,Banku_and_Tilapia_with_Hot_Pepper,688.0,48.0,58.0,17.0,Angwamu_(Oil_Rice)_with_Hot_Pepper_and_Egg,615.79,38.98,64.77,13.31,Atsoomo_(Chin-Chin),307.38,5.91,36.59,10.85,2020.17,102.89,212.36,50.16
29,Female,53.3,1.56,Weight Loss,Oatmeal,243.0,8.0,45.0,3.0,Angwamu_(Oil_Rice)_with_Hot_Pepper_and_Egg,520.0,26.0,51.0,15.0,Plain_Rice_with_Chicken,696.0,48.0,54.0,16.0,Agbelikaklo_with_Coconut,258.0,5.0,44.0,7.0,1717.0,87.0,194.0,41.0
79,Female,53.3,1.54,Weight Loss,Hausa_Koko_(millet_porridge)_with_Koose,298.0,10.0,45.0,4.0,Angwamu_(Oil_Rice)_with_Hot_Pepper_and_Egg,479.0,26.0,53.0,12.0,Plain_Rice_with_Chicken,560.0,49.0,63.0,12.0,Atsoomo_(Chin-Chin),307.38,5.91,36.59,10.85,1644.38,90.91,197.59,38.85
45,Male,77.1,1.67,Muscle Gain,Tea/Milo/Coffee_with_bread,290.0,6.0,39.0,7.0,Jollof_Rice_with_Chicken,619.2,39.43,64.97,13.31,Fufu_with_Light_Soup_with_Goat_Meat,738.0,45.0,89.0,13.0,Atsoomo_(Chin-Chin),307.38,5.91,36.59,10.85,1954.58,96.34,229.56,44.16
43,Female,61.2,1.6,Weight Loss,Oatmeal,248.0,8.0,42.0,4.0,Fufu_with_Light_Soup_with_Goat_Meat,648.0,34.0,71.0,11.0,Plain_Rice_with_Chicken,609.0,42.0,68.0,12.0,Roasted/Boiled_Maize_with_Coconut,219.0,6.0,33.0,6.0,1724.0,90.0,214.0,33.0
26,Female,70.2,1.61,Muscle Gain,White_porridge_and_bread,357.0,7.0,61.0,6.0,Angwamu_(Oil_Rice)_with_Hot_Pepper_and_Egg,643.0,33.0,54.0,23.0,Waakye_and_Fish_with_egg,738.0,56.0,75.0,11.0,Atsoomo_(Chin-Chin),307.38,5.91,36.59,10.85,2045.38,101.91,226.59,50.85
36,Male,78.9,1.74,Muscle Gain,White_porridge_and_bread,375.0,7.0,62.0,6.0,Banku_and_Tilapia_with_Hot_Pepper,686.0,48.0,71.0,13.0,Plain_Rice_with_Chicken,671.0,66.0,69.0,18.0,Atsoomo_(Chin-Chin),307.38,5.91,36.59,10.85,2039.38,126.91,238.59,47.85
16,Female,49.0,1.26,Muscle Gain,White_porridge_and_bread,259.0,9.0,52.0,5.0,Fufu_with_Light_Soup_with_Goat_Meat,611.0,46.0,88.0,15.0,Boiled_Plantain/Yam_and_Garden_egg_stew,433.0,31.0,60.0,9.0,Atsoomo_(Chin-Chin),307.38,5.91,36.59,10.85,1610.38,91.91,236.59,39.85
37,Male,80.1,1.64,Muscle Gain,Oatmeal,292.0,13.0,43.0,4.0,Waakye_and_Fish_with_egg,860.0,46.0,75.0,10.0,Kenkey_and_Fried_Fish_with_Hot_Pepper,689.0,39.0,54.0,17.0,Atsoomo_(Chin-Chin),307.38,5.91,36.59,10.85,2148.38,103.91,208.59,41.85
5,Female,33.8,1.0,Muscle Gain,Hausa_Koko_(millet_porridge)_with_Koose,347.0,14.0,39.0,6.0,Boiled_Plantain/Yam_and_Garden_egg_stew,409.0,28.0,71.0,9.0,Jollof_Rice_with_Chicken,627.0,57.0,85.0,20.0,Atsoomo_(Chin-Chin),307.38,5.91,36.59,10.85,1690.38,104.91,231.59,45.85
43,Female,66.6,1.62,Muscle Gain,Oatmeal,264.0,12.0,48.0,4.0,Kenkey_and_Fried_Fish_with_Hot_Pepper,618.0,38.0,67.0,17.0,Angwamu_(Oil_Rice)_with_Hot_Pepper_and_Egg,680.0,32.0,55.0,20.0,Atsoomo_(Chin-Chin),307.38,5.91,36.59,10.85,1869.38,87.91,206.59,51.85
37,Female,73.9,1.62,Muscle Gain,Tom_Brown_and_bread,418.0,9.0,52.0,6.0,Boiled_Plantain/Yam_and_Garden_egg_stew,471.0,22.0,67.0,10.0,Banku_with_Okra_Soup,701.0,38.0,73.0,11.0,Atsoomo_(Chin-Chin),307.38,5.91,36.59,10.85,1897.38,74.91,228.59,37.85
15,Male,46.4,1.3,Weight Loss,Oatmeal,269.0,13.0,44.0,3.0,Plain_Rice_with_Chicken,545.0,50.0,55.0,12.0,Boiled_Plantain/Yam_and_Garden_egg_stew,407.0,27.0,55.0,8.0,Atsoomo_(Chin-Chin),307.38,5.91,36.59,10.85,1528.38,95.91,190.59,33.85
49,Female,72.5,1.68,Muscle Gain,Hausa_Koko_(millet_porridge)_with_Koose,352.0,12.0,40.0,9.0,Fufu_with_Light_Soup_with_Goat_Meat,621.0,37.0,79.0,13.0,Plain_Rice_with_Chicken,690.0,46.0,61.0,19.0,Atsoomo_(Chin-Chin),307.38,5.91,36.59,10.85,1970.38,100.91,216.59,51.85
30,Female,60.1,1.54,Weight Loss,Hausa_Koko_(millet_porridge)_with_Koose,316.0,12.0,38.0,5.0,Angwamu_(Oil_Rice)_with_Hot_Pepper_and_Egg,610.0,27.0,46.0,18.0,Angwamu_(Oil_Rice)_with_Hot_Pepper_and_Egg,615.79,38.98,64.77,13.31,Agbelikaklo_with_Coconut,284.0,4.0,49.0,6.0,1825.79,81.98,197.77,42.31
44,Male,65.2,1.6,Weight Loss,Rice_water_and_bread,305.0,8.0,46.0,3.0,Red-Red_(Beans_and_Plantain_with_red_oil),623.0,31.0,47.0,14.0,Banku_and_Tilapia_with_Hot_Pepper,724.0,37.0,65.0,10.0,Atsoomo_(Chin-Chin),307.38,5.91,36.59,10.85,1959.38,81.91,194.59,37.85
81,Male,71.8,1.62,Muscle Gain,White_porridge_and_bread,306.0,8.0,49.0,5.0,Plain_Rice_with_Chicken,783.0,61.0,69.0,14.0,Kenkey_and_Fried_Fish_with_Hot_Pepper,606.0,44.0,57.0,15.0,Kofi_Brokeman_(Roasted_Plantain_with_Groundnut),334.0,7.0,38.0,8.0,2029.0,120.0,213.0,42.0
85,Male,57.4,1.63,Weight Loss,Tea/Milo/Coffee_with_bread,253.0,5.0,38.0,4.0,Waakye_and_Fish_with_egg,596.0,39.0,66.0,7.0,Jollof_Rice_with_Chicken,768.0,41.0,86.0,13.0,Nkatie_Cake_(Groundnut_Cake),352.0,8.0,22.0,11.0,1969.0,93.0,212.0,35.0
59,Female,59.1,1.55,Weight Loss,Tea/Milo/Coffee_with_bread,295.0,5.0,40.0,6.0,Fufu_with_Light_Soup_with_Goat_Meat,611.0,32.0,81.0,10.0,Waakye_and_Fish_with_egg,539.0,37.0,56.0,10.0,Atsoomo_(Chin-Chin),307.38,5.91,36.59,10.85,1752.38,79.91,213.59,36.85
18,Female,54.5,1.7,Weight Loss,Oatmeal,244.0,8.0,35.0,3.0,Jollof_Rice_with_Chicken,632.0,34.0,76.0,17.0,Red-Red_(Beans_and_Plantain_with_red_oil),442.0,29.0,51.0,13.0,Atsoomo_(Chin-Chin),307.38,5.91,36.59,10.85,1625.38,76.91,198.59,43.85
56,Female,66.1,1.66,Muscle Gain,Tea/Milo/Coffee_with_bread,303.0,6.0,43.0,7.0,Banku_and_Tilapia_with_Hot_Pepper,574.0,43.0,59.0,14.0,Kenkey_and_Fried_Fish_with_Hot_Pepper,621.0,42.0,62.0,19.0,Atsoomo_(Chin-Chin),307.38,5.91,36.59,10.85,1805.38,96.91,200.59,50.85
12,Male,47.9,1.29,Weight Loss,Koko_with_Bofroat_(corn_dough_porridge_with_buffloaf),313.0,11.0,55.0,8.0,Banku_and_Tilapia_with_Hot_Pepper,470.0,49.0,55.0,10.0,Waakye_and_Fish_with_egg,518.0,48.0,71.0,8.0,Plantain_Chips,279.0,3.0,40.0,10.0,1580.0,111.0,221.0,36.0
62,Female,69.4,1.59,Muscle Gain,Rice_water_and_bread,304.0,8.0,47.0,3.0,Boiled_Plantain/Yam_and_Garden_egg_stew,521.0,20.0,74.0,7.0,Jollof_Rice_with_Chicken,752.0,49.0,97.0,16.0,Agbelikaklo_with_Coconut,294.0,6.0,47.0,9.0,1871.0,83.0,265.0,35.0
41,Male,65.1,1.68,Weight Loss,Tea/Milo/Coffee_with_bread,309.0,5.0,35.0,7.0,Kenkey_and_Fried_Fish_with_Hot_Pepper,579.0,37.0,48.0,16.0,Boiled_Plantain/Yam_and_Garden_egg_stew,480.0,20.0,63.0,8.0,Atsoomo_(Chin-Chin),307.38,5.91,36.59,10.85,1675.38,67.91,182.59,41.85
69,Male,61.6,1.67,Weight Loss,Koko_with_Bofroat_(corn_dough_porridge_with_buffloaf),396.0,8.0,49.0,5.0,Angwamu_(Oil_Rice)_with_Hot_Pepper_and_Egg,564.0,27.0,54.0,15.0,Tuo_Zaafi_with_Meat_Stew,634.0,37.0,77.0,8.0,Atsoomo_(Chin-Chin),307.38,5.91,36.59,10.85,1901.38,77.91,216.59,38.85
7,Female,36.6,1.0,Weight Loss,Tom_Brown_and_bread,284.0,9.0,60.0,4.0,Boiled_Plantain/Yam_and_Garden_egg_stew,365.0,22.0,52.0,7.0,Angwamu_(Oil_Rice)_with_Hot_Pepper_and_Egg,615.79,38.98,64.77,13.31,Atsoomo_(Chin-Chin),307.38,5.91,36.59,10.85,1572.17,75.89,213.36,35.16
24,Male,65.1,1.73,Weight Loss,Rice_water_and_bread,337.0,7.0,44.0,3.0,Tuo_Zaafi_with_Meat_Stew,665.0,31.0,57.0,10.0,Banku_with_Okra_Soup,649.0,36.0,57.0,9.0,Atsoomo_(Chin-Chin),307.38,5.91,36.59,10.85,1958.38,79.91,194.59,32.85
33,Male,83.1,1.65,Muscle Gain,Tom_Brown_and_bread,448.0,9.0,53.0,6.0,Plain_Rice_with_Chicken,685.0,50.0,67.0,16.0,Banku_and_Tilapia_with_Hot_Pepper,766.0,46.0,70.0,15.0,Atsoomo_(Chin-Chin),307.38,5.91,36.59,10.85,2206.38,110.91,226.59,47.85
14,Female,38.5,1.15,Weight Loss,Oatmeal,197.0,10.0,36.0,4.0,Fufu_with_Light_Soup_with_Goat_Meat,566.0,40.0,63.0,12.0,Boiled_Plantain/Yam_and_Garden_egg_stew,340.0,24.0,54.0,7.0,Atsoomo_(Chin-Chin),307.38,5.91,36.59,10.85,1410.38,79.91,189.59,33.85
42,Female,57.3,1.58,Weight Loss,Tea/Milo/Coffee_with_bread,287.0,6.0,38.0,6.0,Banku_and_Tilapia_with_Hot_Pepper,654.0,41.0,63.0,12.0,Banku_with_Okra_Soup,531.0,29.0,72.0,10.0,Atsoomo_(Chin-Chin),307.38,5.91,36.59,10.85,1779.38,81.91,209.59,38.85
34,Male,75.9,1.74,Muscle Gain,Hausa_Koko_(millet_porridge)_with_Koose,477.0,13.0,39.0,8.0,Jollof_Rice_with_Chicken,619.2,39.43,64.97,13.31,Red-Red_(Beans_and_Plantain_with_red_oil),557.0,37.0,51.0,17.0,Atsoomo_(Chin-Chin),307.38,5.91,36.59,10.85,1960.58,95.34,191.56,49.16
22,Male,68.1,1.66,Muscle Gain,White_porridge_and_bread,394.0,8.0,60.0,5.0,Angwamu_(Oil_Rice)_with_Hot_Pepper_and_Egg,739.0,30.0,55.0,24.0,Plain_Rice_with_Chicken,743.0,66.0,64.0,18.0,Atsoomo_(Chin-Chin),307.38,5.91,36.59,10.85,2183.38,109.91,215.59,57.85
65,Female,68.2,1.61,Muscle Gain,White_porridge_and_bread,330.0,7.0,63.0,5.0,Jollof_Rice_with_Chicken,619.2,39.43,64.97,13.31,Jollof_Rice_with_Chicken,662.0,43.0,73.0,14.0,Atsoomo_(Chin-Chin),307.38,5.91,36.59,10.85,1918.58,95.34,237.56,43.16
55,Male,74.8,1.78,Muscle Gain,Tea/Milo/Coffee_with_bread,359.0,7.0,34.0,6.0,Angwamu_(Oil_Rice)_with_Hot_Pepper_and_Egg,572.0,34.0,51.0,22.0,Kenkey_and_Fried_Fish_with_Hot_Pepper,713.0,43.0,67.0,20.0,Plantain_Chips,302.0,3.0,50.0,13.0,1946.0,87.0,202.0,61.0
45,Male,70.7,1.66,Muscle Gain,Tea/Milo/Coffee_with_bread,342.0,7.0,39.0,7.0,Jollof_Rice_with_Chicken,924.0,52.0,86.0,17.0,Fufu_with_Light_Soup_with_Goat_Meat,880.0,45.0,82.0,16.0,Kofi_Brokeman_(Roasted_Plantain_with_Groundnut),324.0,8.0,39.0,10.0,2470.0,112.0,246.0,50.0
81,Female,66.4,1.53,Muscle Gain,Hausa_Koko_(millet_porridge)_with_Koose,341.0,15.0,42.0,5.0,Jollof_Rice_with_Chicken,693.0,40.0,84.0,15.0,Banku_with_Okra_Soup,642.0,38.0,64.0,11.0,Nkatie_Cake_(Groundnut_Cake),288.0,12.0,23.0,16.0,1964.0,105.0,213.0,47.0
29,Male,63.5,1.64,Weight Loss,Koko_with_Bofroat_(corn_dough_porridge_with_buffloaf),489.0,12.0,46.0,8.0,Plain_Rice_with_Chicken,666.0,45.0,71.0,13.0,Angwamu_(Oil_Rice)_with_Hot_Pepper_and_Egg,525.0,28.0,49.0,16.0,Atsoomo_(Chin-Chin),307.38,5.91,36.59,10.85,1987.38,90.91,202.59,47.85
24,Female,58.3,1.57,Weight Loss,Tom_Brown_and_bread,350.0,8.0,45.0,4.0,Fufu_with_Light_Soup_with_Goat_Meat,632.0,30.0,81.0,9.0,Boiled_Plantain/Yam_and_Garden_egg_stew,442.0,21.0,65.0,6.0,Atsoomo_(Chin-Chin),307.38,5.91,36.59,10.85,1731.38,64.91,227.59,29.85
9,Male,48.2,1.13,Muscle Gain,Rice_water_and_bread,266.0,10.0,50.0,5.0,Jollof_Rice_with_Chicken,619.0,52.0,96.0,17.0,Plain_Rice_with_Chicken,661.0,60.0,60.0,15.0,Atsoomo_(Chin-Chin),307.38,5.91,36.59,10.85,1853.38,127.91,242.59,47.85
50,Female,76.7,1.59,Muscle Gain,White_porridge_and_bread,315.0,7.0,54.0,6.0,Jollof_Rice_with_Chicken,820.0,48.0,90.0,17.0,Banku_and_Tilapia_with_Hot_Pepper,664.0,43.0,58.0,15.0,Atsoomo_(Chin-Chin),307.38,5.91,36.59,10.85,2106.38,103.91,238.59,48.85
9,Male,48.2,1.13,Muscle Gain,Tom_Brown_and_bread,308.0,9.0,56.0,5.0,Tuo_Zaafi_with_Meat_Stew,520.0,46.0,75.0,13.0,Angwamu_(Oil_Rice)_with_Hot_Pepper_and_Egg,615.79,38.98,64.77,13.31,Atsoomo_(Chin-Chin),307.38,5.91,36.59,10.85,1751.17,99.89,232.36,42.16
84,Male,69.1,1.64,Muscle Gain,Oatmeal,336.42,9.46,47.78,5.3,Angwamu_(Oil_Rice)_with_Hot_Pepper_and_Egg,665.0,36.0,61.0,18.0,Boiled_Plantain/Yam_and_Garden_egg_stew,498.0,22.0,56.0,9.0,Roasted/Boiled_Maize_with_Coconut,259.0,7.0,44.0,5.0,1758.42,74.46,208.78,37.3
44,Male,80.0,1.6,Muscle Gain,Tom_Brown_and_bread,447.0,8.0,60.0,5.0,Angwamu_(Oil_Rice)_with_Hot_Pepper_and_Egg,566.0,28.0,59.0,20.0,Plain_Rice_with_Chicken,704.0,52.0,72.0,20.0,Atsoomo_(Chin-Chin),307.38,5.91,36.59,10.85,2024.38,93.91,227.59,55.85
16,Male,53.3,1.33,Muscle Gain,Oatmeal,336.42,9.46,47.78,5.3,Banku_and_Tilapia_with_Hot_Pepper,576.0,60.0,64.0,16.0,Banku_with_Okra_Soup,526.0,40.0,80.0,10.0,Atsoomo_(Chin-Chin),307.38,5.91,36.59,10.85,1745.8,115.37,228.37,42.15
18,Female,76.9,1.62,Muscle Gain,Rice_water_and_bread,363.0,9.0,54.0,4.0,Banku_and_Tilapia_with_Hot_Pepper,550.0,39.0,61.0,13.0,Plain_Rice_with_Chicken,726.0,54.0,63.0,16.0,Nkatie_Cake_(Groundnut_Cake),302.0,12.0,28.0,20.0,1941.0,114.0,206.0,53.0
73,Female,57.7,1.54,Weight Loss,Tom_Brown_and_bread,337.0,8.0,56.0,4.0,Jollof_Rice_with_Chicken,619.2,39.43,64.97,13.31,Boiled_Plantain/Yam_and_Garden_egg_stew,475.0,21.0,65.0,6.0,Atsoomo_(Chin-Chin),307.38,5.91,36.59,10.85,1738.58,74.34,222.56,34.16
28,Male,74.7,1.65,Muscle Gain,Hausa_Koko_(millet_porridge)_with_Koose,451.0,15.0,50.0,7.0,Banku_with_Okra_Soup,667.0,39.0,84.0,11.0,Banku_and_Tilapia_with_Hot_Pepper,713.0,56.0,64.0,12.0,Atsoomo_(Chin-Chin),307.38,5.91,36.59,10.85,2138.38,115.91,234.59,40.85
22,Male,64.1,1.73,Weight Loss,Hausa_Koko_(millet_porridge)_with_Koose,399.0,13.0,36.0,5.0,Fufu_with_Light_Soup_with_Goat_Meat,697.0,37.0,80.0,12.0,Boiled_Plantain/Yam_and_Garden_egg_stew,500.0,22.0,60.0,8.0,Atsoomo_(Chin-Chin),307.38,5.91,36.59,10.85,1903.38,77.91,212.59,35.85
31,Male,83.3,1.72,Muscle Gain,Rice_water_and_bread,316.0,10.0,49.0,4.0,Jollof_Rice_with_Chicken,619.2,39.43,64.97,13.31,Red-Red_(Beans_and_Plantain_with_red_oil),575.0,40.0,59.0,20.0,Atsoomo_(Chin-Chin),307.38,5.91,36.59,10.85,1817.58,95.34,209.56,48.16
74,Female,57.0,1.59,Weight Loss,Oatmeal,336.42,9.46,47.78,5.3,Banku_and_Tilapia_with_Hot_Pepper,485.0,39.0,61.0,11.0,Jollof_Rice_with_Chicken,541.0,41.0,67.0,12.0,Atsoomo_(Chin-Chin),307.38,5.91,36.59,10.85,1669.8,95.37,212.37,39.15
71,Male,74.3,1.67,Muscle Gain,Koko_with_Bofroat_(corn_dough_porridge_with_buffloaf),399.0,14.0,63.0,7.0,Tuo_Zaafi_with_Meat_Stew,595.0,42.0,79.0,12.0,Jollof_Rice_with_Chicken,718.0,54.0,87.0,16.0,Roasted/Boiled_Maize_with_Coconut,284.0,7.0,36.0,5.0,1996.0,117.0,265.0,40.0
15,Male,51.8,1.31,Muscle Gain,Tea/Milo/Coffee_with_bread,233.0,7.0,40.0,6.0,Jollof_Rice_with_Chicken,596.0,68.0,91.0,22.0,Banku_and_Tilapia_with_Hot_Pepper,589.0,58.0,70.0,15.0,Atsoomo_(Chin-Chin),307.38,5.91,36.59,10.85,1725.38,138.91,237.59,53.85
18,Male,84.7,1.68,Muscle Gain,Tea/Milo/Coffee_with_bread,377.0,7.0,44.0,8.0,Boiled_Plantain/Yam_and_Garden_egg_stew,523.0,24.0,72.0,8.0,Red-Red_(Beans_and_Plantain_with_red_oil),645.0,36.0,50.0,16.0,Atsoomo_(Chin-Chin),307.38,5.91,36.59,10.85,1852.38,72.91,202.59,42.85
31,Female,70.3,1.56,Muscle Gain,Hausa_Koko_(millet_porridge)_with_Koose,355.0,14.0,38.0,7.0,Banku_and_Tilapia_with_Hot_Pepper,661.0,44.0,66.0,16.0,Tuo_Zaafi_with_Meat_Stew,795.0,39.0,69.0,15.0,Roasted/Boiled_Maize_with_Coconut,242.0,7.0,39.0,7.0,2053.0,104.0,212.0,45.0
25,Female,62.1,1.57,Muscle Gain,Koko_with_Bofroat_(corn_dough_porridge_with_buffloaf),389.0,12.0,65.0,11.0,Boiled_Plantain/Yam_and_Garden_egg_stew,449.0,25.0,70.0,11.0,Kenkey_and_Fried_Fish_with_Hot_Pepper,621.0,34.0,62.0,22.0,Atsoomo_(Chin-Chin),307.38,5.91,36.59,10.85,1766.38,76.91,233.59,54.85
39,Male,70.3,1.77,Muscle Gain,Koko_with_Bofroat_(corn_dough_porridge_with_buffloaf),497.0,13.0,59.0,8.0,Tuo_Zaafi_with_Meat_Stew,762.0,45.0,73.0,12.0,Angwamu_(Oil_Rice)_with_Hot_Pepper_and_Egg,754.0,34.0,63.0,22.0,Atsoomo_(Chin-Chin),307.38,5.91,36.59,10.85,2320.38,97.91,231.59,52.85
55,Female,62.4,1.54,Weight Loss,Tom_Brown_and_bread,384.0,8.0,58.0,4.0,Plain_Rice_with_Chicken,600.0,49.0,70.0,12.0,Waakye_and_Fish_with_egg,576.0,39.0,56.0,10.0,Atsoomo_(Chin-Chin),307.38,5.91,36.59,10.85,1867.38,101.91,220.59,36.85
29,Female,79.7,1.51,Muscle Gain,Tom_Brown_and_bread,404.0,9.0,62.0,5.0,Jollof_Rice_with_Chicken,677.0,44.0,78.0,21.0,Tuo_Zaafi_with_Meat_Stew,674.0,39.0,74.0,14.0,Atsoomo_(Chin-Chin),307.38,5.91,36.59,10.85,2062.38,97.91,250.59,50.85
32,Female,52.7,1.62,Weight Loss,Tea/Milo/Coffee_with_bread,315.0,6.0,32.0,5.0,Banku_and_Tilapia_with_Hot_Pepper,648.0,43.0,62.0,12.0,Waakye_and_Fish_with_egg,591.0,40.0,70.0,9.0,Atsoomo_(Chin-Chin),307.38,5.91,36.59,10.85,1861.38,94.91,200.59,36.85
16,Female,54.3,1.28,Muscle Gain,Tom_Brown_and_bread,262.0,10.0,58.0,6.0,Tuo_Zaafi_with_Meat_Stew,558.0,39.0,82.0,12.0,Kenkey_and_Fried_Fish_with_Hot_Pepper,454.0,46.0,65.0,20.0,Atsoomo_(Chin-Chin),307.38,5.91,36.59,10.85,1581.38,100.91,241.59,48.85
63,Male,64.7,1.68,Weight Loss,Tea/Milo/Coffee_with_bread,258.0,5.0,39.0,4.0,Fufu_with_Light_Soup_with_Goat_Meat,568.0,33.0,69.0,10.0,Banku_with_Okra_Soup,532.0,30.0,63.0,6.0,Atsoomo_(Chin-Chin),307.38,5.91,36.59,10.85,1665.38,73.91,207.59,30.85
53,Male,67.1,1.65,Weight Loss,Tom_Brown_and_bread,367.0,8.0,51.0,4.0,Banku_with_Okra_Soup,701.0,27.0,64.0,10.0,Angwamu_(Oil_Rice)_with_Hot_Pepper_and_Egg,615.79,38.98,64.77,13.31,Kofi_Brokeman_(Roasted_Plantain_with_Groundnut),271.0,6.0,34.0,8.0,1954.79,79.98,213.77,35.31
26,Male,67.4,1.71,Weight Loss,Oatmeal,299.0,9.0,42.0,4.0,Banku_with_Okra_Soup,680.0,29.0,69.0,8.0,Boiled_Plantain/Yam_and_Garden_egg_stew,598.0,18.0,55.0,7.0,Plantain_Chips,268.0,3.0,44.0,9.0,1845.0,59.0,210.0,28.0
59,Female,57.9,1.56,Weight Loss,Tom_Brown_and_bread,319.0,10.0,50.0,4.0,Tuo_Zaafi_with_Meat_Stew,558.0,30.0,71.0,11.0,Waakye_and_Fish_with_egg,595.0,39.0,63.0,9.0,Atsoomo_(Chin-Chin),307.38,5.91,36.59,10.85,1779.38,84.91,220.59,34.85
13,Male,45.8,1.2,Muscle Gain,White_porridge_and_bread,305.0,8.0,52.0,5.0,Jollof_Rice_with_Chicken,619.2,39.43,64.97,13.31,Fufu_with_Light_Soup_with_Goat_Meat,706.0,60.0,86.0,13.0,Nkatie_Cake_(Groundnut_Cake),353.0,15.0,27.0,17.0,1983.2,122.43,229.97,48.31
46,Male,67.9,1.64,Weight Loss,Hausa_Koko_(millet_porridge)_with_Koose,359.0,12.0,36.0,7.0,Plain_Rice_with_Chicken,700.0,55.0,59.0,15.0,Angwamu_(Oil_Rice)_with_Hot_Pepper_and_Egg,615.79,38.98,64.77,13.31,Atsoomo_(Chin-Chin),344.0,4.0,35.0,14.0,2018.79,109.98,194.77,49.31
25,Male,59.7,1.68,Weight Loss,Oatmeal,261.0,11.0,35.0,3.0,Banku_and_Tilapia_with_Hot_Pepper,697.0,37.0,60.0,10.0,Fufu_with_Light_Soup_with_Goat_Meat,743.0,34.0,75.0,13.0,Agbelikaklo_with_Coconut,358.0,5.0,40.0,7.0,2059.0,87.0,210.0,33.0
51,Female,71.1,1.53,Muscle Gain,Tom_Brown_and_bread,426.0,8.0,66.0,5.0,Red-Red_(Beans_and_Plantain_with_red_oil),529.0,31.0,53.0,18.0,Plain_Rice_with_Chicken,680.0,48.0,69.0,18.0,Atsoomo_(Chin-Chin),307.38,5.91,36.59,10.85,1942.38,92.91,224.59,51.85
36,Male,63.5,1.69,Weight Loss,Tom_Brown_and_bread,377.0,8.0,52.0,4.0,Waakye_and_Fish_with_egg,695.0,45.0,56.0,8.0,Angwamu_(Oil_Rice)_with_Hot_Pepper_and_Egg,570.0,27.0,58.0,17.0,Atsoomo_(Chin-Chin),307.38,5.91,36.59,10.85,1949.38,85.91,202.59,39.85
7,Male,36.9,1.05,Weight Loss,Tom_Brown_and_bread,294.0,11.0,53.0,4.0,Plain_Rice_with_Chicken,598.0,59.0,63.0,14.0,Boiled_Plantain/Yam_and_Garden_egg_stew,367.0,24.0,53.0,8.0,Agbelikaklo_with_Coconut,245.0,6.0,45.0,6.0,1504.0,100.0,214.0,32.0
33,Female,62.8,1.62,Weight Loss,Tea/Milo/Coffee_with_bread,238.0,5.0,30.0,6.0,Jollof_Rice_with_Chicken,804.0,39.0,84.0,17.0,Angwamu_(Oil_Rice)_with_Hot_Pepper_and_Egg,615.79,38.98,64.77,13.31,Atsoomo_(Chin-Chin),307.38,5.91,36.59,10.85,1965.17,88.89,215.36,47.16
39,Female,71.3,1.62,Muscle Gain,Koko_with_Bofroat_(corn_dough_porridge_with_buffloaf),423.0,13.0,66.0,11.0,Plain_Rice_with_Chicken,732.0,54.0,74.0,16.0,Angwamu_(Oil_Rice)_with_Hot_Pepper_and_Egg,543.0,26.0,66.0,20.0,Atsoomo_(Chin-Chin),307.38,5.91,36.59,10.85,2005.38,98.91,242.59,57.85
82,Male,61.6,1.65,Weight Loss,Tea/Milo/Coffee_with_bread,295.0,6.0,38.0,4.0,Banku_with_Okra_Soup,587.0,35.0,72.0,6.0,Angwamu_(Oil_Rice)_with_Hot_Pepper_and_Egg,615.79,38.98,64.77,13.31,Atsoomo_(Chin-Chin),307.38,5.91,36.59,10.85,1805.17,85.89,211.36,34.16
47,Female,52.5,1.52,Weight Loss,Koko_with_Bofroat_(corn_dough_porridge_with_buffloaf),386.0,9.0,61.0,7.0,Fufu_with_Light_Soup_with_Goat_Meat,640.0,30.0,61.0,12.0,Angwamu_(Oil_Rice)_with_Hot_Pepper_and_Egg,563.0,24.0,51.0,19.0,Atsoomo_(Chin-Chin),307.38,5.91,36.59,10.85,1896.38,68.91,209.59,48.85
38,Female,74.3,1.67,Muscle Gain,Tom_Brown_and_bread,399.0,12.0,61.0,6.0,Jollof_Rice_with_Chicken,619.2,39.43,64.97,13.31,Jollof_Rice_with_Chicken,707.0,40.0,75.0,21.0,Atsoomo_(Chin-Chin),307.38,5.91,36.59,10.85,2032.58,97.34,237.56,51.16
18,Male,77.2,1.79,Muscle Gain,Tom_Brown_and_bread,479.0,13.0,57.0,5.0,Plain_Rice_with_Chicken,706.0,49.0,61.0,17.0,Jollof_Rice_with_Chicken,899.0,44.0,84.0,19.0,Atsoomo_(Chin-Chin),307.38,5.91,36.59,10.85,2391.38,111.91,238.59,51.85
68,Female,59.5,1.59,Weight Loss,Rice_water_and_bread,251.0,7.0,44.0,3.0,Jollof_Rice_with_Chicken,691.0,35.0,66.0,12.0,Plain_Rice_with_Chicken,666.0,40.0,57.0,12.0,Atsoomo_(Chin-Chin),307.38,5.91,36.59,10.85,1915.38,87.91,203.59,37.85
39,Female,61.3,1.62,Weight Loss,Hausa_Koko_(millet_porridge)_with_Koose,396.0,12.0,43.0,5.0,Fufu_with_Light_Soup_with_Goat_Meat,684.0,34.0,79.0,9.0,Red-Red_(Beans_and_Plantain_with_red_oil),451.0,24.0,54.0,12.0,Atsoomo_(Chin-Chin),307.38,5.91,36.59,10.85,1838.38,75.91,212.59,36.85
58,Male,66.2,1.7,Weight Loss,White_porridge_and_bread,394.0,7.0,54.0,4.0,Jollof_Rice_with_Chicken,726.0,42.0,68.0,14.0,Plain_Rice_with_Chicken,651.0,45.0,59.0,12.0,Atsoomo_(Chin-Chin),307.38,5.91,36.59,10.85,2078.38,99.91,217.59,40.85
16,Male,44.2,1.33,Weight Loss,Oatmeal,239.0,13.0,36.0,3.0,Banku_and_Tilapia_with_Hot_Pepper,557.0,48.0,51.0,13.0,Angwamu_(Oil_Rice)_with_Hot_Pepper_and_Egg,521.0,34.0,58.0,15.0,Atsoomo_(Chin-Chin),307.38,5.91,36.59,10.85,1624.38,100.91,181.59,41.85
19,Female,75.6,1.66,Muscle Gain,Oatmeal,325.0,10.0,50.0,5.0,Jollof_Rice_with_Chicken,716.0,49.0,95.0,20.0,Boiled_Plantain/Yam_and_Garden_egg_stew,570.0,21.0,64.0,10.0,Atsoomo_(Chin-Chin),307.38,5.91,36.59,10.85,1918.38,85.91,245.59,45.85
81,Female,54.4,1.55,Weight Loss,Oatmeal,336.42,9.46,47.78,5.3,Red-Red_(Beans_and_Plantain_with_red_oil),397.0,24.0,45.0,12.0,Kenkey_and_Fried_Fish_with_Hot_Pepper,508.0,35.0,50.0,13.0,Atsoomo_(Chin-Chin),307.38,5.91,36.59,10.85,1548.8,74.37,179.37,41.15
44,Female,66.7,1.6,Muscle Gain,White_porridge_and_bread,311.0,7.0,47.0,5.0,Banku_and_Tilapia_with_Hot_Pepper,569.0,40.0,60.0,14.0,Boiled_Plantain/Yam_and_Garden_egg_stew,487.0,20.0,66.0,9.0,Atsoomo_(Chin-Chin),307.38,5.91,36.59,10.85,1674.38,72.91,209.59,38.85
31,Female,53.0,1.65,Weight Loss,Koko_with_Bofroat_(corn_dough_porridge_with_buffloaf),434.0,10.0,46.0,8.0,Plain_Rice_with_Chicken,697.0,45.0,64.0,16.0,Angwamu_(Oil_Rice)_with_Hot_Pepper_and_Egg,542.0,22.0,45.0,16.0,Agbelikaklo_with_Coconut,284.0,4.0,42.0,8.0,1957.0,81.0,197.0,48.0
26,Male,71.0,1.68,Weight Loss,Hausa_Koko_(millet_porridge)_with_Koose,378.0,11.0,35.0,5.0,Jollof_Rice_with_Chicken,619.2,39.43,64.97,13.31,Red-Red_(Beans_and_Plantain_with_red_oil),493.0,26.0,44.0,14.0,Atsoomo_(Chin-Chin),307.38,5.91,36.59,10.85,1797.58,82.34,180.56,43.16
37,Male,70.9,1.77,Muscle Gain,Koko_with_Bofroat_(corn_dough_porridge_with_buffloaf),453.0,9.0,51.0,10.0,Boiled_Plantain/Yam_and_Garden_egg_stew,625.0,28.0,62.0,8.0,Waakye_and_Fish_with_egg,695.0,61.0,68.0,13.0,Atsoomo_(Chin-Chin),307.38,5.91,36.59,10.85,2080.38,103.91,217.59,41.85
63,Female,57.6,1.58,Weight Loss,White_porridge_and_bread,291.0,6.0,47.0,4.0,Kenkey_and_Fried_Fish_with_Hot_Pepper,559.0,37.0,56.0,12.0,Plain_Rice_with_Chicken,568.0,49.0,70.0,11.0,Atsoomo_(Chin-Chin),307.38,5.91,36.59,10.85,1725.38,97.91,209.59,37.85
76,Female,55.4,1.53,Weight Loss,Oatmeal,336.42,9.46,47.78,5.3,Waakye_and_Fish_with_egg,515.0,45.0,63.0,6.0,Banku_and_Tilapia_with_Hot_Pepper,549.0,35.0,63.0,10.0,Nkatie_Cake_(Groundnut_Cake),319.0,11.0,18.0,9.0,1719.42,100.46,191.78,30.3
68,Male,76.7,1.68,Muscle Gain,Hausa_Koko_(millet_porridge)_with_Koose,324.0,13.0,39.0,6.0,Jollof_Rice_with_Chicken,619.2,39.43,64.97,13.31,Plain_Rice_with_Chicken,645.0,63.0,67.0,16.0,Atsoomo_(Chin-Chin),307.38,5.91,36.59,10.85,1895.58,121.34,207.56,46.16
69,Male,60.5,1.69,Weight Loss,Tom_Brown_and_bread,330.0,8.0,53.0,4.0,Boiled_Plantain/Yam_and_Garden_egg_stew,524.0,23.0,54.0,4.0,Angwamu_(Oil_Rice)_with_Hot_Pepper_and_Egg,522.0,24.0,45.0,13.0,Atsoomo_(Chin-Chin),307.38,5.91,36.59,10.85,1683.38,60.91,188.59,31.85
40,Male,72.4,1.71,Muscle Gain,Oatmeal,336.42,9.46,47.78,5.3,Tuo_Zaafi_with_Meat_Stew,695.0,34.0,69.0,15.0,Waakye_and_Fish_with_egg,819.0,61.0,61.0,12.0,Atsoomo_(Chin-Chin),307.38,5.91,36.59,10.85,2157.8,110.37,214.37,43.15
5,Male,30.3,1.0,Weight Loss,Tea/Milo/Coffee_with_bread,255.0,7.0,31.0,5.0,Jollof_Rice_with_Chicken,619.2,39.43,64.97,13.31,Angwamu_(Oil_Rice)_with_Hot_Pepper_and_Egg,455.0,29.0,46.0,20.0,Atsoomo_(Chin-Chin),330.0,3.0,32.0,15.0,1659.2,78.43,173.97,53.31
66,Female,59.7,1.59,Weight Loss,Tom_Brown_and_bread,360.0,8.0,52.0,4.0,Jollof_Rice_with_Chicken,619.2,39.43,64.97,13.31,Plain_Rice_with_Chicken,580.0,45.0,62.0,12.0,Atsoomo_(Chin-Chin),307.38,5.91,36.59,10.85,1866.58,98.34,215.56,40.16
18,Male,70.3,1.71,Weight Loss,Tea/Milo/Coffee_with_bread,328.0,6.0,38.0,6.0,Fufu_with_Light_Soup_with_Goat_Meat,616.0,37.0,75.0,12.0,Kenkey_and_Fried_Fish_with_Hot_Pepper,688.0,34.0,59.0,17.0,Roasted/Boiled_Maize_with_Coconut,297.0,6.0,31.0,5.0,1929.0,83.0,203.0,40.0
63,Female,71.4,1.61,Muscle Gain,Oatmeal,254.0,13.0,38.0,3.0,Waakye_and_Fish_with_egg,682.0,50.0,74.0,9.0,Kenkey_and_Fried_Fish_with_Hot_Pepper,574.0,40.0,56.0,14.0,Nkatie_Cake_(Groundnut_Cake),349.0,9.0,26.0,14.0,1859.0,112.0,194.0,40.0
17,Female,55.2,1.27,Muscle Gain,Oatmeal,336.42,9.46,47.78,5.3,Banku_and_Tilapia_with_Hot_Pepper,584.0,54.0,67.0,14.0,Red-Red_(Beans_and_Plantain_with_red_oil),485.0,33.0,48.0,20.0,Atsoomo_(Chin-Chin),307.38,5.91,36.59,10.85,1712.8,102.37,199.37,50.15
42,Male,60.5,1.73,Weight Loss,Oatmeal,344.0,9.0,39.0,3.0,Jollof_Rice_with_Chicken,673.0,48.0,68.0,15.0,Waakye_and_Fish_with_egg,596.0,46.0,71.0,8.0,Atsoomo_(Chin-Chin),307.38,5.91,36.59,10.85,1920.38,108.91,214.59,36.85
13,Female,46.0,1.15,Muscle Gain,White_porridge_and_bread,276.0,8.0,51.0,5.0,Tuo_Zaafi_with_Meat_Stew,574.0,40.0,65.0,15.0,Boiled_Plantain/Yam_and_Garden_egg_stew,398.0,25.0,70.0,9.0,Roasted/Boiled_Maize_with_Coconut,245.0,8.0,37.0,8.0,1493.0,81.0,223.0,37.0
5,Male,37.9,1.0,Muscle Gain,Tom_Brown_and_bread,377.0,13.0,54.0,5.0,Plain_Rice_with_Chicken,672.0,66.0,78.0,19.0,Tuo_Zaafi_with_Meat_Stew,563.0,52.0,77.0,14.0,Atsoomo_(Chin-Chin),307.38,5.91,36.59,10.85,1919.38,136.91,245.59,48.85
82,Female,63.9,1.55,Muscle Gain,Koko_with_Bofroat_(corn_dough_porridge_with_buffloaf),433.0,10.0,60.0,9.0,Plain_Rice_with_Chicken,570.0,50.0,62.0,13.0,Banku_and_Tilapia_with_Hot_Pepper,574.0,49.0,71.0,11.0,Atsoomo_(Chin-Chin),307.38,5.91,36.59,10.85,1884.38,114.91,229.59,43.85
34,Female,54.5,1.63,Weight Loss,Rice_water_and_bread,291.0,8.0,55.0,3.0,Jollof_Rice_with_Chicken,804.0,34.0,64.0,17.0,Fufu_with_Light_Soup_with_Goat_Meat,570.0,34.0,68.0,11.0,Roasted/Boiled_Maize_with_Coconut,250.0,6.0,39.0,5.0,1915.0,82.0,226.0,36.0
54,Male,84.8,1.71,Muscle Gain,Koko_with_Bofroat_(corn_dough_porridge_with_buffloaf),548.0,10.0,59.0,10.0,Angwamu_(Oil_Rice)_with_Hot_Pepper_and_Egg,574.0,30.0,63.0,19.0,Waakye_and_Fish_with_egg,850.0,46.0,78.0,12.0,Atsoomo_(Chin-Chin),307.38,5.91,36.59,10.85,2279.38,91.91,236.59,51.85
24,Male,69.1,1.64,Weight Loss,Hausa_Koko_(millet_porridge)_with_Koose,331.0,14.0,35.0,5.0,Angwamu_(Oil_Rice)_with_Hot_Pepper_and_Egg,660.0,29.0,47.0,19.0,Tuo_Zaafi_with_Meat_Stew,716.0,33.0,71.0,11.0,Atsoomo_(Chin-Chin),356.0,4.0,35.0,13.0,2063.0,80.0,188.0,48.0
50,Male,55.9,1.75,Weight Loss,Hausa_Koko_(millet_porridge)_with_Koose,328.0,12.0,41.0,6.0,Kenkey_and_Fried_Fish_with_Hot_Pepper,682.0,40.0,45.0,16.0,Boiled_Plantain/Yam_and_Garden_egg_stew,606.0,19.0,63.0,7.0,Atsoomo_(Chin-Chin),307.38,5.91,36.59,10.85,1923.38,76.91,185.59,39.85
7,Male,35.2,1.05,Weight Loss,Tea/Milo/Coffee_with_bread,236.0,7.0,35.0,7.0,Plain_Rice_with_Chicken,519.0,67.0,56.0,12.0,Banku_and_Tilapia_with_Hot_Pepper,541.0,46.0,57.0,12.0,Plantain_Chips,242.0,3.0,44.0,8.0,1538.0,123.0,192.0,39.0
34,Female,65.0,1.62,Muscle Gain,Tea/Milo/Coffee_with_bread,352.0,7.0,41.0,7.0,Boiled_Plantain/Yam_and_Garden_egg_stew,480.0,20.0,62.0,11.0,Kenkey_and_Fried_Fish_with_Hot_Pepper,552.0,42.0,55.0,17.0,Atsoomo_(Chin-Chin),307.38,5.91,36.59,10.85,1691.38,74.91,194.59,45.85
56,Male,69.7,1.79,Muscle Gain,Tea/Milo/Coffee_with_bread,344.0,7.0,38.0,7.0,Kenkey_and_Fried_Fish_with_Hot_Pepper,783.0,40.0,54.0,19.0,Waakye_and_Fish_with_egg,844.0,45.0,70.0,12.0,Atsoomo_(Chin-Chin),307.38,5.91,36.59,10.85,2278.38,97.91,198.59,48.85
55,Female,71.2,1.56,Muscle Gain,Koko_with_Bofroat_(corn_dough_porridge_with_buffloaf),491.0,13.0,55.0,11.0,Banku_with_Okra_Soup,752.0,39.0,73.0,12.0,Waakye_and_Fish_with_egg,773.0,54.0,63.0,13.0,Atsoomo_(Chin-Chin),307.38,5.91,36.59,10.85,2323.38,111.91,227.59,46.85
30,Male,76.7,1.68,Muscle Gain,Tea/Milo/Coffee_with_bread,341.0,7.0,41.0,8.0,Angwamu_(Oil_Rice)_with_Hot_Pepper_and_Egg,672.0,36.0,56.0,18.0,Kenkey_and_Fried_Fish_with_Hot_Pepper,635.0,50.0,59.0,21.0,Atsoomo_(Chin-Chin),307.38,5.91,36.59,10.85,1955.38,98.91,192.59,57.85
53,Female,76.3,1.64,Muscle Gain,Koko_with_Bofroat_(corn_dough_porridge_with_buffloaf),440.0,13.0,54.0,8.0,Tuo_Zaafi_with_Meat_Stew,731.0,33.0,65.0,12.0,Waakye_and_Fish_with_egg,608.0,43.0,74.0,10.0,Kofi_Brokeman_(Roasted_Plantain_with_Groundnut),300.0,8.0,37.0,8.0,2079.0,97.0,230.0,38.0
39,Female,65.0,1.58,Weight Loss,Tom_Brown_and_bread,311.0,9.0,47.0,4.0,Banku_with_Okra_Soup,619.0,26.0,72.0,9.0,Angwamu_(Oil_Rice)_with_Hot_Pepper_and_Egg,623.0,24.0,56.0,16.0,Atsoomo_(Chin-Chin),307.38,5.91,36.59,10.85,1860.38,64.91,211.59,39.85
7,Male,41.8,1.04,Muscle Gain,Koko_with_Bofroat_(corn_dough_porridge_with_buffloaf),345.0,10.0,61.0,10.0,Red-Red_(Beans_and_Plantain_with_red_oil),496.0,43.0,49.0,17.0,Banku_with_Okra_Soup,595.0,46.0,77.0,11.0,Atsoomo_(Chin-Chin),307.38,5.91,36.59,10.85,1743.38,104.91,223.59,48.85
11,Female,50.9,1.16,Muscle Gain,White_porridge_and_bread,250.0,9.0,56.0,5.0,Plain_Rice_with_Chicken,597.0,55.0,67.0,17.0,Kenkey_and_Fried_Fish_with_Hot_Pepper,519.0,57.0,51.0,18.0,Atsoomo_(Chin-Chin),307.38,5.91,36.59,10.85,1673.38,126.91,210.59,50.85
27,Female,57.1,1.65,Weight Loss,Rice_water_and_bread,313.0,7.0,43.0,4.0,Banku_with_Okra_Soup,553.0,28.0,64.0,8.0,Jollof_Rice_with_Chicken,604.0,44.0,79.0,13.0,Agbelikaklo_with_Coconut,286.0,5.0,45.0,8.0,1756.0,84.0,231.0,33.0
23,Male,83.9,1.75,Muscle Gain,Tom_Brown_and_bread,469.0,9.0,57.0,5.0,Jollof_Rice_with_Chicken,619.2,39.43,64.97,13.31,Jollof_Rice_with_Chicken,843.0,52.0,85.0,20.0,Atsoomo_(Chin-Chin),307.38,5.91,36.59,10.85,2238.58,106.34,243.56,49.16
42,Female,69.0,1.55,Muscle Gain,Tea/Milo/Coffee_with_bread,310.0,6.0,42.0,9.0,Tuo_Zaafi_with_Meat_Stew,601.0,40.0,83.0,14.0,Plain_Rice_with_Chicken,811.0,51.0,63.0,19.0,Atsoomo_(Chin-Chin),307.38,5.91,36.59,10.85,2029.38,102.91,224.59,52.85
39,Male,61.1,1.65,Weight Loss,White_porridge_and_bread,327.0,6.0,47.0,4.0,Banku_with_Okra_Soup,696.0,30.0,63.0,9.0,Angwamu_(Oil_Rice)_with_Hot_Pepper_and_Egg,615.79,38.98,64.77,13.31,Roasted/Boiled_Maize_with_Coconut,282.0,6.0,30.0,5.0,1920.79,80.98,204.77,31.31
15,Male,53.8,1.28,Muscle Gain,White_porridge_and_bread,275.0,8.0,48.0,5.0,Kenkey_and_Fried_Fish_with_Hot_Pepper,573.0,60.0,64.0,21.0,Waakye_and_Fish_with_egg,638.0,60.0,69.0,12.0,Atsoomo_(Chin-Chin),307.38,5.91,36.59,10.85,1793.38,133.91,217.59,48.85
30,Female,64.2,1.57,Muscle Gain,Tea/Milo/Coffee_with_bread,319.0,7.0,44.0,7.0,Banku_and_Tilapia_with_Hot_Pepper,646.0,46.0,64.0,14.0,Kenkey_and_Fried_Fish_with_Hot_Pepper,656.0,45.0,63.0,19.0,Atsoomo_(Chin-Chin),307.38,5.91,36.59,10.85,1928.38,103.91,207.59,50.85
31,Male,79.8,1.77,Muscle Gain,Rice_water_and_bread,338.0,9.0,57.0,4.0,Plain_Rice_with_Chicken,848.0,52.0,65.0,19.0,Tuo_Zaafi_with_Meat_Stew,807.0,34.0,67.0,15.0,Atsoomo_(Chin-Chin),307.38,5.91,36.59,10.85,2300.38,100.91,225.59,48.85
51,Female,73.9,1.57,Muscle Gain,Koko_with_Bofroat_(corn_dough_porridge_with_buffloaf),429.0,10.0,63.0,8.0,Jollof_Rice_with_Chicken,883.0,42.0,92.0,22.0,Tuo_Zaafi_with_Meat_Stew,794.0,40.0,75.0,14.0,Roasted/Boiled_Maize_with_Coconut,288.0,7.0,44.0,8.0,2394.0,99.0,274.0,52.0
82,Male,59.5,1.63,Weight Loss,Koko_with_Bofroat_(corn_dough_porridge_with_buffloaf),360.0,11.0,57.0,7.0,Tuo_Zaafi_with_Meat_Stew,647.0,34.0,65.0,9.0,Boiled_Plantain/Yam_and_Garden_egg_stew,435.0,22.0,54.0,5.0,Nkatie_Cake_(Groundnut_Cake),282.0,9.0,20.0,13.0,1724.0,76.0,196.0,34.0
24,Female,73.9,1.57,Muscle Gain,Tom_Brown_and_bread,419.0,10.0,54.0,5.0,Banku_with_Okra_Soup,570.0,38.0,72.0,10.0,Angwamu_(Oil_Rice)_with_Hot_Pepper_and_Egg,615.79,38.98,64.77,13.31,Atsoomo_(Chin-Chin),307.38,5.91,36.59,10.85,1912.17,92.89,227.36,39.16
65,Female,70.7,1.56,Muscle Gain,Oatmeal,279.0,10.0,49.0,3.0,Banku_and_Tilapia_with_Hot_Pepper,601.0,40.0,69.0,11.0,Tuo_Zaafi_with_Meat_Stew,531.0,42.0,73.0,10.0,Atsoomo_(Chin-Chin),307.38,5.91,36.59,10.85,1718.38,97.91,227.59,34.85
20,Female,71.7,1.56,Muscle Gain,Tea/Milo/Coffee_with_bread,313.0,6.0,41.0,6.0,Angwamu_(Oil_Rice)_with_Hot_Pepper_and_Egg,629.0,32.0,62.0,19.0,Kenkey_and_Fried_Fish_with_Hot_Pepper,643.0,45.0,65.0,22.0,Atsoomo_(Chin-Chin),307.38,5.91,36.59,10.85,1892.38,88.91,204.59,57.85
56,Male,67.5,1.71,Weight Loss,White_porridge_and_bread,328.0,7.0,43.0,4.0,Fufu_with_Light_Soup_with_Goat_Meat,730.0,39.0,65.0,10.0,Tuo_Zaafi_with_Meat_Stew,740.0,39.0,63.0,11.0,Atsoomo_(Chin-Chin),307.38,5.91,36.59,10.85,2105.38,90.91,207.59,35.85
59,Male,61.4,1.66,Weight Loss,Hausa_Koko_(millet_porridge)_with_Koose,420.0,11.0,37.0,6.0,Plain_Rice_with_Chicken,699.0,55.0,55.0,15.0,Angwamu_(Oil_Rice)_with_Hot_Pepper_and_Egg,556.0,29.0,61.0,18.0,Atsoomo_(Chin-Chin),307.38,5.91,36.59,10.85,1982.38,100.91,189.59,49.85
35,Female,69.4,1.63,Muscle Gain,Tea/Milo/Coffee_with_bread,323.0,6.0,39.0,7.0,Jollof_Rice_with_Chicken,701.0,54.0,81.0,22.0,Waakye_and_Fish_with_egg,673.0,50.0,63.0,11.0,Nkatie_Cake_(Groundnut_Cake),314.0,10.0,22.0,18.0,2011.0,120.0,205.0,58.0
29,Female,55.4,1.63,Weight Loss,Tea/Milo/Coffee_with_bread,320.0,5.0,36.0,5.0,Banku_and_Tilapia_with_Hot_Pepper,547.0,40.0,52.0,12.0,Fufu_with_Light_Soup_with_Goat_Meat,726.0,30.0,64.0,10.0,Roasted/Boiled_Maize_with_Coconut,283.0,6.0,32.0,6.0,1876.0,81.0,184.0,33.0
44,Female,72.6,1.58,Muscle Gain,Hausa_Koko_(millet_porridge)_with_Koose,414.0,14.0,40.0,8.0,Waakye_and_Fish_with_egg,653.0,46.0,66.0,13.0,Tuo_Zaafi_with_Meat_Stew,699.0,33.0,84.0,15.0,Atsoomo_(Chin-Chin),307.38,5.91,36.59,10.85,2073.38,98.91,226.59,46.85
44,Male,66.1,1.68,Weight Loss,Rice_water_and_bread,284.0,7.0,51.0,4.0,Tuo_Zaafi_with_Meat_Stew,606.0,34.0,59.0,10.0,Banku_with_Okra_Soup,698.0,33.0,76.0,8.0,Atsoomo_(Chin-Chin),307.38,5.91,36.59,10.85,1895.38,79.91,222.59,32.85
83,Male,73.8,1.64,Muscle Gain,Oatmeal,336.42,9.46,47.78,5.3,Waakye_and_Fish_with_egg,765.0,56.0,71.0,11.0,Boiled_Plantain/Yam_and_Garden_egg_stew,451.0,21.0,59.0,9.0,Atsoomo_(Chin-Chin),307.38,5.91,36.59,10.85,1859.8,92.37,214.37,36.15
13,Male,45.6,1.2,Muscle Gain,Tea/Milo/Coffee_with_bread,233.0,8.0,43.0,8.0,Plain_Rice_with_Chicken,599.0,67.0,78.0,16.0,Angwamu_(Oil_Rice)_with_Hot_Pepper_and_Egg,605.0,42.0,62.0,23.0,Atsoomo_(Chin-Chin),307.38,5.91,36.59,10.85,1744.38,122.91,219.59,57.85
28,Female,69.2,1.63,Muscle Gain,White_porridge_and_bread,381.0,7.0,46.0,6.0,Jollof_Rice_with_Chicken,619.2,39.43,64.97,13.31,Waakye_and_Fish_with_egg,766.0,45.0,70.0,12.0,Atsoomo_(Chin-Chin),307.38,5.91,36.59,10.85,2073.58,97.34,217.56,42.16
76,Female,70.0,1.57,Muscle Gain,Rice_water_and_bread,290.0,9.0,49.0,4.0,Fufu_with_Light_Soup_with_Goat_Meat,683.0,34.0,86.0,11.0,Angwamu_(Oil_Rice)_with_Hot_Pepper_and_Egg,594.0,30.0,51.0,18.0,Atsoomo_(Chin-Chin),307.38,5.91,36.59,10.85,1874.38,78.91,222.59,43.85
27,Female,69.3,1.57,Muscle Gain,Tom_Brown_and_bread,328.0,9.0,60.0,6.0,Jollof_Rice_with_Chicken,619.2,39.43,64.97,13.31,Plain_Rice_with_Chicken,771.0,52.0,74.0,20.0,Atsoomo_(Chin-Chin),307.38,5.91,36.59,10.85,2025.58,106.34,235.56,50.16
39,Female,76.0,1.67,Muscle Gain,Hausa_Koko_(millet_porridge)_with_Koose,425.0,13.0,51.0,8.0,Angwamu_(Oil_Rice)_with_Hot_Pepper_and_Egg,621.0,27.0,58.0,21.0,Tuo_Zaafi_with_Meat_Stew,784.0,40.0,74.0,14.0,Agbelikaklo_with_Coconut,286.0,4.0,44.0,9.0,2116.0,84.0,227.0,52.0
5,Female,34.0,1.0,Muscle Gain,Oatmeal,250.0,15.0,46.0,5.0,Banku_and_Tilapia_with_Hot_Pepper,550.0,54.0,66.0,15.0,Fufu_with_Light_Soup_with_Goat_Meat,517.0,51.0,83.0,13.0,Atsoomo_(Chin-Chin),307.38,5.91,36.59,10.85,1624.38,125.91,231.59,43.85
18,Female,65.0,1.57,Weight Loss,Oatmeal,238.0,10.0,36.0,4.0,Plain_Rice_with_Chicken,640.0,48.0,53.0,14.0,Boiled_Plantain/Yam_and_Garden_egg_stew,468.0,20.0,52.0,8.0,Atsoomo_(Chin-Chin),307.38,5.91,36.59,10.85,1653.38,83.91,177.59,36.85
41,Female,60.2,1.67,Weight Loss,Koko_with_Bofroat_(corn_dough_porridge_with_buffloaf),442.0,10.0,60.0,7.0,Jollof_Rice_with_Chicken,619.2,39.43,64.97,13.31,Banku_with_Okra_Soup,621.0,29.0,69.0,9.0,Atsoomo_(Chin-Chin),307.38,5.91,36.59,10.85,1989.58,84.34,230.56,40.16
40,Female,70.1,1.57,Muscle Gain,Oatmeal,347.0,13.0,47.0,4.0,Jollof_Rice_with_Chicken,850.0,49.0,85.0,22.0,Red-Red_(Beans_and_Plantain_with_red_oil),497.0,37.0,55.0,20.0,Atsoomo_(Chin-Chin),307.38,5.91,36.59,10.85,2001.38,104.91,223.59,56.85
74,Female,56.5,1.56,Weight Loss,Oatmeal,336.42,9.46,47.78,5.3,Tuo_Zaafi_with_Meat_Stew,546.0,29.0,73.0,8.0,Red-Red_(Beans_and_Plantain_with_red_oil),460.0,25.0,54.0,12.0,Atsoomo_(Chin-Chin),307.38,5.91,36.59,10.85,1649.8,69.37,211.37,36.15
13,Male,49.2,1.22,Muscle Gain,Koko_with_Bofroat_(corn_dough_porridge_with_buffloaf),393.0,13.0,52.0,9.0,Boiled_Plantain/Yam_and_Garden_egg_stew,430.0,27.0,60.0,9.0,Angwamu_(Oil_Rice)_with_Hot_Pepper_and_Egg,479.0,39.0,65.0,23.0,Atsoomo_(Chin-Chin),307.38,5.91,36.59,10.85,1609.38,84.91,213.59,51.85
15,Female,47.0,1.24,Muscle Gain,Tea/Milo/Coffee_with_bread,249.0,8.0,35.0,8.0,Tuo_Zaafi_with_Meat_Stew,585.0,39.0,72.0,15.0,Angwamu_(Oil_Rice)_with_Hot_Pepper_and_Egg,413.0,32.0,63.0,22.0,Atsoomo_(Chin-Chin),307.38,5.91,36.59,10.85,1554.38,84.91,206.59,55.85
27,Male,65.7,1.78,Weight Loss,Oatmeal,342.0,12.0,40.0,3.0,Banku_with_Okra_Soup,674.0,29.0,65.0,8.0,Banku_and_Tilapia_with_Hot_Pepper,592.0,44.0,52.0,12.0,Nkatie_Cake_(Groundnut_Cake),313.0,11.0,18.0,12.0,1921.0,96.0,175.0,35.0
20,Male,65.1,1.79,Weight Loss,Oatmeal,336.42,9.46,47.78,5.3,Banku_and_Tilapia_with_Hot_Pepper,640.0,45.0,63.0,11.0,Banku_with_Okra_Soup,740.0,29.0,63.0,8.0,Agbelikaklo_with_Coconut,327.0,5.0,49.0,6.0,2043.42,88.46,222.78,30.3
26,Female,60.2,1.53,Weight Loss,Rice_water_and_bread,323.0,6.0,54.0,3.0,Red-Red_(Beans_and_Plantain_with_red_oil),459.0,31.0,50.0,15.0,Banku_with_Okra_Soup,656.0,28.0,72.0,8.0,Atsoomo_(Chin-Chin),307.38,5.91,36.59,10.85,1745.38,70.91,212.59,36.85
73,Female,69.2,1.58,Muscle Gain,Koko_with_Bofroat_(corn_dough_porridge_with_buffloaf),442.0,9.0,54.0,7.0,Plain_Rice_with_Chicken,739.0,58.0,77.0,17.0,Boiled_Plantain/Yam_and_Garden_egg_stew,539.0,25.0,72.0,7.0,Plantain_Chips,253.0,3.0,47.0,11.0,1973.0,95.0,250.0,42.0
62,Female,69.6,1.61,Muscle Gain,Koko_with_Bofroat_(corn_dough_porridge_with_buffloaf),385.0,12.0,64.0,7.0,Jollof_Rice_with_Chicken,708.0,40.0,88.0,18.0,Banku_with_Okra_Soup,612.0,36.0,80.0,8.0,Atsoomo_(Chin-Chin),307.38,5.91,36.59,10.85,2012.38,93.91,268.59,43.85
66,Female,72.4,1.56,Muscle Gain,Oatmeal,336.42,9.46,47.78,5.3,Jollof_Rice_with_Chicken,607.0,46.0,96.0,17.0,Angwamu_(Oil_Rice)_with_Hot_Pepper_and_Egg,615.79,38.98,64.77,13.31,Atsoomo_(Chin-Chin),307.38,5.91,36.59,10.85,1866.59,100.35,245.14,46.46
39,Male,61.4,1.71,Weight Loss,Oatmeal,326.0,9.0,45.0,3.0,Banku_and_Tilapia_with_Hot_Pepper,558.0,42.0,58.0,12.0,Red-Red_(Beans_and_Plantain_with_red_oil),482.0,31.0,52.0,12.0,Atsoomo_(Chin-Chin),307.38,5.91,36.59,10.85,1673.38,87.91,191.59,37.85
24,Male,59.9,1.76,Weight Loss,Oatmeal,336.42,9.46,47.78,5.3,Boiled_Plantain/Yam_and_Garden_egg_stew,528.0,18.0,63.0,8.0,Kenkey_and_Fried_Fish_with_Hot_Pepper,662.0,39.0,46.0,13.0,Atsoomo_(Chin-Chin),307.38,5.91,36.59,10.85,1833.8,72.37,193.37,37.15
61,Male,65.3,1.71,Weight Loss,Rice_water_and_bread,304.0,8.0,47.0,3.0,Tuo_Zaafi_with_Meat_Stew,685.0,34.0,61.0,9.0,Angwamu_(Oil_Rice)_with_Hot_Pepper_and_Egg,615.79,38.98,64.77,13.31,Atsoomo_(Chin-Chin),320.0,3.0,28.0,12.0,1924.79,83.98,200.77,37.31
60,Female,74.7,1.59,Muscle Gain,Koko_with_Bofroat_(corn_dough_porridge_with_buffloaf),380.0,12.0,52.0,10.0,Jollof_Rice_with_Chicken,778.0,43.0,73.0,19.0,Banku_with_Okra_Soup,602.0,38.0,77.0,13.0,Kofi_Brokeman_(Roasted_Plantain_with_Groundnut),266.0,7.0,45.0,9.0,2026.0,100.0,247.0,51.0
68,Male,64.4,1.68,Weight Loss,Hausa_Koko_(millet_porridge)_with_Koose,354.0,14.0,44.0,4.0,Boiled_Plantain/Yam_and_Garden_egg_stew,464.0,19.0,56.0,4.0,Banku_and_Tilapia_with_Hot_Pepper,652.0,40.0,50.0,9.0,Atsoomo_(Chin-Chin),307.38,5.91,36.59,10.85,1777.38,78.91,186.59,27.85
42,Male,66.7,1.68,Weight Loss,Tea/Milo/Coffee_with_bread,272.0,6.0,35.0,5.0,Kenkey_and_Fried_Fish_with_Hot_Pepper,614.0,40.0,59.0,16.0,Waakye_and_Fish_with_egg,611.0,42.0,55.0,8.0,Atsoomo_(Chin-Chin),307.38,5.91,36.59,10.85,1804.38,93.91,185.59,39.85
20,Female,58.4,1.62,Weight Loss,Tom_Brown_and_bread,330.0,9.0,61.0,4.0,Kenkey_and_Fried_Fish_with_Hot_Pepper,636.0,35.0,60.0,15.0,Banku_and_Tilapia_with_Hot_Pepper,585.0,35.0,53.0,10.0,Roasted/Boiled_Maize_with_Coconut,281.0,6.0,40.0,6.0,1832.0,85.0,214.0,35.0
48,Female,54.1,1.58,Weight Loss,White_porridge_and_bread,331.0,6.0,43.0,4.0,Jollof_Rice_with_Chicken,619.2,39.43,64.97,13.31,Angwamu_(Oil_Rice)_with_Hot_Pepper_and_Egg,615.79,38.98,64.77,13.31,Atsoomo_(Chin-Chin),307.38,5.91,36.59,10.85,1873.37,90.32,209.33,41.47
14,Female,36.5,1.16,Weight Loss,Oatmeal,250.0,12.0,34.0,4.0,Plain_Rice_with_Chicken,553.0,48.0,57.0,13.0,Banku_with_Okra_Soup,551.0,37.0,68.0,8.0,Roasted/Boiled_Maize_with_Coconut,196.0,7.0,35.0,5.0,1550.0,104.0,194.0,30.0
22,Male,82.6,1.78,Muscle Gain,Koko_with_Bofroat_(corn_dough_porridge_with_buffloaf),534.0,10.0,61.0,8.0,Banku_and_Tilapia_with_Hot_Pepper,672.0,43.0,58.0,16.0,Waakye_and_Fish_with_egg,854.0,50.0,70.0,12.0,Plantain_Chips,381.0,3.0,46.0,12.0,2441.0,106.0,235.0,48.0
41,Female,71.9,1.59,Muscle Gain,Oatmeal,336.42,9.46,47.78,5.3,Tuo_Zaafi_with_Meat_Stew,658.0,34.0,80.0,15.0,Plain_Rice_with_Chicken,744.0,55.0,79.0,16.0,Atsoomo_(Chin-Chin),307.38,5.91,36.59,10.85,2045.8,104.37,243.37,47.15
45,Female,58.2,1.62,Weight Loss,White_porridge_and_bread,285.0,7.0,47.0,4.0,Jollof_Rice_with_Chicken,619.2,39.43,64.97,13.31,Angwamu_(Oil_Rice)_with_Hot_Pepper_and_Egg,615.79,38.98,64.77,13.31,Atsoomo_(Chin-Chin),307.38,5.91,36.59,10.85,1827.37,91.32,213.33,41.47
53,Female,57.1,1.53,Weight Loss,Rice_water_and_bread,328.0,7.0,50.0,3.0,Jollof_Rice_with_Chicken,619.2,39.43,64.97,13.31,Boiled_Plantain/Yam_and_Garden_egg_stew,547.0,17.0,50.0,8.0,Atsoomo_(Chin-Chin),307.38,5.91,36.59,10.85,1801.58,69.34,201.56,35.16
37,Female,51.5,1.64,Weight Loss,Oatmeal,284.0,10.0,38.0,4.0,Plain_Rice_with_Chicken,711.0,39.0,54.0,13.0,Angwamu_(Oil_Rice)_with_Hot_Pepper_and_Egg,615.79,38.98,64.77,13.31,Atsoomo_(Chin-Chin),307.38,5.91,36.59,10.85,1918.17,93.89,193.36,41.16
23,Female,58.0,1.53,Weight Loss,Tom_Brown_and_bread,384.0,8.0,59.0,4.0,Fufu_with_Light_Soup_with_Goat_Meat,578.0,34.0,75.0,9.0,Banku_and_Tilapia_with_Hot_Pepper,541.0,41.0,65.0,11.0,Nkatie_Cake_(Groundnut_Cake),351.0,10.0,21.0,13.0,1854.0,93.0,220.0,37.0
83,Male,60.3,1.63,Weight Loss,Hausa_Koko_(millet_porridge)_with_Koose,396.0,11.0,37.0,4.0,Waakye_and_Fish_with_egg,668.0,49.0,67.0,7.0,Boiled_Plantain/Yam_and_Garden_egg_stew,405.0,23.0,54.0,5.0,Atsoomo_(Chin-Chin),307.38,5.91,36.59,10.85,1776.38,88.91,194.59,26.85
47,Female,78.0,1.67,Muscle Gain,Oatmeal,297.0,12.0,50.0,5.0,Jollof_Rice_with_Chicken,861.0,54.0,96.0,19.0,Kenkey_and_Fried_Fish_with_Hot_Pepper,613.0,45.0,52.0,20.0,Atsoomo_(Chin-Chin),421.0,3.0,31.0,22.0,2192.0,114.0,229.0,66.0
42,Female,76.2,1.61,Muscle Gain,Hausa_Koko_(millet_porridge)_with_Koose,349.0,13.0,43.0,9.0,Boiled_Plantain/Yam_and_Garden_egg_stew,583.0,26.0,56.0,9.0,Jollof_Rice_with_Chicken,866.0,40.0,84.0,17.0,Plantain_Chips,352.0,3.0,49.0,13.0,2150.0,82.0,232.0,48.0
41,Male,66.6,1.64,Weight Loss,White_porridge_and_bread,338.0,7.0,50.0,4.0,Boiled_Plantain/Yam_and_Garden_egg_stew,497.0,23.0,51.0,6.0,Tuo_Zaafi_with_Meat_Stew,696.0,31.0,74.0,9.0,Roasted/Boiled_Maize_with_Coconut,300.0,5.0,38.0,5.0,1831.0,66.0,213.0,24.0
5,Female,35.3,1.0,Muscle Gain,Tom_Brown_and_bread,284.0,10.0,68.0,5.0,Boiled_Plantain/Yam_and_Garden_egg_stew,425.0,30.0,56.0,10.0,Kenkey_and_Fried_Fish_with_Hot_Pepper,540.0,46.0,61.0,20.0,Atsoomo_(Chin-Chin),307.38,5.91,36.59,10.85,1556.38,91.91,221.59,45.85
75,Female,70.2,1.53,Muscle Gain,Oatmeal,298.0,13.0,45.0,4.0,Banku_and_Tilapia_with_Hot_Pepper,556.0,45.0,72.0,13.0,Angwamu_(Oil_Rice)_with_Hot_Pepper_and_Egg,529.0,31.0,54.0,15.0,Plantain_Chips,271.0,3.0,39.0,9.0,1654.0,92.0,210.0,41.0
41,Male,74.2,1.63,Muscle Gain,Oatmeal,336.42,9.46,47.78,5.3,Banku_and_Tilapia_with_Hot_Pepper,625.0,43.0,62.0,14.0,Banku_with_Okra_Soup,631.0,33.0,78.0,11.0,Atsoomo_(Chin-Chin),307.38,5.91,36.59,10.85,1899.8,91.37,224.37,41.15
57,Male,66.7,1.74,Weight Loss,Oatmeal,347.0,11.0,43.0,3.0,Red-Red_(Beans_and_Plantain_with_red_oil),557.0,31.0,46.0,14.0,Banku_with_Okra_Soup,564.0,30.0,72.0,8.0,Atsoomo_(Chin-Chin),307.38,5.91,36.59,10.85,1775.38,77.91,197.59,35.85
19,Female,65.0,1.65,Weight Loss,Hausa_Koko_(millet_porridge)_with_Koose,365.0,12.0,40.0,5.0,Angwamu_(Oil_Rice)_with_Hot_Pepper_and_Egg,564.0,25.0,46.0,17.0,Angwamu_(Oil_Rice)_with_Hot_Pepper_and_Egg,615.79,38.98,64.77,13.31,Plantain_Chips,249.0,3.0,41.0,9.0,1793.79,78.98,191.77,44.31
25,Male,65.0,1.68,Weight Loss,Tom_Brown_and_bread,438.0,7.0,61.0,4.0,Kenkey_and_Fried_Fish_with_Hot_Pepper,585.0,38.0,46.0,13.0,Plain_Rice_with_Chicken,810.0,55.0,58.0,12.0,Atsoomo_(Chin-Chin),307.38,5.91,36.59,10.85,2140.38,105.91,201.59,39.85
73,Male,74.8,1.68,Muscle Gain,Rice_water_and_bread,365.0,9.0,59.0,4.0,Banku_and_Tilapia_with_Hot_Pepper,546.0,49.0,56.0,12.0,Plain_Rice_with_Chicken,740.0,63.0,72.0,15.0,Atsoomo_(Chin-Chin),307.38,5.91,36.59,10.85,1958.38,126.91,223.59,41.85
14,Male,40.2,1.25,Weight Loss,Oatmeal,336.42,9.46,47.78,5.3,Jollof_Rice_with_Chicken,678.0,49.0,72.0,16.0,Plain_Rice_with_Chicken,515.0,53.0,64.0,12.0,Nkatie_Cake_(Groundnut_Cake),280.0,13.0,19.0,14.0,1809.42,124.46,202.78,47.3
14,Female,44.8,1.2,Muscle Gain,Rice_water_and_bread,264.0,10.0,47.0,4.0,Banku_and_Tilapia_with_Hot_Pepper,458.0,48.0,63.0,12.0,Fufu_with_Light_Soup_with_Goat_Meat,579.0,55.0,80.0,14.0,Atsoomo_(Chin-Chin),307.38,5.91,36.59,10.85,1608.38,118.91,226.59,40.85
47,Female,55.9,1.61,Weight Loss,Tom_Brown_and_bread,358.0,9.0,52.0,4.0,Banku_and_Tilapia_with_Hot_Pepper,570.0,36.0,53.0,13.0,Angwamu_(Oil_Rice)_with_Hot_Pepper_and_Egg,495.0,24.0,45.0,16.0,Atsoomo_(Chin-Chin),307.38,5.91,36.59,10.85,1730.38,74.91,186.59,43.85
42,Female,59.7,1.61,Weight Loss,Koko_with_Bofroat_(corn_dough_porridge_with_buffloaf),392.0,9.0,49.0,8.0,Kenkey_and_Fried_Fish_with_Hot_Pepper,545.0,32.0,57.0,13.0,Banku_with_Okra_Soup,558.0,28.0,75.0,10.0,Atsoomo_(Chin-Chin),307.38,5.91,36.59,10.85,1802.38,74.91,217.59,41.85
73,Female,67.2,1.54,Muscle Gain,White_porridge_and_bread,289.0,7.0,47.0,5.0,Angwamu_(Oil_Rice)_with_Hot_Pepper_and_Egg,485.0,27.0,55.0,21.0,Jollof_Rice_with_Chicken,756.0,54.0,91.0,14.0,Atsoomo_(Chin-Chin),307.38,5.91,36.59,10.85,1837.38,93.91,229.59,50.85
41,Female,63.7,1.65,Weight Loss,Hausa_Koko_(millet_porridge)_with_Koose,363.0,10.0,45.0,6.0,Jollof_Rice_with_Chicken,619.2,39.43,64.97,13.31,Angwamu_(Oil_Rice)_with_Hot_Pepper_and_Egg,615.79,38.98,64.77,13.31,Atsoomo_(Chin-Chin),307.38,5.91,36.59,10.85,1905.37,94.32,211.33,43.47
37,Male,76.6,1.68,Muscle Gain,Oatmeal,321.0,9.0,43.0,4.0,Fufu_with_Light_Soup_with_Goat_Meat,902.0,42.0,76.0,15.0,Angwamu_(Oil_Rice)_with_Hot_Pepper_and_Egg,669.0,30.0,62.0,20.0,Nkatie_Cake_(Groundnut_Cake),385.0,14.0,27.0,20.0,2277.0,95.0,208.0,59.0
27,Female,65.3,1.64,Weight Loss,Tom_Brown_and_bread,340.0,7.0,50.0,4.0,Boiled_Plantain/Yam_and_Garden_egg_stew,479.0,17.0,54.0,8.0,Tuo_Zaafi_with_Meat_Stew,644.0,34.0,57.0,11.0,Kofi_Brokeman_(Roasted_Plantain_with_Groundnut),280.0,7.0,40.0,8.0,1743.0,65.0,201.0,31.0
53,Male,63.0,1.67,Weight Loss,Rice_water_and_bread,331.0,7.0,55.0,4.0,Jollof_Rice_with_Chicken,843.0,37.0,71.0,16.0,Banku_with_Okra_Soup,638.0,31.0,68.0,9.0,Kofi_Brokeman_(Roasted_Plantain_with_Groundnut),310.0,6.0,36.0,8.0,2122.0,81.0,230.0,37.0
64,Male,74.9,1.7,Muscle Gain,Tom_Brown_and_bread,359.0,9.0,56.0,5.0,Banku_with_Okra_Soup,718.0,33.0,73.0,10.0,Banku_and_Tilapia_with_Hot_Pepper,565.0,44.0,59.0,12.0,Atsoomo_(Chin-Chin),389.0,4.0,32.0,16.0,2031.0,90.0,220.0,43.0
43,Male,60.3,1.75,Weight Loss,Oatmeal,269.0,11.0,36.0,4.0,Waakye_and_Fish_with_egg,748.0,50.0,55.0,8.0,Angwamu_(Oil_Rice)_with_Hot_Pepper_and_Egg,615.79,38.98,64.77,13.31,Nkatie_Cake_(Groundnut_Cake),385.0,11.0,19.0,13.0,2017.79,110.98,174.77,38.31
45,Male,83.1,1.65,Muscle Gain,Rice_water_and_bread,314.0,8.0,57.0,5.0,Waakye_and_Fish_with_egg,783.0,46.0,72.0,11.0,Jollof_Rice_with_Chicken,861.0,49.0,81.0,19.0,Atsoomo_(Chin-Chin),307.38,5.91,36.59,10.85,2265.38,108.91,246.59,45.85
16,Female,44.6,1.27,Weight Loss,Tom_Brown_and_bread,249.0,9.0,59.0,4.0,Kenkey_and_Fried_Fish_with_Hot_Pepper,507.0,36.0,46.0,13.0,Plain_Rice_with_Chicken,590.0,52.0,67.0,15.0,Atsoomo_(Chin-Chin),307.38,5.91,36.59,10.85,1653.38,102.91,208.59,42.85
78,Female,67.2,1.56,Muscle Gain,White_porridge_and_bread,312.0,8.0,62.0,5.0,Angwamu_(Oil_Rice)_with_Hot_Pepper_and_Egg,490.0,31.0,64.0,17.0,Boiled_Plantain/Yam_and_Garden_egg_stew,501.0,24.0,66.0,7.0,Atsoomo_(Chin-Chin),307.38,5.91,36.59,10.85,1610.38,68.91,228.59,39.85
45,Male,65.2,1.76,Weight Loss,White_porridge_and_bread,303.0,7.0,52.0,4.0,Angwamu_(Oil_Rice)_with_Hot_Pepper_and_Egg,540.0,30.0,45.0,15.0,Banku_with_Okra_Soup,674.0,36.0,60.0,8.0,Atsoomo_(Chin-Chin),307.38,5.91,36.59,10.85,1824.38,78.91,193.59,37.85
26,Female,64.8,1.64,Muscle Gain,Oatmeal,336.42,9.46,47.78,5.3,Banku_with_Okra_Soup,644.0,40.0,69.0,11.0,Plain_Rice_with_Chicken,700.0,49.0,78.0,20.0,Atsoomo_(Chin-Chin),307.38,5.91,36.59,10.85,1987.8,104.37,231.37,47.15
64,Female,56.9,1.6,Weight Loss,Koko_with_Bofroat_(corn_dough_porridge_with_buffloaf),355.0,9.0,54.0,6.0,Boiled_Plantain/Yam_and_Garden_egg_stew,397.0,17.0,50.0,4.0,Angwamu_(Oil_Rice)_with_Hot_Pepper_and_Egg,533.0,26.0,47.0,16.0,Atsoomo_(Chin-Chin),307.38,5.91,36.59,10.85,1592.38,57.91,187.59,36.85
38,Female,52.3,1.58,Weight Loss,Koko_with_Bofroat_(corn_dough_porridge_with_buffloaf),392.0,9.0,55.0,6.0,Angwamu_(Oil_Rice)_with_Hot_Pepper_and_Egg,473.0,22.0,61.0,19.0,Red-Red_(Beans_and_Plantain_with_red_oil),471.0,26.0,50.0,15.0,Atsoomo_(Chin-Chin),307.38,5.91,36.59,10.85,1643.38,62.91,202.59,50.85
30,Male,71.4,1.7,Muscle Gain,White_porridge_and_bread,336.0,7.0,54.0,6.0,Tuo_Zaafi_with_Meat_Stew,784.0,34.0,80.0,14.0,Waakye_and_Fish_with_egg,837.0,54.0,76.0,12.0,Kofi_Brokeman_(Roasted_Plantain_with_Groundnut),332.0,7.0,39.0,10.0,2289.0,102.0,249.0,42.0
41,Male,65.2,1.66,Weight Loss,Tea/Milo/Coffee_with_bread,338.0,5.0,35.0,6.0,Fufu_with_Light_Soup_with_Goat_Meat,690.0,35.0,68.0,12.0,Angwamu_(Oil_Rice)_with_Hot_Pepper_and_Egg,615.79,38.98,64.77,13.31,Plantain_Chips,262.0,3.0,44.0,10.0,1905.79,81.98,211.77,41.31
8,Female,33.9,1.0,Weight Loss,Hausa_Koko_(millet_porridge)_with_Koose,261.0,13.0,42.0,6.0,Boiled_Plantain/Yam_and_Garden_egg_stew,369.0,21.0,62.0,7.0,Tuo_Zaafi_with_Meat_Stew,457.0,32.0,63.0,11.0,Atsoomo_(Chin-Chin),307.38,5.91,36.59,10.85,1394.38,71.91,203.59,34.85
54,Female,56.3,1.59,Weight Loss,Oatmeal,244.0,10.0,41.0,4.0,Fufu_with_Light_Soup_with_Goat_Meat,633.0,32.0,72.0,12.0,Banku_with_Okra_Soup,600.0,30.0,57.0,8.0,Plantain_Chips,285.0,3.0,36.0,9.0,1762.0,75.0,206.0,33.0
57,Female,57.2,1.61,Weight Loss,White_porridge_and_bread,360.0,7.0,49.0,4.0,Red-Red_(Beans_and_Plantain_with_red_oil),507.0,27.0,45.0,14.0,Waakye_and_Fish_with_egg,594.0,46.0,66.0,9.0,Atsoomo_(Chin-Chin),307.38,5.91,36.59,10.85,1768.38,85.91,196.59,37.85
39,Male,82.5,1.78,Muscle Gain,Hausa_Koko_(millet_porridge)_with_Koose,425.0,14.0,39.0,8.0,Jollof_Rice_with_Chicken,916.0,57.0,91.0,22.0,Banku_with_Okra_Soup,782.0,43.0,74.0,10.0,Atsoomo_(Chin-Chin),307.38,5.91,36.59,10.85,2430.38,119.91,240.59,50.85
13,Female,34.0,1.18,Weight Loss,Oatmeal,231.0,12.0,42.0,4.0,Red-Red_(Beans_and_Plantain_with_red_oil),400.0,34.0,52.0,13.0,Banku_with_Okra_Soup,443.0,37.0,75.0,8.0,Plantain_Chips,195.0,3.0,36.0,8.0,1269.0,86.0,205.0,33.0
24,Female,62.4,1.5,Weight Loss,Rice_water_and_bread,268.0,6.0,51.0,3.0,Kenkey_and_Fried_Fish_with_Hot_Pepper,525.0,37.0,51.0,16.0,Waakye_and_Fish_with_egg,600.0,43.0,54.0,9.0,Plantain_Chips,315.0,3.0,43.0,8.0,1708.0,89.0,199.0,36.0
84,Female,55.4,1.51,Weight Loss,Hausa_Koko_(millet_porridge)_with_Koose,295.0,12.0,44.0,4.0,Boiled_Plantain/Yam_and_Garden_egg_stew,424.0,22.0,52.0,5.0,Angwamu_(Oil_Rice)_with_Hot_Pepper_and_Egg,533.0,21.0,59.0,12.0,Atsoomo_(Chin-Chin),307.38,5.91,36.59,10.85,1559.38,60.91,191.59,31.85
49,Female,65.0,1.57,Weight Loss,Tom_Brown_and_bread,362.0,9.0,53.0,4.0,Banku_with_Okra_Soup,559.0,29.0,76.0,8.0,Plain_Rice_with_Chicken,652.0,40.0,66.0,16.0,Atsoomo_(Chin-Chin),307.38,5.91,36.59,10.85,1880.38,83.91,231.59,38.85
57,Female,79.3,1.61,Muscle Gain,Oatmeal,349.0,10.0,45.0,4.0,Boiled_Plantain/Yam_and_Garden_egg_stew,517.0,20.0,57.0,9.0,Red-Red_(Beans_and_Plantain_with_red_oil),512.0,37.0,59.0,15.0,Atsoomo_(Chin-Chin),307.38,5.91,36.59,10.85,1685.38,72.91,197.59,38.85
16,Male,44.9,1.32,Weight Loss,Tom_Brown_and_bread,264.0,9.0,45.0,4.0,Tuo_Zaafi_with_Meat_Stew,625.0,46.0,70.0,12.0,Angwamu_(Oil_Rice)_with_Hot_Pepper_and_Egg,615.79,38.98,64.77,13.31,Agbelikaklo_with_Coconut,294.0,6.0,45.0,8.0,1798.79,99.98,224.77,37.31
77,Male,56.8,1.67,Weight Loss,Tom_Brown_and_bread,390.0,7.0,55.0,4.0,Waakye_and_Fish_with_egg,676.0,46.0,68.0,8.0,Boiled_Plantain/Yam_and_Garden_egg_stew,490.0,22.0,65.0,4.0,Atsoomo_(Chin-Chin),307.38,5.91,36.59,10.85,1863.38,80.91,224.59,26.85
7,Female,34.7,1.0,Weight Loss,Oatmeal,336.42,9.46,47.78,5.3,Jollof_Rice_with_Chicken,619.2,39.43,64.97,13.31,Jollof_Rice_with_Chicken,550.0,43.0,79.0,17.0,Atsoomo_(Chin-Chin),307.38,5.91,36.59,10.85,1813.0,97.8,228.34,46.46
24,Male,63.3,1.69,Weight Loss,Oatmeal,336.42,9.46,47.78,5.3,Jollof_Rice_with_Chicken,619.2,39.43,64.97,13.31,Angwamu_(Oil_Rice)_with_Hot_Pepper_and_Egg,615.79,38.98,64.77,13.31,Atsoomo_(Chin-Chin),307.38,5.91,36.59,10.85,1878.79,93.78,214.11,42.77
6,Female,30.8,1.0,Weight Loss,Rice_water_and_bread,265.0,8.0,48.0,4.0,Red-Red_(Beans_and_Plantain_with_red_oil),414.0,37.0,43.0,14.0,Kenkey_and_Fried_Fish_with_Hot_Pepper,431.0,38.0,48.0,16.0,Atsoomo_(Chin-Chin),307.38,5.91,36.59,10.85,1417.38,88.91,175.59,44.85
8,Female,47.0,1.01,Muscle Gain,Oatmeal,250.0,15.0,47.0,4.0,Jollof_Rice_with_Chicken,619.2,39.43,64.97,13.31,Angwamu_(Oil_Rice)_with_Hot_Pepper_and_Egg,488.0,30.0,53.0,22.0,Atsoomo_(Chin-Chin),307.38,5.91,36.59,10.85,1664.58,90.34,201.56,50.16
69,Female,58.5,1.58,Weight Loss,Hausa_Koko_(millet_porridge)_with_Koose,310.0,11.0,42.0,4.0,Angwamu_(Oil_Rice)_with_Hot_Pepper_and_Egg,485.0,25.0,50.0,12.0,Banku_and_Tilapia_with_Hot_Pepper,518.0,40.0,62.0,10.0,Atsoomo_(Chin-Chin),307.38,5.91,36.59,10.85,1620.38,81.91,190.59,36.85
50,Male,76.6,1.73,Muscle Gain,White_porridge_and_bread,360.0,8.0,49.0,6.0,Banku_with_Okra_Soup,756.0,34.0,78.0,10.0,Red-Red_(Beans_and_Plantain_with_red_oil),585.0,39.0,48.0,15.0,Atsoomo_(Chin-Chin),307.38,5.91,36.59,10.85,2008.38,86.91,211.59,41.85
29,Male,68.7,1.72,Weight Loss,Hausa_Koko_(millet_porridge)_with_Koose,409.0,13.0,45.0,6.0,Banku_and_Tilapia_with_Hot_Pepper,700.0,38.0,62.0,12.0,Jollof_Rice_with_Chicken,688.0,39.0,78.0,14.0,Nkatie_Cake_(Groundnut_Cake),343.0,11.0,19.0,16.0,2140.0,101.0,204.0,48.0
43,Female,80.6,1.62,Muscle Gain,Tom_Brown_and_bread,423.0,10.0,67.0,6.0,Banku_and_Tilapia_with_Hot_Pepper,661.0,42.0,60.0,17.0,Angwamu_(Oil_Rice)_with_Hot_Pepper_and_Egg,552.0,25.0,68.0,22.0,Nkatie_Cake_(Groundnut_Cake),344.0,9.0,22.0,15.0,1980.0,86.0,217.0,60.0
45,Male,67.0,1.75,Weight Loss,Tea/Milo/Coffee_with_bread,348.0,6.0,36.0,5.0,Red-Red_(Beans_and_Plantain_with_red_oil),614.0,30.0,42.0,16.0,Boiled_Plantain/Yam_and_Garden_egg_stew,525.0,18.0,52.0,7.0,Atsoomo_(Chin-Chin),307.38,5.91,36.59,10.85,1794.38,59.91,166.59,38.85
33,Male,81.2,1.72,Muscle Gain,Tea/Milo/Coffee_with_bread,382.0,7.0,40.0,8.0,Kenkey_and_Fried_Fish_with_Hot_Pepper,711.0,40.0,59.0,22.0,Boiled_Plantain/Yam_and_Garden_egg_stew,573.0,27.0,67.0,11.0,Roasted/Boiled_Maize_with_Coconut,316.0,6.0,35.0,8.0,1982.0,80.0,201.0,49.0
5,Male,30.0,1.0,Weight Loss,Oatmeal,233.0,13.0,35.0,3.0,Angwamu_(Oil_Rice)_with_Hot_Pepper_and_Egg,454.0,34.0,51.0,14.0,Fufu_with_Light_Soup_with_Goat_Meat,509.0,41.0,72.0,10.0,Atsoomo_(Chin-Chin),307.38,5.91,36.59,10.85,1503.38,93.91,194.59,37.85
48,Female,55.5,1.63,Weight Loss,White_porridge_and_bread,347.0,6.0,54.0,4.0,Jollof_Rice_with_Chicken,769.0,43.0,73.0,17.0,Angwamu_(Oil_Rice)_with_Hot_Pepper_and_Egg,533.0,27.0,58.0,15.0,Atsoomo_(Chin-Chin),307.38,5.91,36.59,10.85,1956.38,81.91,221.59,46.85
23,Male,77.6,1.7,Muscle Gain,Hausa_Koko_(millet_porridge)_with_Koose,475.0,14.0,38.0,8.0,Angwamu_(Oil_Rice)_with_Hot_Pepper_and_Egg,617.0,30.0,68.0,23.0,Kenkey_and_Fried_Fish_with_Hot_Pepper,592.0,43.0,59.0,22.0,Atsoomo_(Chin-Chin),307.38,5.91,36.59,10.85,1991.38,92.91,201.59,63.85
81,Female,57.2,1.5,Weight Loss,Oatmeal,336.42,9.46,47.78,5.3,Red-Red_(Beans_and_Plantain_with_red_oil),441.0,24.0,49.0,13.0,Waakye_and_Fish_with_egg,482.0,38.0,58.0,8.0,Plantain_Chips,275.0,3.0,45.0,6.0,1534.42,74.46,199.78,32.3
37,Male,72.3,1.8,Muscle Gain,Koko_with_Bofroat_(corn_dough_porridge_with_buffloaf),442.0,10.0,63.0,9.0,Fufu_with_Light_Soup_with_Goat_Meat,864.0,50.0,78.0,15.0,Red-Red_(Beans_and_Plantain_with_red_oil),609.0,31.0,47.0,19.0,Atsoomo_(Chin-Chin),307.38,5.91,36.59,10.85,2222.38,96.91,224.59,53.85
56,Male,73.8,1.65,Muscle Gain,Rice_water_and_bread,353.0,8.0,56.0,5.0,Jollof_Rice_with_Chicken,619.2,39.43,64.97,13.31,Red-Red_(Beans_and_Plantain_with_red_oil),638.0,32.0,55.0,17.0,Atsoomo_(Chin-Chin),307.38,5.91,36.59,10.85,1917.58,85.34,212.56,46.16
47,Male,80.0,1.63,Muscle Gain,Koko_with_Bofroat_(corn_dough_porridge_with_buffloaf),534.0,10.0,57.0,9.0,Plain_Rice_with_Chicken,843.0,57.0,65.0,19.0,Kenkey_and_Fried_Fish_with_Hot_Pepper,765.0,46.0,51.0,21.0,Agbelikaklo_with_Coconut,347.0,4.0,42.0,8.0,2489.0,117.0,215.0,57.0
39,Male,65.6,1.61,Weight Loss,Hausa_Koko_(millet_porridge)_with_Koose,397.0,13.0,40.0,5.0,Angwamu_(Oil_Rice)_with_Hot_Pepper_and_Egg,667.0,29.0,61.0,17.0,Tuo_Zaafi_with_Meat_Stew,682.0,29.0,71.0,12.0,Atsoomo_(Chin-Chin),391.0,3.0,32.0,13.0,2137.0,74.0,204.0,47.0
54,Male,77.2,1.66,Muscle Gain,Rice_water_and_bread,404.0,9.0,63.0,4.0,Angwamu_(Oil_Rice)_with_Hot_Pepper_and_Egg,743.0,30.0,66.0,21.0,Angwamu_(Oil_Rice)_with_Hot_Pepper_and_Egg,615.79,38.98,64.77,13.31,Atsoomo_(Chin-Chin),456.0,4.0,33.0,19.0,2218.79,81.98,226.77,57.31
27,Female,59.0,1.55,Weight Loss,Hausa_Koko_(millet_porridge)_with_Koose,330.0,10.0,34.0,7.0,Boiled_Plantain/Yam_and_Garden_egg_stew,408.0,20.0,57.0,6.0,Fufu_with_Light_Soup_with_Goat_Meat,698.0,30.0,65.0,10.0,Agbelikaklo_with_Coconut,291.0,4.0,49.0,8.0,1727.0,64.0,205.0,31.0
67,Male,74.9,1.7,Muscle Gain,White_porridge_and_bread,372.0,8.0,51.0,4.0,Waakye_and_Fish_with_egg,589.0,57.0,74.0,10.0,Jollof_Rice_with_Chicken,754.0,55.0,77.0,17.0,Atsoomo_(Chin-Chin),307.38,5.91,36.59,10.85,2022.38,125.91,238.59,41.85
14,Female,39.4,1.19,Weight Loss,Tom_Brown_and_bread,284.0,10.0,52.0,4.0,Kenkey_and_Fried_Fish_with_Hot_Pepper,433.0,40.0,54.0,13.0,Tuo_Zaafi_with_Meat_Stew,459.0,32.0,69.0,9.0,Atsoomo_(Chin-Chin),307.38,5.91,36.59,10.85,1483.38,87.91,211.59,36.85
80,Female,69.0,1.57,Muscle Gain,Tea/Milo/Coffee_with_bread,244.0,7.0,39.0,6.0,Boiled_Plantain/Yam_and_Garden_egg_stew,537.0,24.0,59.0,9.0,Tuo_Zaafi_with_Meat_Stew,711.0,32.0,70.0,11.0,Atsoomo_(Chin-Chin),307.38,5.91,36.59,10.85,1799.38,68.91,204.59,36.85
56,Male,62.7,1.73,Weight Loss,Oatmeal,316.0,9.0,42.0,4.0,Boiled_Plantain/Yam_and_Garden_egg_stew,585.0,23.0,55.0,6.0,Banku_with_Okra_Soup,706.0,31.0,65.0,9.0,Atsoomo_(Chin-Chin),307.38,5.91,36.59,10.85,1914.38,68.91,198.59,29.85
46,Female,62.6,1.58,Weight Loss,Oatmeal,317.0,10.0,41.0,4.0,Fufu_with_Light_Soup_with_Goat_Meat,719.0,38.0,74.0,12.0,Angwamu_(Oil_Rice)_with_Hot_Pepper_and_Egg,615.79,38.98,64.77,13.31,Atsoomo_(Chin-Chin),323.0,3.0,33.0,16.0,1974.79,89.98,212.77,45.31
42,Female,73.3,1.58,Muscle Gain,Oatmeal,345.0,9.0,41.0,4.0,Red-Red_(Beans_and_Plantain_with_red_oil),524.0,28.0,62.0,20.0,Banku_with_Okra_Soup,645.0,38.0,81.0,10.0,Atsoomo_(Chin-Chin),307.38,5.91,36.59,10.85,1821.38,80.91,220.59,44.85
17,Male,49.9,1.35,Weight Loss,Rice_water_and_bread,240.0,8.0,45.0,4.0,Banku_and_Tilapia_with_Hot_Pepper,524.0,52.0,59.0,10.0,Waakye_and_Fish_with_egg,564.0,55.0,65.0,10.0,Atsoomo_(Chin-Chin),307.38,5.91,36.59,10.85,1635.38,120.91,205.59,34.85
43,Male,74.0,1.72,Muscle Gain,Rice_water_and_bread,309.0,10.0,49.0,5.0,Plain_Rice_with_Chicken,786.0,50.0,74.0,20.0,Tuo_Zaafi_with_Meat_Stew,867.0,42.0,76.0,15.0,Atsoomo_(Chin-Chin),307.38,5.91,36.59,10.85,2269.38,107.91,235.59,50.85
40,Male,78.6,1.78,Muscle Gain,Oatmeal,371.0,10.0,51.0,5.0,Jollof_Rice_with_Chicken,949.0,44.0,78.0,19.0,Angwamu_(Oil_Rice)_with_Hot_Pepper_and_Egg,590.0,27.0,51.0,20.0,Atsoomo_(Chin-Chin),307.38,5.91,36.59,10.85,2217.38,86.91,216.59,54.85
59,Female,73.7,1.53,Muscle Gain,Tom_Brown_and_bread,409.0,10.0,68.0,6.0,Red-Red_(Beans_and_Plantain_with_red_oil),608.0,30.0,55.0,15.0,Tuo_Zaafi_with_Meat_Stew,666.0,34.0,77.0,12.0,Atsoomo_(Chin-Chin),307.38,5.91,36.59,10.85,1990.38,79.91,236.59,43.85
12,Male,57.1,1.29,Muscle Gain,Oatmeal,308.0,13.0,43.0,5.0,Plain_Rice_with_Chicken,672.0,80.0,62.0,17.0,Banku_with_Okra_Soup,586.0,43.0,68.0,12.0,Kofi_Brokeman_(Roasted_Plantain_with_Groundnut),238.0,9.0,34.0,9.0,1804.0,145.0,207.0,43.0
68,Female,56.9,1.56,Weight Loss,Tea/Milo/Coffee_with_bread,227.0,6.0,32.0,4.0,Jollof_Rice_with_Chicken,619.2,39.43,64.97,13.31,Angwamu_(Oil_Rice)_with_Hot_Pepper_and_Egg,615.79,38.98,64.77,13.31,Atsoomo_(Chin-Chin),307.38,5.91,36.59,10.85,1769.37,90.32,198.33,41.47
5,Female,35.9,1.0,Muscle Gain,Hausa_Koko_(millet_porridge)_with_Koose,286.0,18.0,51.0,7.0,Kenkey_and_Fried_Fish_with_Hot_Pepper,426.0,51.0,52.0,22.0,Banku_and_Tilapia_with_Hot_Pepper,547.0,54.0,60.0,13.0,Atsoomo_(Chin-Chin),307.38,5.91,36.59,10.85,1566.38,128.91,199.59,52.85
13,Female,35.2,1.16,Weight Loss,Hausa_Koko_(millet_porridge)_with_Koose,240.0,15.0,36.0,5.0,Banku_with_Okra_Soup,504.0,37.0,62.0,8.0,Plain_Rice_with_Chicken,497.0,55.0,54.0,14.0,Atsoomo_(Chin-Chin),307.38,5.91,36.59,10.85,1548.38,112.91,188.59,37.85
52,Female,74.2,1.7,Muscle Gain,White_porridge_and_bread,376.0,7.0,54.0,5.0,Kenkey_and_Fried_Fish_with_Hot_Pepper,565.0,43.0,55.0,17.0,Jollof_Rice_with_Chicken,716.0,54.0,82.0,21.0,Atsoomo_(Chin-Chin),307.38,5.91,36.59,10.85,1964.38,109.91,227.59,53.85
29,Male,79.9,1.66,Muscle Gain,White_porridge_and_bread,423.0,7.0,60.0,6.0,Jollof_Rice_with_Chicken,619.2,39.43,64.97,13.31,Banku_and_Tilapia_with_Hot_Pepper,716.0,45.0,55.0,13.0,Atsoomo_(Chin-Chin),307.38,5.91,36.59,10.85,2065.58,97.34,216.56,43.16
7,Female,39.0,1.0,Muscle Gain,Tea/Milo/Coffee_with_bread,268.0,7.0,37.0,7.0,Tuo_Zaafi_with_Meat_Stew,625.0,46.0,75.0,12.0,Kenkey_and_Fried_Fish_with_Hot_Pepper,517.0,45.0,65.0,20.0,Atsoomo_(Chin-Chin),307.38,5.91,36.59,10.85,1717.38,103.91,213.59,49.85
15,Male,51.7,1.29,Muscle Gain,White_porridge_and_bread,306.0,9.0,51.0,5.0,Banku_and_Tilapia_with_Hot_Pepper,565.0,66.0,68.0,14.0,Banku_with_Okra_Soup,551.0,48.0,66.0,12.0,Nkatie_Cake_(Groundnut_Cake),295.0,15.0,22.0,20.0,1717.0,138.0,207.0,51.0
58,Female,75.7,1.58,Muscle Gain,Tea/Milo/Coffee_with_bread,343.0,7.0,34.0,8.0,Kenkey_and_Fried_Fish_with_Hot_Pepper,561.0,39.0,60.0,22.0,Plain_Rice_with_Chicken,745.0,45.0,75.0,19.0,Nkatie_Cake_(Groundnut_Cake),310.0,9.0,23.0,18.0,1959.0,100.0,192.0,67.0
40,Male,65.6,1.65,Weight Loss,Koko_with_Bofroat_(corn_dough_porridge_with_buffloaf),437.0,12.0,51.0,7.0,Kenkey_and_Fried_Fish_with_Hot_Pepper,653.0,33.0,49.0,16.0,Red-Red_(Beans_and_Plantain_with_red_oil),474.0,30.0,43.0,16.0,Kofi_Brokeman_(Roasted_Plantain_with_Groundnut),338.0,8.0,36.0,8.0,1902.0,83.0,179.0,47.0
43,Male,62.6,1.77,Weight Loss,Rice_water_and_bread,356.0,7.0,44.0,3.0,Plain_Rice_with_Chicken,812.0,45.0,70.0,12.0,Red-Red_(Beans_and_Plantain_with_red_oil),482.0,29.0,45.0,14.0,Atsoomo_(Chin-Chin),427.0,4.0,33.0,17.0,2077.0,85.0,192.0,46.0
64,Female,60.6,1.6,Weight Loss,Koko_with_Bofroat_(corn_dough_porridge_with_buffloaf),376.0,9.0,50.0,6.0,Banku_with_Okra_Soup,603.0,31.0,74.0,7.0,Tuo_Zaafi_with_Meat_Stew,513.0,34.0,70.0,8.0,Atsoomo_(Chin-Chin),307.38,5.91,36.59,10.85,1799.38,79.91,230.59,31.85
31,Female,68.1,1.62,Muscle Gain,Hausa_Koko_(millet_porridge)_with_Koose,327.0,13.0,51.0,7.0,Plain_Rice_with_Chicken,786.0,55.0,76.0,17.0,Waakye_and_Fish_with_egg,645.0,48.0,77.0,13.0,Atsoomo_(Chin-Chin),307.38,5.91,36.59,10.85,2065.38,121.91,240.59,47.85
50,Female,65.5,1.65,Weight Loss,White_porridge_and_bread,285.0,7.0,46.0,4.0,Banku_and_Tilapia_with_Hot_Pepper,505.0,32.0,53.0,10.0,Angwamu_(Oil_Rice)_with_Hot_Pepper_and_Egg,615.79,38.98,64.77,13.31,Atsoomo_(Chin-Chin),307.38,5.91,36.59,10.85,1713.17,83.89,200.36,38.16
81,Male,73.6,1.64,Muscle Gain,Tom_Brown_and_bread,424.0,9.0,64.0,5.0,Angwamu_(Oil_Rice)_with_Hot_Pepper_and_Egg,554.0,33.0,56.0,19.0,Banku_and_Tilapia_with_Hot_Pepper,651.0,50.0,56.0,10.0,Atsoomo_(Chin-Chin),307.38,5.91,36.59,10.85,1936.38,97.91,212.59,44.85
10,Male,46.6,1.16,Weight Loss,Rice_water_and_bread,300.0,8.0,42.0,4.0,Boiled_Plantain/Yam_and_Garden_egg_stew,473.0,24.0,51.0,7.0,Waakye_and_Fish_with_egg,542.0,48.0,66.0,8.0,Atsoomo_(Chin-Chin),307.38,5.91,36.59,10.85,1622.38,85.91,195.59,29.85
32,Male,78.4,1.78,Muscle Gain,Oatmeal,336.42,9.46,47.78,5.3,Banku_and_Tilapia_with_Hot_Pepper,778.0,44.0,60.0,13.0,Jollof_Rice_with_Chicken,851.0,56.0,90.0,17.0,Atsoomo_(Chin-Chin),307.38,5.91,36.59,10.85,2272.8,115.37,234.37,46.15
31,Male,58.9,1.7,Weight Loss,Hausa_Koko_(millet_porridge)_with_Koose,331.0,11.0,35.0,6.0,Jollof_Rice_with_Chicken,855.0,46.0,67.0,15.0,Waakye_and_Fish_with_egg,636.0,40.0,62.0,10.0,Atsoomo_(Chin-Chin),307.38,5.91,36.59,10.85,2129.38,102.91,200.59,41.85
28,Male,81.8,1.72,Muscle Gain,Tea/Milo/Coffee_with_bread,353.0,7.0,34.0,7.0,Fufu_with_Light_Soup_with_Goat_Meat,723.0,39.0,85.0,14.0,Tuo_Zaafi_with_Meat_Stew,691.0,36.0,65.0,14.0,Atsoomo_(Chin-Chin),307.38,5.91,36.59,10.85,2074.38,87.91,220.59,45.85
28,Male,62.0,1.62,Weight Loss,Tom_Brown_and_bread,377.0,9.0,55.0,4.0,Waakye_and_Fish_with_egg,643.0,51.0,67.0,8.0,Red-Red_(Beans_and_Plantain_with_red_oil),559.0,27.0,56.0,14.0,Atsoomo_(Chin-Chin),307.38,5.91,36.59,10.85,1886.38,92.91,214.59,36.85
59,Male,60.6,1.69,Weight Loss,Oatmeal,342.0,8.0,36.0,3.0,Waakye_and_Fish_with_egg,641.0,49.0,72.0,8.0,Kenkey_and_Fried_Fish_with_Hot_Pepper,546.0,37.0,59.0,15.0,Kofi_Brokeman_(Roasted_Plantain_with_Groundnut),275.0,7.0,36.0,8.0,1804.0,101.0,203.0,34.0
22,Female,66.4,1.66,Muscle Gain,Hausa_Koko_(millet_porridge)_with_Koose,342.0,15.0,47.0,8.0,Jollof_Rice_with_Chicken,726.0,42.0,81.0,20.0,Fufu_with_Light_Soup_with_Goat_Meat,700.0,45.0,71.0,14.0,Plantain_Chips,264.0,3.0,47.0,12.0,2032.0,105.0,246.0,54.0
33,Male,59.0,1.7,Weight Loss,Hausa_Koko_(millet_porridge)_with_Koose,383.0,12.0,44.0,4.0,Jollof_Rice_with_Chicken,619.2,39.43,64.97,13.31,Tuo_Zaafi_with_Meat_Stew,643.0,31.0,72.0,10.0,Atsoomo_(Chin-Chin),307.38,5.91,36.59,10.85,1952.58,88.34,217.56,38.16
52,Female,56.7,1.54,Weight Loss,Hausa_Koko_(millet_porridge)_with_Koose,364.0,11.0,35.0,5.0,Plain_Rice_with_Chicken,577.0,38.0,61.0,16.0,Angwamu_(Oil_Rice)_with_Hot_Pepper_and_Egg,549.0,25.0,58.0,14.0,Roasted/Boiled_Maize_with_Coconut,229.0,5.0,36.0,5.0,1719.0,79.0,190.0,40.0
38,Female,75.4,1.63,Muscle Gain,Rice_water_and_bread,289.0,8.0,56.0,4.0,Tuo_Zaafi_with_Meat_Stew,792.0,33.0,77.0,12.0,Angwamu_(Oil_Rice)_with_Hot_Pepper_and_Egg,690.0,31.0,64.0,21.0,Atsoomo_(Chin-Chin),307.38,5.91,36.59,10.85,2078.38,77.91,233.59,47.85
64,Female,71.4,1.59,Muscle Gain,Oatmeal,336.42,9.46,47.78,5.3,Banku_and_Tilapia_with_Hot_Pepper,556.0,45.0,67.0,13.0,Angwamu_(Oil_Rice)_with_Hot_Pepper_and_Egg,615.79,38.98,64.77,13.31,Atsoomo_(Chin-Chin),307.38,5.91,36.59,10.85,1815.59,99.35,216.14,42.46
54,Male,79.1,1.74,Muscle Gain,Oatmeal,336.42,9.46,47.78,5.3,Banku_with_Okra_Soup,781.0,37.0,78.0,12.0,Red-Red_(Beans_and_Plantain_with_red_oil),552.0,33.0,58.0,15.0,Agbelikaklo_with_Coconut,357.0,4.0,53.0,11.0,2026.42,83.46,236.78,43.3
83,Female,55.7,1.54,Weight Loss,Oatmeal,285.0,10.0,36.0,3.0,Waakye_and_Fish_with_egg,516.0,41.0,54.0,7.0,Jollof_Rice_with_Chicken,710.0,36.0,85.0,12.0,Atsoomo_(Chin-Chin),307.38,5.91,36.59,10.85,1818.38,92.91,211.59,32.85
75,Male,74.3,1.67,Muscle Gain,Oatmeal,275.0,13.0,46.0,3.0,Waakye_and_Fish_with_egg,574.0,61.0,75.0,11.0,Jollof_Rice_with_Chicken,772.0,58.0,87.0,16.0,Atsoomo_(Chin-Chin),369.0,4.0,33.0,15.0,1990.0,136.0,241.0,45.0
66,Male,75.7,1.71,Muscle Gain,Tea/Milo/Coffee_with_bread,272.0,6.0,45.0,5.0,Banku_and_Tilapia_with_Hot_Pepper,611.0,52.0,69.0,11.0,Plain_Rice_with_Chicken,663.0,60.0,72.0,16.0,Kofi_Brokeman_(Roasted_Plantain_with_Groundnut),287.0,8.0,45.0,7.0,1833.0,126.0,231.0,39.0
19,Male,60.9,1.69,Weight Loss,Tea/Milo/Coffee_with_bread,320.0,6.0,32.0,5.0,Boiled_Plantain/Yam_and_Garden_egg_stew,524.0,24.0,56.0,6.0,Angwamu_(Oil_Rice)_with_Hot_Pepper_and_Egg,615.79,38.98,64.77,13.31,Atsoomo_(Chin-Chin),307.38,5.91,36.59,10.85,1767.17,74.89,189.36,35.16
7,Female,40.0,1.01,Muscle Gain,Oatmeal,224.0,15.0,42.0,5.0,Jollof_Rice_with_Chicken,619.2,39.43,64.97,13.31,Banku_with_Okra_Soup,531.0,36.0,79.0,13.0,Atsoomo_(Chin-Chin),307.38,5.91,36.59,10.85,1681.58,96.34,222.56,42.16
60,Male,66.5,1.66,Weight Loss,Hausa_Koko_(millet_porridge)_with_Koose,383.0,14.0,38.0,4.0,Banku_and_Tilapia_with_Hot_Pepper,679.0,38.0,58.0,13.0,Plain_Rice_with_Chicken,808.0,45.0,54.0,13.0,Roasted/Boiled_Maize_with_Coconut,247.0,6.0,34.0,5.0,2117.0,103.0,184.0,35.0
84,Male,69.2,1.6,Muscle Gain,Oatmeal,292.0,14.0,39.0,4.0,Banku_with_Okra_Soup,690.0,33.0,83.0,10.0,Kenkey_and_Fried_Fish_with_Hot_Pepper,631.0,42.0,51.0,15.0,Roasted/Boiled_Maize_with_Coconut,280.0,6.0,43.0,5.0,1893.0,95.0,216.0,34.0
6,Male,43.7,1.02,Muscle Gain,Koko_with_Bofroat_(corn_dough_porridge_with_buffloaf),402.0,16.0,60.0,9.0,Angwamu_(Oil_Rice)_with_Hot_Pepper_and_Egg,569.0,40.0,57.0,24.0,Banku_and_Tilapia_with_Hot_Pepper,521.0,58.0,59.0,16.0,Atsoomo_(Chin-Chin),307.38,5.91,36.59,10.85,1799.38,119.91,212.59,59.85
47,Female,70.0,1.65,Muscle Gain,Oatmeal,278.0,9.0,47.0,4.0,Banku_and_Tilapia_with_Hot_Pepper,721.0,48.0,71.0,15.0,Jollof_Rice_with_Chicken,698.0,51.0,95.0,17.0,Atsoomo_(Chin-Chin),307.38,5.91,36.59,10.85,2004.38,113.91,249.59,46.85
51,Female,62.0,1.56,Weight Loss,Oatmeal,305.0,8.0,40.0,4.0,Waakye_and_Fish_with_egg,606.0,41.0,70.0,8.0,Banku_and_Tilapia_with_Hot_Pepper,597.0,41.0,55.0,12.0,Nkatie_Cake_(Groundnut_Cake),317.0,11.0,19.0,13.0,1825.0,101.0,184.0,37.0
77,Female,70.5,1.54,Muscle Gain,Oatmeal,336.42,9.46,47.78,5.3,Banku_and_Tilapia_with_Hot_Pepper,524.0,38.0,65.0,14.0,Boiled_Plantain/Yam_and_Garden_egg_stew,445.0,25.0,69.0,8.0,Kofi_Brokeman_(Roasted_Plantain_with_Groundnut),302.0,7.0,45.0,9.0,1607.42,79.46,226.78,36.3
10,Female,52.6,1.14,Muscle Gain,Koko_with_Bofroat_(corn_dough_porridge_with_buffloaf),334.0,12.0,62.0,9.0,Waakye_and_Fish_with_egg,466.0,64.0,80.0,11.0,Plain_Rice_with_Chicken,552.0,67.0,59.0,19.0,Atsoomo_(Chin-Chin),307.38,5.91,36.59,10.85,1659.38,148.91,237.59,49.85
12,Female,43.7,1.21,Weight Loss,White_porridge_and_bread,248.0,8.0,51.0,4.0,Angwamu_(Oil_Rice)_with_Hot_Pepper_and_Egg,384.0,26.0,50.0,18.0,Boiled_Plantain/Yam_and_Garden_egg_stew,422.0,22.0,65.0,7.0,Atsoomo_(Chin-Chin),307.38,5.91,36.59,10.85,1361.38,61.91,202.59,39.85
80,Male,74.2,1.66,Muscle Gain,Oatmeal,293.0,9.0,47.0,4.0,Plain_Rice_with_Chicken,622.0,66.0,64.0,17.0,Waakye_and_Fish_with_egg,733.0,50.0,73.0,10.0,Atsoomo_(Chin-Chin),307.38,5.91,36.59,10.85,1955.38,130.91,220.59,41.85
45,Female,62.9,1.61,Weight Loss,White_porridge_and_bread,292.0,7.0,54.0,4.0,Tuo_Zaafi_with_Meat_Stew,622.0,31.0,63.0,12.0,Waakye_and_Fish_with_egg,668.0,41.0,59.0,9.0,Atsoomo_(Chin-Chin),307.38,5.91,36.59,10.85,1889.38,84.91,212.59,35.85
46,Female,74.9,1.54,Muscle Gain,Hausa_Koko_(millet_porridge)_with_Koose,335.0,14.0,40.0,6.0,Banku_with_Okra_Soup,587.0,34.0,84.0,12.0,Banku_and_Tilapia_with_Hot_Pepper,581.0,51.0,72.0,15.0,Agbelikaklo_with_Coconut,352.0,6.0,51.0,11.0,1855.0,105.0,247.0,44.0
23,Female,65.9,1.65,Muscle Gain,Koko_with_Bofroat_(corn_dough_porridge_with_buffloaf),498.0,13.0,66.0,10.0,Red-Red_(Beans_and_Plantain_with_red_oil),480.0,32.0,57.0,18.0,Banku_and_Tilapia_with_Hot_Pepper,556.0,39.0,62.0,13.0,Roasted/Boiled_Maize_with_Coconut,288.0,6.0,39.0,7.0,1822.0,90.0,224.0,48.0
20,Female,63.4,1.6,Weight Loss,White_porridge_and_bread,279.0,6.0,54.0,4.0,Jollof_Rice_with_Chicken,617.0,43.0,81.0,17.0,Banku_and_Tilapia_with_Hot_Pepper,564.0,33.0,65.0,12.0,Atsoomo_(Chin-Chin),307.38,5.91,36.59,10.85,1767.38,87.91,236.59,43.85
19,Male,74.2,1.7,Muscle Gain,White_porridge_and_bread,344.0,8.0,61.0,6.0,Banku_with_Okra_Soup,695.0,42.0,65.0,12.0,Angwamu_(Oil_Rice)_with_Hot_Pepper_and_Egg,615.79,38.98,64.77,13.31,Atsoomo_(Chin-Chin),307.38,5.91,36.59,10.85,1962.17,94.89,227.36,42.16
9,Male,42.8,1.15,Weight Loss,White_porridge_and_bread,320.0,8.0,45.0,4.0,Kenkey_and_Fried_Fish_with_Hot_Pepper,554.0,44.0,58.0,17.0,Banku_with_Okra_Soup,468.0,42.0,68.0,8.0,Atsoomo_(Chin-Chin),307.38,5.91,36.59,10.85,1649.38,99.91,207.59,39.85
20,Female,59.8,1.55,Weight Loss,Tea/Milo/Coffee_with_bread,277.0,5.0,39.0,6.0,Boiled_Plantain/Yam_and_Garden_egg_stew,454.0,17.0,60.0,7.0,Kenkey_and_Fried_Fish_with_Hot_Pepper,507.0,31.0,47.0,14.0,Atsoomo_(Chin-Chin),307.38,5.91,36.59,10.85,1545.38,58.91,182.59,37.85
33,Female,58.6,1.56,Weight Loss,White_porridge_and_bread,320.0,7.0,52.0,4.0,Kenkey_and_Fried_Fish_with_Hot_Pepper,537.0,31.0,59.0,15.0,Banku_and_Tilapia_with_Hot_Pepper,636.0,40.0,55.0,12.0,Atsoomo_(Chin-Chin),307.38,5.91,36.59,10.85,1800.38,83.91,202.59,41.85
11,Female,43.2,1.15,Weight Loss,Oatmeal,237.0,10.0,38.0,3.0,Angwamu_(Oil_Rice)_with_Hot_Pepper_and_Egg,497.0,30.0,52.0,19.0,Fufu_with_Light_Soup_with_Goat_Meat,576.0,43.0,74.0,10.0,Atsoomo_(Chin-Chin),307.38,5.91,36.59,10.85,1617.38,88.91,200.59,42.85
23,Male,73.0,1.68,Muscle Gain,Oatmeal,355.0,10.0,43.0,4.0,Kenkey_and_Fried_Fish_with_Hot_Pepper,720.0,49.0,53.0,20.0,Banku_with_Okra_Soup,655.0,33.0,69.0,10.0,Atsoomo_(Chin-Chin),307.38,5.91,36.59,10.85,2037.38,97.91,201.59,44.85
31,Male,74.5,1.78,Muscle Gain,White_porridge_and_bread,390.0,7.0,62.0,6.0,Waakye_and_Fish_with_egg,718.0,48.0,70.0,11.0,Banku_with_Okra_Soup,799.0,34.0,74.0,12.0,Atsoomo_(Chin-Chin),307.38,5.91,36.59,10.85,2214.38,94.91,242.59,39.85
21,Female,70.4,1.57,Muscle Gain,Hausa_Koko_(millet_porridge)_with_Koose,377.0,15.0,45.0,8.0,Kenkey_and_Fried_Fish_with_Hot_Pepper,617.0,44.0,56.0,22.0,Fufu_with_Light_Soup_with_Goat_Meat,748.0,43.0,70.0,16.0,Atsoomo_(Chin-Chin),307.38,5.91,36.59,10.85,2049.38,107.91,207.59,56.85
9,Female,49.2,1.06,Muscle Gain,Hausa_Koko_(millet_porridge)_with_Koose,338.0,16.0,40.0,9.0,Plain_Rice_with_Chicken,627.0,54.0,79.0,18.0,Angwamu_(Oil_Rice)_with_Hot_Pepper_and_Egg,422.0,36.0,68.0,19.0,Atsoomo_(Chin-Chin),307.38,5.91,36.59,10.85,1694.38,111.91,223.59,56.85
39,Female,67.3,1.54,Muscle Gain,Oatmeal,336.42,9.46,47.78,5.3,Boiled_Plantain/Yam_and_Garden_egg_stew,544.0,25.0,64.0,9.0,Jollof_Rice_with_Chicken,814.0,51.0,80.0,19.0,Atsoomo_(Chin-Chin),307.38,5.91,36.59,10.85,2001.8,91.37,228.37,44.15
28,Male,67.4,1.76,Weight Loss,Oatmeal,353.0,9.0,45.0,3.0,Red-Red_(Beans_and_Plantain_with_red_oil),572.0,33.0,42.0,14.0,Tuo_Zaafi_with_Meat_Stew,675.0,30.0,60.0,9.0,Atsoomo_(Chin-Chin),307.38,5.91,36.59,10.85,1907.38,77.91,183.59,36.85
59,Female,61.1,1.66,Weight Loss,Tom_Brown_and_bread,356.0,9.0,45.0,4.0,Fufu_with_Light_Soup_with_Goat_Meat,601.0,40.0,70.0,10.0,Red-Red_(Beans_and_Plantain_with_red_oil),453.0,29.0,48.0,14.0,Agbelikaklo_with_Coconut,328.0,5.0,45.0,7.0,1738.0,83.0,208.0,35.0
30,Male,59.8,1.75,Weight Loss,Oatmeal,336.42,9.46,47.78,5.3,Waakye_and_Fish_with_egg,606.0,45.0,58.0,8.0,Jollof_Rice_with_Chicken,699.0,39.0,81.0,15.0,Atsoomo_(Chin-Chin),307.38,5.91,36.59,10.85,1948.8,99.37,223.37,39.15
74,Female,68.1,1.54,Muscle Gain,Tea/Milo/Coffee_with_bread,287.0,7.0,42.0,6.0,Tuo_Zaafi_with_Meat_Stew,649.0,34.0,69.0,12.0,Waakye_and_Fish_with_egg,674.0,50.0,76.0,9.0,Atsoomo_(Chin-Chin),309.0,4.0,39.0,18.0,1919.0,95.0,226.0,45.0
31,Male,60.2,1.71,Weight Loss,Oatmeal,336.42,9.46,47.78,5.3,Red-Red_(Beans_and_Plantain_with_red_oil),534.0,33.0,43.0,12.0,Boiled_Plantain/Yam_and_Garden_egg_stew,556.0,20.0,64.0,6.0,Plantain_Chips,321.0,3.0,36.0,8.0,1747.42,65.46,190.78,31.3
57,Male,70.9,1.74,Muscle Gain,White_porridge_and_bread,332.0,8.0,48.0,5.0,Plain_Rice_with_Chicken,878.0,57.0,66.0,17.0,Jollof_Rice_with_Chicken,728.0,46.0,82.0,20.0,Plantain_Chips,287.0,3.0,40.0,12.0,2225.0,114.0,236.0,54.0
56,Female,75.0,1.54,Muscle Gain,White_porridge_and_bread,364.0,8.0,58.0,6.0,Red-Red_(Beans_and_Plantain_with_red_oil),492.0,33.0,47.0,19.0,Boiled_Plantain/Yam_and_Garden_egg_stew,532.0,22.0,71.0,9.0,Plantain_Chips,346.0,3.0,41.0,11.0,1734.0,66.0,217.0,45.0
48,Male,58.4,1.65,Weight Loss,Koko_with_Bofroat_(corn_dough_porridge_with_buffloaf),410.0,12.0,46.0,8.0,Red-Red_(Beans_and_Plantain_with_red_oil),548.0,29.0,53.0,12.0,Fufu_with_Light_Soup_with_Goat_Meat,720.0,44.0,81.0,11.0,Nkatie_Cake_(Groundnut_Cake),378.0,9.0,22.0,14.0,2056.0,94.0,202.0,45.0
36,Female,57.5,1.6,Weight Loss,Tea/Milo/Coffee_with_bread,264.0,6.0,36.0,6.0,Jollof_Rice_with_Chicken,613.0,42.0,82.0,14.0,Boiled_Plantain/Yam_and_Garden_egg_stew,494.0,17.0,64.0,8.0,Atsoomo_(Chin-Chin),307.38,5.91,36.59,10.85,1678.38,70.91,218.59,38.85
75,Female,54.4,1.56,Weight Loss,Koko_with_Bofroat_(corn_dough_porridge_with_buffloaf),362.0,8.0,54.0,4.0,Boiled_Plantain/Yam_and_Garden_egg_stew,462.0,18.0,58.0,5.0,Kenkey_and_Fried_Fish_with_Hot_Pepper,579.0,33.0,50.0,11.0,Atsoomo_(Chin-Chin),307.38,5.91,36.59,10.85,1710.38,64.91,198.59,30.85
66,Male,72.7,1.68,Muscle Gain,White_porridge_and_bread,381.0,8.0,62.0,5.0,Plain_Rice_with_Chicken,600.0,54.0,67.0,13.0,Angwamu_(Oil_Rice)_with_Hot_Pepper_and_Egg,615.79,38.98,64.77,13.31,Kofi_Brokeman_(Roasted_Plantain_with_Groundnut),260.0,7.0,36.0,6.0,1856.79,107.98,229.77,37.31
14,Male,39.9,1.25,Weight Loss,Koko_with_Bofroat_(corn_dough_porridge_with_buffloaf),357.0,11.0,60.0,7.0,Waakye_and_Fish_with_egg,611.0,48.0,63.0,8.0,Tuo_Zaafi_with_Meat_Stew,509.0,40.0,68.0,9.0,Atsoomo_(Chin-Chin),307.38,5.91,36.59,10.85,1784.38,104.91,227.59,34.85
83,Female,54.6,1.53,Weight Loss,Tea/Milo/Coffee_with_bread,243.0,6.0,34.0,4.0,Tuo_Zaafi_with_Meat_Stew,617.0,31.0,56.0,8.0,Waakye_and_Fish_with_egg,543.0,45.0,56.0,6.0,Atsoomo_(Chin-Chin),307.38,5.91,36.59,10.85,1710.38,87.91,182.59,28.85
41,Female,66.4,1.54,Muscle Gain,Oatmeal,336.42,9.46,47.78,5.3,Tuo_Zaafi_with_Meat_Stew,735.0,39.0,73.0,15.0,Boiled_Plantain/Yam_and_Garden_egg_stew,596.0,21.0,57.0,10.0,Atsoomo_(Chin-Chin),307.38,5.91,36.59,10.85,1974.8,75.37,214.37,41.15
10,Female,52.6,1.11,Muscle Gain,Hausa_Koko_(millet_porridge)_with_Koose,282.0,16.0,41.0,7.0,Jollof_Rice_with_Chicken,695.0,54.0,80.0,20.0,Kenkey_and_Fried_Fish_with_Hot_Pepper,487.0,45.0,68.0,21.0,Roasted/Boiled_Maize_with_Coconut,236.0,8.0,40.0,6.0,1700.0,123.0,229.0,54.0
75,Male,73.3,1.65,Muscle Gain,Koko_with_Bofroat_(corn_dough_porridge_with_buffloaf),423.0,10.0,57.0,8.0,Fufu_with_Light_Soup_with_Goat_Meat,799.0,44.0,75.0,12.0,Jollof_Rice_with_Chicken,696.0,58.0,93.0,16.0,Atsoomo_(Chin-Chin),307.38,5.91,36.59,10.85,2225.38,117.91,261.59,46.85
50,Male,85.8,1.77,Muscle Gain,Tea/Milo/Coffee_with_bread,369.0,6.0,42.0,8.0,Red-Red_(Beans_and_Plantain_with_red_oil),655.0,37.0,51.0,16.0,Tuo_Zaafi_with_Meat_Stew,751.0,45.0,70.0,15.0,Atsoomo_(Chin-Chin),307.38,5.91,36.59,10.85,2082.38,93.91,199.59,49.85
52,Male,66.2,1.7,Weight Loss,Hausa_Koko_(millet_porridge)_with_Koose,389.0,12.0,34.0,5.0,Angwamu_(Oil_Rice)_with_Hot_Pepper_and_Egg,600.0,23.0,54.0,19.0,Red-Red_(Beans_and_Plantain_with_red_oil),557.0,34.0,54.0,12.0,Atsoomo_(Chin-Chin),307.38,5.91,36.59,10.85,1853.38,74.91,178.59,46.85
47,Male,76.3,1.77,Muscle Gain,Tom_Brown_and_bread,404.0,10.0,57.0,6.0,Banku_and_Tilapia_with_Hot_Pepper,789.0,46.0,67.0,13.0,Red-Red_(Beans_and_Plantain_with_red_oil),667.0,31.0,55.0,17.0,Kofi_Brokeman_(Roasted_Plantain_with_Groundnut),320.0,7.0,39.0,9.0,2180.0,94.0,218.0,45.0
6,Male,32.4,1.0,Weight Loss,Rice_water_and_bread,255.0,9.0,54.0,4.0,Banku_with_Okra_Soup,584.0,35.0,72.0,10.0,Red-Red_(Beans_and_Plantain_with_red_oil),420.0,34.0,50.0,13.0,Atsoomo_(Chin-Chin),307.38,5.91,36.59,10.85,1566.38,83.91,212.59,37.85
12,Female,57.1,1.2,Muscle Gain,Koko_with_Bofroat_(corn_dough_porridge_with_buffloaf),370.0,14.0,54.0,11.0,Banku_with_Okra_Soup,528.0,44.0,81.0,12.0,Red-Red_(Beans_and_Plantain_with_red_oil),400.0,39.0,51.0,16.0,Roasted/Boiled_Maize_with_Coconut,240.0,7.0,34.0,7.0,1538.0,104.0,220.0,46.0
76,Male,62.3,1.65,Weight Loss,Tom_Brown_and_bread,301.0,8.0,56.0,3.0,Fufu_with_Light_Soup_with_Goat_Meat,577.0,42.0,75.0,11.0,Tuo_Zaafi_with_Meat_Stew,683.0,39.0,72.0,7.0,Atsoomo_(Chin-Chin),307.38,5.91,36.59,10.85,1868.38,94.91,239.59,31.85
52,Male,67.4,1.79,Muscle Gain,Oatmeal,336.42,9.46,47.78,5.3,Jollof_Rice_with_Chicken,849.0,56.0,96.0,22.0,Tuo_Zaafi_with_Meat_Stew,709.0,36.0,76.0,13.0,Atsoomo_(Chin-Chin),307.38,5.91,36.59,10.85,2201.8,107.37,256.37,51.15
49,Female,70.8,1.64,Muscle Gain,Koko_with_Bofroat_(corn_dough_porridge_with_buffloaf),389.0,10.0,59.0,9.0,Banku_and_Tilapia_with_Hot_Pepper,606.0,38.0,60.0,12.0,Angwamu_(Oil_Rice)_with_Hot_Pepper_and_Egg,615.79,38.98,64.77,13.31,Atsoomo_(Chin-Chin),307.38,5.91,36.59,10.85,1918.17,92.89,220.36,45.16
43,Female,77.9,1.51,Muscle Gain,Oatmeal,336.42,9.46,47.78,5.3,Jollof_Rice_with_Chicken,764.0,52.0,85.0,18.0,Angwamu_(Oil_Rice)_with_Hot_Pepper_and_Egg,644.0,30.0,67.0,21.0,Atsoomo_(Chin-Chin),307.38,5.91,36.59,10.85,2051.8,97.37,236.37,55.15
27,Male,77.1,1.71,Muscle Gain,Tom_Brown_and_bread,412.0,9.0,63.0,5.0,Jollof_Rice_with_Chicken,619.2,39.43,64.97,13.31,Banku_and_Tilapia_with_Hot_Pepper,705.0,52.0,73.0,14.0,Atsoomo_(Chin-Chin),307.38,5.91,36.59,10.85,2043.58,106.34,237.56,43.16
72,Male,72.0,1.64,Muscle Gain,Koko_with_Bofroat_(corn_dough_porridge_with_buffloaf),459.0,10.0,61.0,8.0,Plain_Rice_with_Chicken,808.0,63.0,60.0,12.0,Fufu_with_Light_Soup_with_Goat_Meat,757.0,52.0,84.0,11.0,Atsoomo_(Chin-Chin),307.38,5.91,36.59,10.85,2331.38,130.91,241.59,41.85
81,Female,65.9,1.53,Muscle Gain,Rice_water_and_bread,336.0,7.0,49.0,4.0,Boiled_Plantain/Yam_and_Garden_egg_stew,487.0,22.0,70.0,8.0,Jollof_Rice_with_Chicken,786.0,52.0,94.0,17.0,Atsoomo_(Chin-Chin),394.0,4.0,33.0,15.0,2003.0,85.0,246.0,44.0
81,Female,64.0,1.56,Muscle Gain,Oatmeal,301.0,13.0,42.0,4.0,Fufu_with_Light_Soup_with_Goat_Meat,732.0,45.0,79.0,11.0,Boiled_Plantain/Yam_and_Garden_egg_stew,405.0,22.0,62.0,8.0,Atsoomo_(Chin-Chin),307.38,5.91,36.59,10.85,1745.38,85.91,219.59,33.85
22,Male,79.0,1.76,Muscle Gain,Tom_Brown_and_bread,409.0,13.0,55.0,6.0,Boiled_Plantain/Yam_and_Garden_egg_stew,594.0,26.0,65.0,9.0,Waakye_and_Fish_with_egg,823.0,54.0,77.0,13.0,Nkatie_Cake_(Groundnut_Cake),385.0,10.0,26.0,15.0,2211.0,103.0,223.0,43.0
49,Male,67.9,1.6,Weight Loss,Oatmeal,336.42,9.46,47.78,5.3,Jollof_Rice_with_Chicken,860.0,48.0,75.0,13.0,Tuo_Zaafi_with_Meat_Stew,642.0,34.0,69.0,11.0,Atsoomo_(Chin-Chin),382.0,3.0,32.0,14.0,2220.42,94.46,223.78,43.3
76,Male,60.4,1.65,Weight Loss,Rice_water_and_bread,294.0,7.0,54.0,3.0,Kenkey_and_Fried_Fish_with_Hot_Pepper,534.0,35.0,52.0,11.0,Red-Red_(Beans_and_Plantain_with_red_oil),500.0,25.0,41.0,11.0,Atsoomo_(Chin-Chin),307.38,5.91,36.59,10.85,1635.38,72.91,183.59,35.85
18,Female,70.7,1.52,Muscle Gain,Tea/Milo/Coffee_with_bread,335.0,7.0,39.0,6.0,Banku_and_Tilapia_with_Hot_Pepper,634.0,51.0,63.0,12.0,Plain_Rice_with_Chicken,814.0,55.0,61.0,19.0,Atsoomo_(Chin-Chin),307.38,5.91,36.59,10.85,2090.38,118.91,199.59,47.85
73,Male,61.1,1.69,Weight Loss,Hausa_Koko_(millet_porridge)_with_Koose,369.0,13.0,36.0,5.0,Banku_and_Tilapia_with_Hot_Pepper,605.0,42.0,63.0,10.0,Kenkey_and_Fried_Fish_with_Hot_Pepper,645.0,40.0,54.0,13.0,Atsoomo_(Chin-Chin),307.38,5.91,36.59,10.85,1926.38,100.91,189.59,38.85
33,Female,54.3,1.6,Weight Loss,Oatmeal,263.0,10.0,37.0,4.0,Kenkey_and_Fried_Fish_with_Hot_Pepper,577.0,34.0,56.0,15.0,Boiled_Plantain/Yam_and_Garden_egg_stew,500.0,19.0,58.0,8.0,Roasted/Boiled_Maize_with_Coconut,238.0,6.0,34.0,5.0,1578.0,69.0,185.0,32.0
57,Male,56.2,1.66,Weight Loss,Hausa_Koko_(millet_porridge)_with_Koose,376.0,11.0,44.0,6.0,Jollof_Rice_with_Chicken,707.0,39.0,73.0,15.0,Waakye_and_Fish_with_egg,751.0,42.0,60.0,10.0,Atsoomo_(Chin-Chin),307.38,5.91,36.59,10.85,2141.38,97.91,213.59,41.85
34,Male,55.2,1.74,Weight Loss,Rice_water_and_bread,322.0,7.0,55.0,3.0,Kenkey_and_Fried_Fish_with_Hot_Pepper,697.0,40.0,52.0,13.0,Fufu_with_Light_Soup_with_Goat_Meat,797.0,34.0,69.0,10.0,Atsoomo_(Chin-Chin),307.38,5.91,36.59,10.85,2123.38,86.91,212.59,36.85
85,Female,53.7,1.53,Weight Loss,Tom_Brown_and_bread,275.0,9.0,53.0,4.0,Red-Red_(Beans_and_Plantain_with_red_oil),440.0,29.0,44.0,9.0,Waakye_and_Fish_with_egg,484.0,38.0,72.0,6.0,Atsoomo_(Chin-Chin),307.38,5.91,36.59,10.85,1506.38,81.91,205.59,29.85
78,Female,55.2,1.52,Weight Loss,Tom_Brown_and_bread,353.0,9.0,45.0,3.0,Plain_Rice_with_Chicken,543.0,48.0,66.0,11.0,Angwamu_(Oil_Rice)_with_Hot_Pepper_and_Egg,615.79,38.98,64.77,13.31,Plantain_Chips,225.0,3.0,40.0,8.0,1736.79,98.98,215.77,35.31
78,Female,55.1,1.56,Weight Loss,Tom_Brown_and_bread,275.0,9.0,45.0,4.0,Tuo_Zaafi_with_Meat_Stew,567.0,29.0,65.0,8.0,Fufu_with_Light_Soup_with_Goat_Meat,648.0,38.0,61.0,11.0,Atsoomo_(Chin-Chin),307.38,5.91,36.59,10.85,1797.38,81.91,207.59,33.85
42,Male,72.0,1.76,Muscle Gain,Oatmeal,336.42,9.46,47.78,5.3,Banku_and_Tilapia_with_Hot_Pepper,625.0,46.0,65.0,14.0,Angwamu_(Oil_Rice)_with_Hot_Pepper_and_Egg,696.0,31.0,59.0,23.0,Roasted/Boiled_Maize_with_Coconut,268.0,7.0,36.0,8.0,1925.42,93.46,207.78,50.3
7,Male,44.3,1.02,Muscle Gain,Tom_Brown_and_bread,338.0,10.0,68.0,5.0,Jollof_Rice_with_Chicken,619.2,39.43,64.97,13.31,Red-Red_(Beans_and_Plantain_with_red_oil),449.0,39.0,60.0,20.0,Atsoomo_(Chin-Chin),307.38,5.91,36.59,10.85,1713.58,94.34,229.56,49.16
53,Female,59.2,1.67,Weight Loss,White_porridge_and_bread,309.0,6.0,44.0,4.0,Jollof_Rice_with_Chicken,648.0,45.0,83.0,15.0,Kenkey_and_Fried_Fish_with_Hot_Pepper,487.0,38.0,58.0,13.0,Nkatie_Cake_(Groundnut_Cake),326.0,10.0,25.0,12.0,1770.0,99.0,210.0,44.0
13,Female,37.4,1.12,Weight Loss,Oatmeal,244.0,13.0,40.0,4.0,Banku_with_Okra_Soup,441.0,33.0,66.0,10.0,Angwamu_(Oil_Rice)_with_Hot_Pepper_and_Egg,460.0,27.0,46.0,15.0,Atsoomo_(Chin-Chin),307.38,5.91,36.59,10.85,1452.38,78.91,188.59,39.85
24,Female,68.4,1.61,Muscle Gain,Oatmeal,293.0,12.0,45.0,4.0,Jollof_Rice_with_Chicken,745.0,40.0,73.0,20.0,Angwamu_(Oil_Rice)_with_Hot_Pepper_and_Egg,615.79,38.98,64.77,13.31,Atsoomo_(Chin-Chin),307.38,5.91,36.59,10.85,1961.17,96.89,219.36,48.16
50,Female,53.8,1.65,Weight Loss,Oatmeal,244.0,9.0,39.0,4.0,Tuo_Zaafi_with_Meat_Stew,607.0,29.0,63.0,12.0,Banku_and_Tilapia_with_Hot_Pepper,605.0,38.0,61.0,12.0,Atsoomo_(Chin-Chin),307.38,5.91,36.59,10.85,1763.38,81.91,199.59,38.85
17,Female,52.6,1.28,Muscle Gain,Tom_Brown_and_bread,321.0,10.0,66.0,5.0,Red-Red_(Beans_and_Plantain_with_red_oil),484.0,36.0,54.0,18.0,Plain_Rice_with_Chicken,499.0,64.0,78.0,16.0,Atsoomo_(Chin-Chin),307.38,5.91,36.59,10.85,1611.38,115.91,234.59,49.85
16,Male,43.8,1.3,Weight Loss,Oatmeal,336.42,9.46,47.78,5.3,Plain_Rice_with_Chicken,567.0,57.0,64.0,13.0,Fufu_with_Light_Soup_with_Goat_Meat,632.0,44.0,61.0,11.0,Agbelikaklo_with_Coconut,300.0,6.0,47.0,7.0,1835.42,116.46,219.78,36.3
17,Male,55.5,1.35,Muscle Gain,Tom_Brown_and_bread,353.0,9.0,68.0,6.0,Red-Red_(Beans_and_Plantain_with_red_oil),490.0,48.0,62.0,19.0,Angwamu_(Oil_Rice)_with_Hot_Pepper_and_Egg,608.0,42.0,66.0,23.0,Atsoomo_(Chin-Chin),307.38,5.91,36.59,10.85,1758.38,104.91,232.59,58.85
33,Female,60.1,1.58,Weight Loss,Rice_water_and_bread,322.0,7.0,49.0,4.0,Banku_with_Okra_Soup,585.0,27.0,59.0,10.0,Red-Red_(Beans_and_Plantain_with_red_oil),488.0,27.0,54.0,12.0,Atsoomo_(Chin-Chin),307.38,5.91,36.59,10.85,1702.38,66.91,198.59,36.85
16,Female,43.0,1.25,Weight Loss,Rice_water_and_bread,267.0,8.0,49.0,4.0,Boiled_Plantain/Yam_and_Garden_egg_stew,337.0,20.0,56.0,7.0,Angwamu_(Oil_Rice)_with_Hot_Pepper_and_Egg,615.79,38.98,64.77,13.31,Roasted/Boiled_Maize_with_Coconut,200.0,7.0,39.0,4.0,1419.79,73.98,208.77,28.31
62,Male,75.8,1.7,Muscle Gain,Tom_Brown_and_bread,388.0,8.0,55.0,4.0,Waakye_and_Fish_with_egg,592.0,54.0,77.0,11.0,Jollof_Rice_with_Chicken,799.0,44.0,73.0,17.0,Kofi_Brokeman_(Roasted_Plantain_with_Groundnut),315.0,8.0,44.0,8.0,2094.0,114.0,249.0,40.0
58,Female,54.4,1.61,Weight Loss,Tea/Milo/Coffee_with_bread,241.0,5.0,30.0,5.0,Banku_and_Tilapia_with_Hot_Pepper,569.0,38.0,53.0,12.0,Angwamu_(Oil_Rice)_with_Hot_Pepper_and_Egg,615.79,38.98,64.77,13.31,Atsoomo_(Chin-Chin),307.38,5.91,36.59,10.85,1733.17,87.89,184.36,41.16
33,Male,70.0,1.63,Muscle Gain,Koko_with_Bofroat_(corn_dough_porridge_with_buffloaf),454.0,10.0,65.0,8.0,Banku_and_Tilapia_with_Hot_Pepper,602.0,43.0,58.0,13.0,Red-Red_(Beans_and_Plantain_with_red_oil),625.0,39.0,54.0,18.0,Atsoomo_(Chin-Chin),307.38,5.91,36.59,10.85,1988.38,97.91,213.59,49.85
64,Male,63.6,1.71,Weight Loss,Tom_Brown_and_bread,301.0,9.0,53.0,3.0,Tuo_Zaafi_with_Meat_Stew,683.0,35.0,77.0,8.0,Angwamu_(Oil_Rice)_with_Hot_Pepper_and_Egg,529.0,25.0,54.0,12.0,Atsoomo_(Chin-Chin),307.38,5.91,36.59,10.85,1820.38,74.91,220.59,33.85
21,Male,57.1,1.68,Weight Loss,Koko_with_Bofroat_(corn_dough_porridge_with_buffloaf),481.0,9.0,48.0,7.0,Banku_with_Okra_Soup,751.0,33.0,76.0,8.0,Jollof_Rice_with_Chicken,748.0,39.0,65.0,13.0,Atsoomo_(Chin-Chin),307.38,5.91,36.59,10.85,2287.38,86.91,225.59,38.85
52,Female,64.3,1.56,Muscle Gain,Rice_water_and_bread,346.0,9.0,60.0,4.0,Jollof_Rice_with_Chicken,619.2,39.43,64.97,13.31,Angwamu_(Oil_Rice)_with_Hot_Pepper_and_Egg,633.0,30.0,68.0,22.0,Atsoomo_(Chin-Chin),365.0,4.0,32.0,18.0,1963.2,82.43,224.97,57.31
48,Male,74.3,1.68,Muscle Gain,Tom_Brown_and_bread,393.0,9.0,68.0,5.0,Banku_and_Tilapia_with_Hot_Pepper,602.0,46.0,59.0,13.0,Kenkey_and_Fried_Fish_with_Hot_Pepper,600.0,45.0,65.0,19.0,Atsoomo_(Chin-Chin),307.38,5.91,36.59,10.85,1902.38,105.91,228.59,47.85
61,Female,59.1,1.58,Weight Loss,White_porridge_and_bread,262.0,6.0,47.0,3.0,Banku_with_Okra_Soup,513.0,33.0,56.0,6.0,Banku_and_Tilapia_with_Hot_Pepper,506.0,42.0,59.0,8.0,Atsoomo_(Chin-Chin),307.38,5.91,36.59,10.85,1588.38,86.91,198.59,27.85
31,Female,76.6,1.65,Muscle Gain,Tea/Milo/Coffee_with_bread,268.0,7.0,41.0,7.0,Waakye_and_Fish_with_egg,665.0,55.0,65.0,10.0,Angwamu_(Oil_Rice)_with_Hot_Pepper_and_Egg,606.0,31.0,64.0,21.0,Atsoomo_(Chin-Chin),307.38,5.91,36.59,10.85,1846.38,98.91,206.59,48.85
21,Male,60.3,1.76,Weight Loss,White_porridge_and_bread,314.0,6.0,52.0,4.0,Plain_Rice_with_Chicken,630.0,46.0,54.0,12.0,Kenkey_and_Fried_Fish_with_Hot_Pepper,590.0,39.0,57.0,14.0,Agbelikaklo_with_Coconut,333.0,4.0,45.0,8.0,1867.0,95.0,208.0,38.0
42,Female,56.4,1.59,Weight Loss,Tom_Brown_and_bread,329.0,9.0,51.0,4.0,Banku_with_Okra_Soup,551.0,30.0,59.0,9.0,Angwamu_(Oil_Rice)_with_Hot_Pepper_and_Egg,555.0,22.0,52.0,16.0,Atsoomo_(Chin-Chin),307.38,5.91,36.59,10.85,1742.38,66.91,198.59,39.85
5,Male,39.6,1.0,Muscle Gain,Rice_water_and_bread,308.0,9.0,61.0,4.0,Banku_with_Okra_Soup,563.0,43.0,64.0,10.0,Banku_and_Tilapia_with_Hot_Pepper,536.0,66.0,73.0,13.0,Atsoomo_(Chin-Chin),307.38,5.91,36.59,10.85,1714.38,123.91,234.59,37.85
11,Male,59.6,1.25,Muscle Gain,Oatmeal,232.0,15.0,51.0,4.0,Jollof_Rice_with_Chicken,619.2,39.43,64.97,13.31,Boiled_Plantain/Yam_and_Garden_egg_stew,517.0,27.0,72.0,9.0,Atsoomo_(Chin-Chin),307.38,5.91,36.59,10.85,1675.58,87.34,224.56,37.16
17,Male,56.5,1.35,Muscle Gain,Oatmeal,298.0,15.0,42.0,5.0,Fufu_with_Light_Soup_with_Goat_Meat,661.0,55.0,76.0,16.0,Banku_with_Okra_Soup,585.0,44.0,78.0,10.0,Atsoomo_(Chin-Chin),307.38,5.91,36.59,10.85,1851.38,119.91,232.59,41.85
38,Male,73.7,1.79,Muscle Gain,Oatmeal,380.0,13.0,43.0,4.0,Fufu_with_Light_Soup_with_Goat_Meat,903.0,40.0,87.0,12.0,Angwamu_(Oil_Rice)_with_Hot_Pepper_and_Egg,615.79,38.98,64.77,13.31,Atsoomo_(Chin-Chin),307.38,5.91,36.59,10.85,2206.17,97.89,231.36,40.16
54,Male,77.7,1.64,Muscle Gain,Oatmeal,336.0,13.0,49.0,4.0,Jollof_Rice_with_Chicken,960.0,44.0,93.0,17.0,Tuo_Zaafi_with_Meat_Stew,731.0,45.0,67.0,14.0,Roasted/Boiled_Maize_with_Coconut,303.0,6.0,40.0,8.0,2330.0,108.0,249.0,43.0
44,Female,76.1,1.55,Muscle Gain,Oatmeal,336.42,9.46,47.78,5.3,Tuo_Zaafi_with_Meat_Stew,666.0,36.0,71.0,15.0,Boiled_Plantain/Yam_and_Garden_egg_stew,507.0,24.0,57.0,10.0,Atsoomo_(Chin-Chin),307.38,5.91,36.59,10.85,1816.8,75.37,212.37,41.15
37,Female,61.7,1.56,Weight Loss,Koko_with_Bofroat_(corn_dough_porridge_with_buffloaf),430.0,10.0,48.0,7.0,Angwamu_(Oil_Rice)_with_Hot_Pepper_and_Egg,533.0,26.0,57.0,16.0,Kenkey_and_Fried_Fish_with_Hot_Pepper,554.0,40.0,45.0,14.0,Agbelikaklo_with_Coconut,258.0,5.0,46.0,8.0,1775.0,81.0,196.0,45.0
42,Male,60.5,1.77,Weight Loss,Koko_with_Bofroat_(corn_dough_porridge_with_buffloaf),419.0,8.0,50.0,7.0,Banku_with_Okra_Soup,687.0,31.0,61.0,8.0,Banku_and_Tilapia_with_Hot_Pepper,608.0,47.0,55.0,12.0,Atsoomo_(Chin-Chin),307.38,5.91,36.59,10.85,2021.38,91.91,202.59,37.85
69,Female,66.9,1.58,Muscle Gain,Hausa_Koko_(millet_porridge)_with_Koose,320.0,14.0,48.0,5.0,Fufu_with_Light_Soup_with_Goat_Meat,686.0,43.0,69.0,14.0,Tuo_Zaafi_with_Meat_Stew,559.0,39.0,85.0,10.0,Kofi_Brokeman_(Roasted_Plantain_with_Groundnut),268.0,7.0,42.0,9.0,1833.0,103.0,244.0,38.0
28,Male,71.4,1.68,Muscle Gain,Hausa_Koko_(millet_porridge)_with_Koose,365.0,16.0,38.0,7.0,Waakye_and_Fish_with_egg,734.0,49.0,73.0,13.0,Jollof_Rice_with_Chicken,819.0,48.0,77.0,19.0,Atsoomo_(Chin-Chin),307.38,5.91,36.59,10.85,2225.38,118.91,224.59,49.85
20,Male,65.1,1.71,Weight Loss,Rice_water_and_bread,363.0,8.0,54.0,4.0,Red-Red_(Beans_and_Plantain_with_red_oil),480.0,33.0,47.0,12.0,Waakye_and_Fish_with_egg,639.0,45.0,65.0,10.0,Nkatie_Cake_(Groundnut_Cake),314.0,11.0,25.0,16.0,1796.0,97.0,191.0,42.0
69,Female,57.2,1.58,Weight Loss,Hausa_Koko_(millet_porridge)_with_Koose,271.0,11.0,35.0,4.0,Fufu_with_Light_Soup_with_Goat_Meat,648.0,35.0,66.0,9.0,Angwamu_(Oil_Rice)_with_Hot_Pepper_and_Egg,615.79,38.98,64.77,13.31,Atsoomo_(Chin-Chin),307.38,5.91,36.59,10.85,1842.17,90.89,202.36,37.16
31,Male,58.0,1.67,Weight Loss,Hausa_Koko_(millet_porridge)_with_Koose,375.0,12.0,45.0,5.0,Red-Red_(Beans_and_Plantain_with_red_oil),528.0,28.0,51.0,14.0,Angwamu_(Oil_Rice)_with_Hot_Pepper_and_Egg,678.0,24.0,49.0,17.0,Atsoomo_(Chin-Chin),307.38,5.91,36.59,10.85,1888.38,69.91,181.59,46.85
43,Male,83.4,1.64,Muscle Gain,Hausa_Koko_(millet_porridge)_with_Koose,393.0,13.0,50.0,6.0,Kenkey_and_Fried_Fish_with_Hot_Pepper,782.0,42.0,53.0,22.0,Angwamu_(Oil_Rice)_with_Hot_Pepper_and_Egg,752.0,36.0,53.0,23.0,Agbelikaklo_with_Coconut,360.0,4.0,51.0,8.0,2287.0,95.0,207.0,59.0
18,Female,66.6,1.63,Muscle Gain,White_porridge_and_bread,368.0,7.0,55.0,5.0,Tuo_Zaafi_with_Meat_Stew,646.0,33.0,83.0,14.0,Waakye_and_Fish_with_egg,672.0,52.0,67.0,11.0,Atsoomo_(Chin-Chin),307.38,5.91,36.59,10.85,1993.38,97.91,241.59,40.85
81,Male,58.9,1.63,Weight Loss,Koko_with_Bofroat_(corn_dough_porridge_with_buffloaf),430.0,9.0,61.0,6.0,Tuo_Zaafi_with_Meat_Stew,551.0,36.0,73.0,8.0,Boiled_Plantain/Yam_and_Garden_egg_stew,497.0,18.0,66.0,5.0,Atsoomo_(Chin-Chin),307.38,5.91,36.59,10.85,1785.38,68.91,236.59,29.85
11,Female,41.4,1.2,Weight Loss,Tea/Milo/Coffee_with_bread,199.0,6.0,36.0,5.0,Jollof_Rice_with_Chicken,631.0,48.0,65.0,17.0,Angwamu_(Oil_Rice)_with_Hot_Pepper_and_Egg,462.0,33.0,60.0,19.0,Atsoomo_(Chin-Chin),307.38,5.91,36.59,10.85,1599.38,92.91,197.59,51.85
25,Male,62.9,1.61,Weight Loss,Oatmeal,336.42,9.46,47.78,5.3,Waakye_and_Fish_with_egg,777.0,46.0,72.0,10.0,Angwamu_(Oil_Rice)_with_Hot_Pepper_and_Egg,615.79,38.98,64.77,13.31,Atsoomo_(Chin-Chin),307.38,5.91,36.59,10.85,2036.59,100.35,221.14,39.46
41,Male,66.3,1.73,Weight Loss,Oatmeal,320.0,11.0,37.0,4.0,Jollof_Rice_with_Chicken,619.2,39.43,64.97,13.31,Jollof_Rice_with_Chicken,756.0,42.0,72.0,16.0,Nkatie_Cake_(Groundnut_Cake),359.0,9.0,24.0,13.0,2054.2,101.43,197.97,46.31
40,Male,71.9,1.69,Muscle Gain,Hausa_Koko_(millet_porridge)_with_Koose,468.0,16.0,47.0,7.0,Tuo_Zaafi_with_Meat_Stew,811.0,42.0,84.0,14.0,Angwamu_(Oil_Rice)_with_Hot_Pepper_and_Egg,759.0,28.0,66.0,23.0,Atsoomo_(Chin-Chin),307.38,5.91,36.59,10.85,2345.38,91.91,233.59,54.85
29,Male,71.9,1.78,Weight Loss,Oatmeal,336.42,9.46,47.78,5.3,Waakye_and_Fish_with_egg,672.0,47.0,63.0,8.0,Red-Red_(Beans_and_Plantain_with_red_oil),548.0,34.0,54.0,12.0,Plantain_Chips,291.0,3.0,44.0,9.0,1847.42,93.46,208.78,34.3
61,Female,58.8,1.57,Weight Loss,Oatmeal,336.42,9.46,47.78,5.3,Banku_and_Tilapia_with_Hot_Pepper,486.0,36.0,63.0,8.0,Waakye_and_Fish_with_egg,553.0,41.0,70.0,8.0,Atsoomo_(Chin-Chin),307.38,5.91,36.59,10.85,1682.8,92.37,217.37,32.15
59,Female,69.1,1.57,Muscle Gain,Oatmeal,327.0,9.0,40.0,4.0,Jollof_Rice_with_Chicken,832.0,46.0,84.0,21.0,Red-Red_(Beans_and_Plantain_with_red_oil),612.0,30.0,55.0,16.0,Atsoomo_(Chin-Chin),307.38,5.91,36.59,10.85,2078.38,90.91,215.59,51.85
23,Male,76.7,1.68,Muscle Gain,White_porridge_and_bread,353.0,8.0,61.0,5.0,Plain_Rice_with_Chicken,757.0,55.0,72.0,19.0,Red-Red_(Beans_and_Plantain_with_red_oil),617.0,42.0,46.0,17.0,Atsoomo_(Chin-Chin),409.0,4.0,34.0,22.0,2136.0,109.0,213.0,63.0
32,Male,61.3,1.66,Weight Loss,Tea/Milo/Coffee_with_bread,273.0,6.0,36.0,5.0,Banku_with_Okra_Soup,583.0,31.0,71.0,9.0,Plain_Rice_with_Chicken,744.0,48.0,63.0,12.0,Atsoomo_(Chin-Chin),307.38,5.91,36.59,10.85,1907.38,90.91,206.59,36.85
10,Male,41.4,1.21,Weight Loss,Rice_water_and_bread,237.0,9.0,49.0,3.0,Jollof_Rice_with_Chicken,647.0,49.0,70.0,14.0,Waakye_and_Fish_with_egg,568.0,59.0,60.0,8.0,Atsoomo_(Chin-Chin),307.38,5.91,36.59,10.85,1759.38,122.91,215.59,35.85
29,Female,65.3,1.61,Weight Loss,Hausa_Koko_(millet_porridge)_with_Koose,355.0,11.0,41.0,6.0,Plain_Rice_with_Chicken,667.0,44.0,64.0,14.0,Banku_and_Tilapia_with_Hot_Pepper,566.0,36.0,59.0,10.0,Nkatie_Cake_(Groundnut_Cake),291.0,9.0,19.0,15.0,1879.0,100.0,183.0,45.0
57,Male,61.5,1.66,Weight Loss,Hausa_Koko_(millet_porridge)_with_Koose,412.0,11.0,41.0,6.0,Jollof_Rice_with_Chicken,726.0,44.0,82.0,16.0,Red-Red_(Beans_and_Plantain_with_red_oil),563.0,29.0,52.0,14.0,Atsoomo_(Chin-Chin),307.38,5.91,36.59,10.85,2008.38,89.91,211.59,46.85
57,Male,73.9,1.68,Muscle Gain,Tea/Milo/Coffee_with_bread,336.0,7.0,37.0,6.0,Kenkey_and_Fried_Fish_with_Hot_Pepper,641.0,39.0,65.0,21.0,Boiled_Plantain/Yam_and_Garden_egg_stew,656.0,22.0,72.0,9.0,Roasted/Boiled_Maize_with_Coconut,292.0,6.0,39.0,7.0,1925.0,74.0,213.0,43.0
18,Male,80.1,1.78,Muscle Gain,Rice_water_and_bread,412.0,8.0,57.0,5.0,Tuo_Zaafi_with_Meat_Stew,663.0,45.0,76.0,12.0,Fufu_with_Light_Soup_with_Goat_Meat,687.0,46.0,75.0,14.0,Nkatie_Cake_(Groundnut_Cake),431.0,14.0,21.0,18.0,2193.0,113.0,229.0,49.0
44,Male,67.5,1.69,Weight Loss,Hausa_Koko_(millet_porridge)_with_Koose,355.0,13.0,36.0,5.0,Tuo_Zaafi_with_Meat_Stew,746.0,30.0,58.0,9.0,Waakye_and_Fish_with_egg,738.0,39.0,57.0,8.0,Atsoomo_(Chin-Chin),359.0,4.0,33.0,14.0,2198.0,86.0,184.0,36.0
16,Female,40.1,1.23,Weight Loss,Koko_with_Bofroat_(corn_dough_porridge_with_buffloaf),360.0,10.0,60.0,6.0,Tuo_Zaafi_with_Meat_Stew,488.0,36.0,76.0,11.0,Boiled_Plantain/Yam_and_Garden_egg_stew,347.0,20.0,59.0,7.0,Atsoomo_(Chin-Chin),307.38,5.91,36.59,10.85,1502.38,71.91,231.59,34.85
8,Female,42.7,1.04,Muscle Gain,Oatmeal,244.0,15.0,39.0,5.0,Jollof_Rice_with_Chicken,619.2,39.43,64.97,13.31,Jollof_Rice_with_Chicken,554.0,52.0,95.0,18.0,Atsoomo_(Chin-Chin),307.38,5.91,36.59,10.85,1724.58,112.34,235.56,47.16
50,Female,58.4,1.55,Weight Loss,Rice_water_and_bread,314.0,8.0,54.0,3.0,Jollof_Rice_with_Chicken,619.2,39.43,64.97,13.31,Angwamu_(Oil_Rice)_with_Hot_Pepper_and_Egg,615.79,38.98,64.77,13.31,Atsoomo_(Chin-Chin),354.0,4.0,35.0,16.0,1902.99,90.41,218.74,45.62
38,Female,52.3,1.62,Weight Loss,Rice_water_and_bread,289.0,7.0,54.0,3.0,Boiled_Plantain/Yam_and_Garden_egg_stew,443.0,19.0,63.0,8.0,Angwamu_(Oil_Rice)_with_Hot_Pepper_and_Egg,615.79,38.98,64.77,13.31,Atsoomo_(Chin-Chin),307.38,5.91,36.59,10.85,1655.17,70.89,218.36,35.16
76,Male,71.6,1.64,Muscle Gain,Hausa_Koko_(millet_porridge)_with_Koose,427.0,15.0,50.0,5.0,Boiled_Plantain/Yam_and_Garden_egg_stew,528.0,27.0,63.0,6.0,Red-Red_(Beans_and_Plantain_with_red_oil),554.0,34.0,63.0,13.0,Atsoomo_(Chin-Chin),307.38,5.91,36.59,10.85,1816.38,81.91,212.59,34.85
9,Female,44.6,1.07,Muscle Gain,Rice_water_and_bread,267.0,10.0,50.0,4.0,Kenkey_and_Fried_Fish_with_Hot_Pepper,572.0,44.0,58.0,19.0,Banku_and_Tilapia_with_Hot_Pepper,554.0,51.0,66.0,14.0,Atsoomo_(Chin-Chin),307.38,5.91,36.59,10.85,1700.38,110.91,210.59,47.85
49,Male,80.3,1.73,Muscle Gain,White_porridge_and_bread,356.0,9.0,58.0,6.0,Tuo_Zaafi_with_Meat_Stew,677.0,36.0,66.0,12.0,Waakye_and_Fish_with_egg,684.0,61.0,64.0,11.0,Atsoomo_(Chin-Chin),307.38,5.91,36.59,10.85,2024.38,111.91,224.59,39.85
59,Male,76.2,1.66,Muscle Gain,Tea/Milo/Coffee_with_bread,375.0,7.0,40.0,9.0,Waakye_and_Fish_with_egg,861.0,46.0,67.0,12.0,Banku_with_Okra_Soup,772.0,43.0,72.0,12.0,Atsoomo_(Chin-Chin),484.0,4.0,36.0,20.0,2492.0,100.0,215.0,53.0
28,Male,77.3,1.75,Muscle Gain,Koko_with_Bofroat_(corn_dough_porridge_with_buffloaf),552.0,10.0,64.0,9.0,Waakye_and_Fish_with_egg,859.0,49.0,62.0,12.0,Tuo_Zaafi_with_Meat_Stew,672.0,36.0,72.0,12.0,Atsoomo_(Chin-Chin),307.38,5.91,36.59,10.85,2390.38,100.91,234.59,43.85
38,Female,50.9,1.6,Weight Loss,Rice_water_and_bread,260.0,6.0,46.0,3.0,Boiled_Plantain/Yam_and_Garden_egg_stew,548.0,22.0,54.0,7.0,Jollof_Rice_with_Chicken,725.0,40.0,78.0,17.0,Plantain_Chips,253.0,3.0,40.0,9.0,1786.0,71.0,218.0,36.0
82,Female,54.1,1.51,Weight Loss,Hausa_Koko_(millet_porridge)_with_Koose,286.0,13.0,40.0,4.0,Jollof_Rice_with_Chicken,619.2,39.43,64.97,13.31,Fufu_with_Light_Soup_with_Goat_Meat,507.0,37.0,81.0,10.0,Plantain_Chips,261.0,3.0,36.0,7.0,1673.2,92.43,221.97,34.31
20,Male,60.5,1.74,Weight Loss,Koko_with_Bofroat_(corn_dough_porridge_with_buffloaf),477.0,12.0,48.0,8.0,Waakye_and_Fish_with_egg,755.0,41.0,54.0,9.0,Banku_with_Okra_Soup,652.0,36.0,75.0,9.0,Atsoomo_(Chin-Chin),307.38,5.91,36.59,10.85,2191.38,94.91,213.59,36.85
19,Female,58.6,1.61,Weight Loss,Oatmeal,268.0,8.0,35.0,3.0,Banku_and_Tilapia_with_Hot_Pepper,665.0,40.0,60.0,12.0,Fufu_with_Light_Soup_with_Goat_Meat,641.0,34.0,62.0,12.0,Atsoomo_(Chin-Chin),307.38,5.91,36.59,10.85,1881.38,87.91,193.59,37.85
44,Male,85.0,1.77,Muscle Gain,Hausa_Koko_(millet_porridge)_with_Koose,409.0,13.0,43.0,7.0,Fufu_with_Light_Soup_with_Goat_Meat,748.0,39.0,89.0,16.0,Boiled_Plantain/Yam_and_Garden_egg_stew,547.0,22.0,64.0,10.0,Atsoomo_(Chin-Chin),307.38,5.91,36.59,10.85,2011.38,79.91,232.59,43.85
19,Male,81.9,1.67,Muscle Gain,Tom_Brown_and_bread,413.0,13.0,54.0,6.0,Red-Red_(Beans_and_Plantain_with_red_oil),529.0,31.0,46.0,20.0,Plain_Rice_with_Chicken,689.0,58.0,60.0,17.0,Atsoomo_(Chin-Chin),467.0,3.0,35.0,20.0,2098.0,105.0,195.0,63.0
60,Male,60.2,1.65,Weight Loss,White_porridge_and_bread,371.0,6.0,47.0,4.0,Tuo_Zaafi_with_Meat_Stew,726.0,37.0,72.0,10.0,Kenkey_and_Fried_Fish_with_Hot_Pepper,617.0,36.0,54.0,15.0,Atsoomo_(Chin-Chin),307.38,5.91,36.59,10.85,2021.38,84.91,209.59,39.85
24,Female,70.2,1.67,Muscle Gain,Koko_with_Bofroat_(corn_dough_porridge_with_buffloaf),474.0,10.0,60.0,8.0,Banku_with_Okra_Soup,631.0,33.0,76.0,10.0,Angwamu_(Oil_Rice)_with_Hot_Pepper_and_Egg,615.79,38.98,64.77,13.31,Atsoomo_(Chin-Chin),307.38,5.91,36.59,10.85,2028.17,87.89,237.36,42.16
29,Female,67.2,1.54,Muscle Gain,Oatmeal,336.42,9.46,47.78,5.3,Tuo_Zaafi_with_Meat_Stew,628.0,42.0,77.0,14.0,Angwamu_(Oil_Rice)_with_Hot_Pepper_and_Egg,615.79,38.98,64.77,13.31,Atsoomo_(Chin-Chin),307.38,5.91,36.59,10.85,1887.59,96.35,226.14,43.46
7,Female,42.2,1.0,Muscle Gain,White_porridge_and_bread,319.0,10.0,53.0,5.0,Jollof_Rice_with_Chicken,554.0,51.0,78.0,17.0,Fufu_with_Light_Soup_with_Goat_Meat,651.0,52.0,78.0,14.0,Plantain_Chips,212.0,3.0,39.0,13.0,1736.0,116.0,248.0,49.0
82,Female,53.2,1.51,Weight Loss,Hausa_Koko_(millet_porridge)_with_Koose,317.0,12.0,36.0,4.0,Fufu_with_Light_Soup_with_Goat_Meat,523.0,30.0,68.0,8.0,Jollof_Rice_with_Chicken,568.0,42.0,77.0,12.0,Atsoomo_(Chin-Chin),307.38,5.91,36.59,10.85,1715.38,89.91,217.59,34.85
8,Male,46.0,1.1,Muscle Gain,Tea/Milo/Coffee_with_bread,245.0,8.0,36.0,7.0,Plain_Rice_with_Chicken,546.0,75.0,65.0,18.0,Angwamu_(Oil_Rice)_with_Hot_Pepper_and_Egg,615.79,38.98,64.77,13.31,Atsoomo_(Chin-Chin),307.38,5.91,36.59,10.85,1714.17,127.89,202.36,49.16
58,Female,60.9,1.61,Weight Loss,Hausa_Koko_(millet_porridge)_with_Koose,394.0,10.0,38.0,6.0,Banku_with_Okra_Soup,625.0,30.0,59.0,8.0,Jollof_Rice_with_Chicken,715.0,45.0,65.0,17.0,Atsoomo_(Chin-Chin),307.38,5.91,36.59,10.85,2041.38,90.91,198.59,41.85
59,Male,83.3,1.64,Muscle Gain,White_porridge_and_bread,333.0,8.0,55.0,5.0,Jollof_Rice_with_Chicken,619.2,39.43,64.97,13.31,Boiled_Plantain/Yam_and_Garden_egg_stew,645.0,26.0,69.0,9.0,Atsoomo_(Chin-Chin),307.38,5.91,36.59,10.85,1904.58,79.34,225.56,38.16
27,Female,57.1,1.56,Weight Loss,Tea/Milo/Coffee_with_bread,311.0,6.0,40.0,4.0,Angwamu_(Oil_Rice)_with_Hot_Pepper_and_Egg,515.0,28.0,52.0,16.0,Fufu_with_Light_Soup_with_Goat_Meat,584.0,34.0,80.0,12.0,Atsoomo_(Chin-Chin),307.38,5.91,36.59,10.85,1717.38,73.91,208.59,42.85
15,Female,49.9,1.19,Muscle Gain,Tom_Brown_and_bread,337.0,12.0,61.0,5.0,Waakye_and_Fish_with_egg,563.0,61.0,68.0,10.0,Plain_Rice_with_Chicken,569.0,58.0,60.0,17.0,Agbelikaklo_with_Coconut,229.0,4.0,47.0,10.0,1698.0,135.0,236.0,42.0
21,Male,59.2,1.73,Weight Loss,Oatmeal,270.0,9.0,40.0,3.0,Banku_and_Tilapia_with_Hot_Pepper,639.0,45.0,60.0,12.0,Fufu_with_Light_Soup_with_Goat_Meat,788.0,33.0,72.0,10.0,Kofi_Brokeman_(Roasted_Plantain_with_Groundnut),264.0,6.0,36.0,7.0,1961.0,93.0,208.0,32.0
15,Female,50.1,1.23,Muscle Gain,Koko_with_Bofroat_(corn_dough_porridge_with_buffloaf),322.0,14.0,56.0,8.0,Jollof_Rice_with_Chicken,652.0,52.0,83.0,17.0,Boiled_Plantain/Yam_and_Garden_egg_stew,358.0,30.0,61.0,8.0,Atsoomo_(Chin-Chin),307.38,5.91,36.59,10.85,1639.38,101.91,236.59,43.85
9,Female,37.5,1.05,Weight Loss,Koko_with_Bofroat_(corn_dough_porridge_with_buffloaf),347.0,12.0,58.0,8.0,Waakye_and_Fish_with_egg,465.0,44.0,72.0,8.0,Jollof_Rice_with_Chicken,486.0,50.0,81.0,17.0,Atsoomo_(Chin-Chin),307.38,5.91,36.59,10.85,1605.38,111.91,247.59,43.85
45,Male,78.8,1.71,Muscle Gain,Koko_with_Bofroat_(corn_dough_porridge_with_buffloaf),469.0,13.0,60.0,10.0,Red-Red_(Beans_and_Plantain_with_red_oil),524.0,31.0,50.0,17.0,Fufu_with_Light_Soup_with_Goat_Meat,888.0,40.0,89.0,13.0,Atsoomo_(Chin-Chin),307.38,5.91,36.59,10.85,2188.38,89.91,235.59,50.85
31,Female,61.2,1.69,Weight Loss,Tom_Brown_and_bread,395.0,9.0,53.0,4.0,Jollof_Rice_with_Chicken,740.0,39.0,83.0,17.0,Fufu_with_Light_Soup_with_Goat_Meat,686.0,30.0,81.0,11.0,Plantain_Chips,307.0,3.0,37.0,9.0,2128.0,81.0,254.0,41.0
31,Female,60.4,1.58,Weight Loss,Hausa_Koko_(millet_porridge)_with_Koose,299.0,12.0,40.0,5.0,Angwamu_(Oil_Rice)_with_Hot_Pepper_and_Egg,545.0,23.0,49.0,20.0,Angwamu_(Oil_Rice)_with_Hot_Pepper_and_Egg,615.79,38.98,64.77,13.31,Atsoomo_(Chin-Chin),307.38,5.91,36.59,10.85,1767.17,79.89,190.36,49.16
19,Female,60.3,1.59,Weight Loss,Koko_with_Bofroat_(corn_dough_porridge_with_buffloaf),398.0,9.0,54.0,6.0,Boiled_Plantain/Yam_and_Garden_egg_stew,411.0,17.0,50.0,8.0,Kenkey_and_Fried_Fish_with_Hot_Pepper,641.0,32.0,57.0,17.0,Kofi_Brokeman_(Roasted_Plantain_with_Groundnut),256.0,7.0,40.0,7.0,1706.0,65.0,201.0,38.0
30,Female,62.8,1.52,Weight Loss,Tea/Milo/Coffee_with_bread,262.0,6.0,36.0,7.0,Kenkey_and_Fried_Fish_with_Hot_Pepper,581.0,37.0,50.0,13.0,Red-Red_(Beans_and_Plantain_with_red_oil),533.0,25.0,50.0,15.0,Atsoomo_(Chin-Chin),307.38,5.91,36.59,10.85,1683.38,73.91,172.59,45.85
30,Female,76.2,1.6,Muscle Gain,Oatmeal,336.42,9.46,47.78,5.3,Kenkey_and_Fried_Fish_with_Hot_Pepper,579.0,37.0,53.0,19.0,Fufu_with_Light_Soup_with_Goat_Meat,704.0,39.0,91.0,15.0,Atsoomo_(Chin-Chin),307.38,5.91,36.59,10.85,1926.8,91.37,228.37,50.15
67,Female,54.4,1.57,Weight Loss,Oatmeal,225.0,11.0,44.0,2.0,Tuo_Zaafi_with_Meat_Stew,596.0,27.0,63.0,8.0,Angwamu_(Oil_Rice)_with_Hot_Pepper_and_Egg,534.0,27.0,48.0,14.0,Atsoomo_(Chin-Chin),307.38,5.91,36.59,10.85,1662.38,70.91,191.59,34.85
49,Female,73.1,1.49,Muscle Gain,Oatmeal,336.42,9.46,47.78,5.3,Fufu_with_Light_Soup_with_Goat_Meat,666.0,46.0,70.0,15.0,Waakye_and_Fish_with_egg,636.0,45.0,64.0,12.0,Atsoomo_(Chin-Chin),307.38,5.91,36.59,10.85,1945.8,106.37,218.37,43.15
36,Female,73.3,1.6,Muscle Gain,Oatmeal,336.42,9.46,47.78,5.3,Plain_Rice_with_Chicken,683.0,57.0,62.0,19.0,Boiled_Plantain/Yam_and_Garden_egg_stew,528.0,21.0,64.0,10.0,Plantain_Chips,277.0,3.0,45.0,10.0,1824.42,90.46,218.78,44.3
46,Female,58.5,1.64,Weight Loss,White_porridge_and_bread,272.0,7.0,51.0,4.0,Jollof_Rice_with_Chicken,619.2,39.43,64.97,13.31,Tuo_Zaafi_with_Meat_Stew,543.0,30.0,72.0,9.0,Nkatie_Cake_(Groundnut_Cake),340.0,11.0,19.0,14.0,1774.2,87.43,206.97,40.31
66,Female,68.1,1.59,Muscle Gain,Rice_water_and_bread,303.0,9.0,49.0,4.0,Red-Red_(Beans_and_Plantain_with_red_oil),447.0,37.0,60.0,14.0,Angwamu_(Oil_Rice)_with_Hot_Pepper_and_Egg,615.79,38.98,64.77,13.31,Atsoomo_(Chin-Chin),307.38,5.91,36.59,10.85,1673.17,90.89,210.36,42.16
33,Female,75.2,1.69,Muscle Gain,Tea/Milo/Coffee_with_bread,271.0,7.0,36.0,6.0,Waakye_and_Fish_with_egg,662.0,49.0,70.0,12.0,Tuo_Zaafi_with_Meat_Stew,750.0,33.0,72.0,13.0,Atsoomo_(Chin-Chin),307.38,5.91,36.59,10.85,1990.38,94.91,214.59,41.85
44,Female,67.2,1.54,Muscle Gain,Rice_water_and_bread,310.0,10.0,54.0,5.0,Jollof_Rice_with_Chicken,619.2,39.43,64.97,13.31,Plain_Rice_with_Chicken,729.0,45.0,77.0,17.0,Atsoomo_(Chin-Chin),307.38,5.91,36.59,10.85,1965.58,100.34,232.56,46.16
63,Female,69.9,1.58,Muscle Gain,Oatmeal,260.0,12.0,43.0,3.0,Jollof_Rice_with_Chicken,619.2,39.43,64.97,13.31,Tuo_Zaafi_with_Meat_Stew,611.0,39.0,71.0,11.0,Atsoomo_(Chin-Chin),307.38,5.91,36.59,10.85,1797.58,96.34,215.56,38.16
17,Female,44.5,1.27,Weight Loss,Tom_Brown_and_bread,278.0,10.0,59.0,4.0,Tuo_Zaafi_with_Meat_Stew,513.0,43.0,57.0,12.0,Angwamu_(Oil_Rice)_with_Hot_Pepper_and_Egg,456.0,33.0,48.0,15.0,Atsoomo_(Chin-Chin),307.38,5.91,36.59,10.85,1554.38,91.91,200.59,41.85
22,Male,82.4,1.67,Muscle Gain,Oatmeal,376.0,9.0,41.0,5.0,Fufu_with_Light_Soup_with_Goat_Meat,889.0,44.0,88.0,15.0,Angwamu_(Oil_Rice)_with_Hot_Pepper_and_Egg,601.0,33.0,66.0,19.0,Atsoomo_(Chin-Chin),307.38,5.91,36.59,10.85,2173.38,91.91,231.59,49.85
19,Female,59.5,1.59,Weight Loss,Oatmeal,311.0,9.0,36.0,4.0,Kenkey_and_Fried_Fish_with_Hot_Pepper,547.0,35.0,49.0,13.0,Banku_and_Tilapia_with_Hot_Pepper,586.0,42.0,60.0,11.0,Plantain_Chips,276.0,3.0,39.0,10.0,1720.0,89.0,184.0,38.0
45,Female,71.0,1.6,Muscle Gain,Tom_Brown_and_bread,425.0,10.0,67.0,6.0,Kenkey_and_Fried_Fish_with_Hot_Pepper,600.0,44.0,60.0,18.0,Red-Red_(Beans_and_Plantain_with_red_oil),520.0,31.0,52.0,19.0,Atsoomo_(Chin-Chin),307.38,5.91,36.59,10.85,1852.38,90.91,215.59,53.85
13,Female,46.8,1.16,Muscle Gain,Koko_with_Bofroat_(corn_dough_porridge_with_buffloaf),371.0,12.0,61.0,9.0,Boiled_Plantain/Yam_and_Garden_egg_stew,473.0,28.0,68.0,10.0,Plain_Rice_with_Chicken,568.0,73.0,80.0,20.0,Nkatie_Cake_(Groundnut_Cake),312.0,12.0,26.0,16.0,1724.0,125.0,235.0,55.0
23,Male,64.5,1.77,Weight Loss,Hausa_Koko_(millet_porridge)_with_Koose,435.0,11.0,41.0,6.0,Jollof_Rice_with_Chicken,619.2,39.43,64.97,13.31,Tuo_Zaafi_with_Meat_Stew,620.0,35.0,71.0,11.0,Agbelikaklo_with_Coconut,339.0,4.0,41.0,7.0,2013.2,89.43,217.97,37.31
49,Male,69.6,1.74,Muscle Gain,Oatmeal,336.42,9.46,47.78,5.3,Plain_Rice_with_Chicken,765.0,52.0,77.0,19.0,Kenkey_and_Fried_Fish_with_Hot_Pepper,792.0,44.0,52.0,18.0,Atsoomo_(Chin-Chin),307.38,5.91,36.59,10.85,2200.8,111.37,213.37,53.15
42,Male,68.6,1.68,Weight Loss,Hausa_Koko_(millet_porridge)_with_Koose,442.0,13.0,35.0,6.0,Jollof_Rice_with_Chicken,619.2,39.43,64.97,13.31,Angwamu_(Oil_Rice)_with_Hot_Pepper_and_Egg,615.79,38.98,64.77,13.31,Agbelikaklo_with_Coconut,343.0,4.0,45.0,8.0,2019.99,95.41,209.74,40.62
73,Male,75.6,1.69,Muscle Gain,Hausa_Koko_(millet_porridge)_with_Koose,377.0,14.0,46.0,6.0,Red-Red_(Beans_and_Plantain_with_red_oil),584.0,32.0,60.0,15.0,Angwamu_(Oil_Rice)_with_Hot_Pepper_and_Egg,615.79,38.98,64.77,13.31,Atsoomo_(Chin-Chin),307.38,5.91,36.59,10.85,1884.17,90.89,207.36,45.16
42,Male,82.5,1.75,Muscle Gain,Tom_Brown_and_bread,423.0,9.0,56.0,6.0,Jollof_Rice_with_Chicken,768.0,56.0,80.0,17.0,Fufu_with_Light_Soup_with_Goat_Meat,790.0,46.0,81.0,14.0,Atsoomo_(Chin-Chin),307.38,5.91,36.59,10.85,2288.38,116.91,253.59,47.85
16,Male,57.2,1.33,Muscle Gain,Tom_Brown_and_bread,371.0,13.0,68.0,6.0,Tuo_Zaafi_with_Meat_Stew,654.0,43.0,79.0,13.0,Angwamu_(Oil_Rice)_with_Hot_Pepper_and_Egg,615.79,38.98,64.77,13.31,Kofi_Brokeman_(Roasted_Plantain_with_Groundnut),236.0,9.0,38.0,10.0,1876.79,103.98,249.77,42.31
65,Male,60.4,1.7,Weight Loss,Koko_with_Bofroat_(corn_dough_porridge_with_buffloaf),431.0,11.0,59.0,7.0,Banku_and_Tilapia_with_Hot_Pepper,596.0,35.0,49.0,8.0,Angwamu_(Oil_Rice)_with_Hot_Pepper_and_Egg,615.79,38.98,64.77,13.31,Atsoomo_(Chin-Chin),307.38,5.91,36.59,10.85,1950.17,90.89,209.36,39.16
30,Female,77.3,1.61,Muscle Gain,Tea/Milo/Coffee_with_bread,264.0,6.0,39.0,8.0,Jollof_Rice_with_Chicken,619.2,39.43,64.97,13.31,Waakye_and_Fish_with_egg,685.0,48.0,61.0,13.0,Atsoomo_(Chin-Chin),379.0,3.0,39.0,20.0,1947.2,96.43,203.97,54.31
66,Male,74.0,1.7,Muscle Gain,Oatmeal,312.0,10.0,50.0,4.0,Red-Red_(Beans_and_Plantain_with_red_oil),564.0,39.0,60.0,16.0,Angwamu_(Oil_Rice)_with_Hot_Pepper_and_Egg,615.79,38.98,64.77,13.31,Atsoomo_(Chin-Chin),307.38,5.91,36.59,10.85,1799.17,93.89,211.36,44.16
21,Male,76.4,1.75,Muscle Gain,Tom_Brown_and_bread,468.0,10.0,51.0,6.0,Kenkey_and_Fried_Fish_with_Hot_Pepper,629.0,50.0,68.0,20.0,Angwamu_(Oil_Rice)_with_Hot_Pepper_and_Egg,574.0,33.0,58.0,23.0,Atsoomo_(Chin-Chin),307.38,5.91,36.59,10.85,1978.38,98.91,213.59,59.85
31,Female,55.1,1.61,Weight Loss,Tea/Milo/Coffee_with_bread,242.0,6.0,40.0,5.0,Waakye_and_Fish_with_egg,571.0,37.0,55.0,10.0,Kenkey_and_Fried_Fish_with_Hot_Pepper,503.0,36.0,45.0,15.0,Atsoomo_(Chin-Chin),307.38,5.91,36.59,10.85,1623.38,84.91,176.59,40.85
19,Female,55.5,1.56,Weight Loss,Rice_water_and_bread,319.0,8.0,47.0,3.0,Boiled_Plantain/Yam_and_Garden_egg_stew,538.0,19.0,50.0,6.0,Banku_with_Okra_Soup,609.0,28.0,58.0,9.0,Kofi_Brokeman_(Roasted_Plantain_with_Groundnut),287.0,7.0,36.0,6.0,1753.0,62.0,191.0,24.0
29,Male,58.0,1.64,Weight Loss,Koko_with_Bofroat_(corn_dough_porridge_with_buffloaf),405.0,8.0,56.0,8.0,Plain_Rice_with_Chicken,734.0,52.0,63.0,14.0,Tuo_Zaafi_with_Meat_Stew,614.0,39.0,59.0,10.0,Atsoomo_(Chin-Chin),387.0,3.0,27.0,13.0,2140.0,102.0,205.0,45.0
34,Female,72.4,1.67,Muscle Gain,Koko_with_Bofroat_(corn_dough_porridge_with_buffloaf),468.0,10.0,52.0,9.0,Angwamu_(Oil_Rice)_with_Hot_Pepper_and_Egg,587.0,25.0,63.0,25.0,Waakye_and_Fish_with_egg,652.0,50.0,74.0,11.0,Atsoomo_(Chin-Chin),307.38,5.91,36.59,10.85,2014.38,90.91,225.59,55.85
67,Female,57.4,1.57,Weight Loss,Hausa_Koko_(millet_porridge)_with_Koose,278.0,11.0,43.0,4.0,Jollof_Rice_with_Chicken,619.2,39.43,64.97,13.31,Boiled_Plantain/Yam_and_Garden_egg_stew,436.0,20.0,63.0,7.0,Atsoomo_(Chin-Chin),307.38,5.91,36.59,10.85,1640.58,76.34,207.56,35.16
48,Male,63.1,1.67,Weight Loss,Tea/Milo/Coffee_with_bread,268.0,6.0,31.0,5.0,Banku_with_Okra_Soup,724.0,28.0,64.0,8.0,Boiled_Plantain/Yam_and_Garden_egg_stew,573.0,22.0,62.0,7.0,Atsoomo_(Chin-Chin),307.38,5.91,36.59,10.85,1872.38,61.91,193.59,30.85
55,Female,74.6,1.63,Muscle Gain,Oatmeal,325.0,10.0,41.0,4.0,Banku_with_Okra_Soup,619.0,39.0,79.0,11.0,Kenkey_and_Fried_Fish_with_Hot_Pepper,707.0,44.0,68.0,18.0,Atsoomo_(Chin-Chin),307.38,5.91,36.59,10.85,1958.38,98.91,224.59,43.85
76,Male,72.9,1.68,Muscle Gain,Oatmeal,336.42,9.46,47.78,5.3,Jollof_Rice_with_Chicken,739.0,45.0,94.0,14.0,Boiled_Plantain/Yam_and_Garden_egg_stew,479.0,27.0,66.0,7.0,Agbelikaklo_with_Coconut,280.0,4.0,55.0,9.0,1834.42,85.46,262.78,35.3
84,Male,72.8,1.64,Muscle Gain,Hausa_Koko_(millet_porridge)_with_Koose,408.0,15.0,41.0,5.0,Kenkey_and_Fried_Fish_with_Hot_Pepper,580.0,39.0,55.0,17.0,Red-Red_(Beans_and_Plantain_with_red_oil),501.0,33.0,50.0,15.0,Atsoomo_(Chin-Chin),307.38,5.91,36.59,10.85,1796.38,92.91,182.59,47.85
74,Male,73.0,1.66,Muscle Gain,Hausa_Koko_(millet_porridge)_with_Koose,376.0,15.0,39.0,5.0,Jollof_Rice_with_Chicken,696.0,45.0,86.0,17.0,Angwamu_(Oil_Rice)_with_Hot_Pepper_and_Egg,615.79,38.98,64.77,13.31,Atsoomo_(Chin-Chin),307.38,5.91,36.59,10.85,1995.17,104.89,226.36,46.16
55,Female,67.1,1.56,Muscle Gain,Rice_water_and_bread,300.0,9.0,59.0,5.0,Angwamu_(Oil_Rice)_with_Hot_Pepper_and_Egg,649.0,27.0,65.0,19.0,Fufu_with_Light_Soup_with_Goat_Meat,723.0,48.0,86.0,14.0,Atsoomo_(Chin-Chin),307.38,5.91,36.59,10.85,1979.38,89.91,246.59,48.85
27,Female,65.7,1.57,Muscle Gain,Tom_Brown_and_bread,346.0,8.0,65.0,5.0,Jollof_Rice_with_Chicken,619.2,39.43,64.97,13.31,Waakye_and_Fish_with_egg,673.0,51.0,69.0,10.0,Atsoomo_(Chin-Chin),307.38,5.91,36.59,10.85,1945.58,104.34,235.56,39.16
44,Female,71.2,1.6,Muscle Gain,Oatmeal,271.0,10.0,41.0,5.0,Tuo_Zaafi_with_Meat_Stew,641.0,36.0,85.0,14.0,Kenkey_and_Fried_Fish_with_Hot_Pepper,663.0,44.0,61.0,19.0,Atsoomo_(Chin-Chin),307.38,5.91,36.59,10.85,1882.38,95.91,223.59,48.85
31,Male,66.9,1.66,Weight Loss,White_porridge_and_bread,385.0,6.0,51.0,4.0,Banku_and_Tilapia_with_Hot_Pepper,679.0,37.0,66.0,11.0,Tuo_Zaafi_with_Meat_Stew,654.0,29.0,65.0,11.0,Atsoomo_(Chin-Chin),307.38,5.91,36.59,10.85,2025.38,77.91,218.59,36.85
7,Male,37.0,1.03,Weight Loss,Oatmeal,336.42,9.46,47.78,5.3,Tuo_Zaafi_with_Meat_Stew,595.0,42.0,59.0,11.0,Fufu_with_Light_Soup_with_Goat_Meat,551.0,47.0,70.0,9.0,Plantain_Chips,266.0,3.0,37.0,8.0,1748.42,101.46,213.78,33.3
34,Female,63.9,1.66,Muscle Gain,Koko_with_Bofroat_(corn_dough_porridge_with_buffloaf),411.0,9.0,68.0,9.0,Boiled_Plantain/Yam_and_Garden_egg_stew,567.0,24.0,67.0,8.0,Angwamu_(Oil_Rice)_with_Hot_Pepper_and_Egg,574.0,27.0,55.0,21.0,Atsoomo_(Chin-Chin),307.38,5.91,36.59,10.85,1859.38,65.91,226.59,48.85
46,Male,62.0,1.64,Weight Loss,Hausa_Koko_(millet_porridge)_with_Koose,366.0,12.0,36.0,6.0,Banku_and_Tilapia_with_Hot_Pepper,628.0,41.0,49.0,10.0,Jollof_Rice_with_Chicken,684.0,41.0,84.0,14.0,Atsoomo_(Chin-Chin),307.38,5.91,36.59,10.85,1985.38,99.91,205.59,40.85
21,Male,72.7,1.69,Muscle Gain,Oatmeal,336.42,9.46,47.78,5.3,Angwamu_(Oil_Rice)_with_Hot_Pepper_and_Egg,733.0,27.0,57.0,25.0,Boiled_Plantain/Yam_and_Garden_egg_stew,525.0,24.0,70.0,8.0,Atsoomo_(Chin-Chin),307.38,5.91,36.59,10.85,1901.8,66.37,211.37,49.15
67,Female,57.1,1.6,Weight Loss,Tea/Milo/Coffee_with_bread,266.0,5.0,40.0,5.0,Angwamu_(Oil_Rice)_with_Hot_Pepper_and_Egg,492.0,28.0,61.0,13.0,Red-Red_(Beans_and_Plantain_with_red_oil),422.0,27.0,50.0,9.0,Atsoomo_(Chin-Chin),301.0,4.0,36.0,12.0,1481.0,64.0,187.0,39.0
23,Male,72.3,1.68,Muscle Gain,Tea/Milo/Coffee_with_bread,305.0,7.0,44.0,6.0,Kenkey_and_Fried_Fish_with_Hot_Pepper,618.0,45.0,61.0,18.0,Boiled_Plantain/Yam_and_Garden_egg_stew,536.0,21.0,60.0,10.0,Atsoomo_(Chin-Chin),307.38,5.91,36.59,10.85,1766.38,78.91,201.59,44.85
12,Female,42.9,1.22,Weight Loss,Koko_with_Bofroat_(corn_dough_porridge_with_buffloaf),309.0,9.0,52.0,8.0,Jollof_Rice_with_Chicken,510.0,46.0,78.0,16.0,Boiled_Plantain/Yam_and_Garden_egg_stew,327.0,20.0,63.0,7.0,Atsoomo_(Chin-Chin),307.38,5.91,36.59,10.85,1453.38,80.91,229.59,41.85
37,Female,57.6,1.51,Weight Loss,Tom_Brown_and_bread,332.0,8.0,45.0,4.0,Banku_with_Okra_Soup,574.0,30.0,75.0,9.0,Jollof_Rice_with_Chicken,723.0,44.0,81.0,17.0,Atsoomo_(Chin-Chin),307.38,5.91,36.59,10.85,1936.38,87.91,237.59,40.85
41,Male,82.8,1.74,Muscle Gain,Oatmeal,336.42,9.46,47.78,5.3,Waakye_and_Fish_with_egg,783.0,49.0,62.0,11.0,Jollof_Rice_with_Chicken,864.0,54.0,78.0,21.0,Agbelikaklo_with_Coconut,401.0,6.0,50.0,9.0,2384.42,118.46,237.78,46.3
20,Male,81.0,1.72,Muscle Gain,Tea/Milo/Coffee_with_bread,298.0,7.0,41.0,8.0,Banku_and_Tilapia_with_Hot_Pepper,663.0,55.0,70.0,14.0,Waakye_and_Fish_with_egg,680.0,56.0,67.0,11.0,Roasted/Boiled_Maize_with_Coconut,341.0,7.0,39.0,9.0,1982.0,125.0,217.0,42.0
12,Male,51.9,1.3,Weight Loss,Rice_water_and_bread,231.0,8.0,45.0,3.0,Fufu_with_Light_Soup_with_Goat_Meat,622.0,48.0,61.0,10.0,Angwamu_(Oil_Rice)_with_Hot_Pepper_and_Egg,440.0,35.0,45.0,16.0,Agbelikaklo_with_Coconut,224.0,4.0,51.0,6.0,1517.0,95.0,202.0,35.0
36,Male,68.7,1.66,Weight Loss,White_porridge_and_bread,310.0,6.0,52.0,4.0,Plain_Rice_with_Chicken,629.0,56.0,55.0,16.0,Angwamu_(Oil_Rice)_with_Hot_Pepper_and_Egg,615.79,38.98,64.77,13.31,Agbelikaklo_with_Coconut,348.0,4.0,49.0,6.0,1902.79,104.98,220.77,39.31
7,Female,42.9,1.0,Muscle Gain,Hausa_Koko_(millet_porridge)_with_Koose,325.0,18.0,49.0,8.0,Boiled_Plantain/Yam_and_Garden_egg_stew,382.0,26.0,67.0,9.0,Banku_and_Tilapia_with_Hot_Pepper,438.0,54.0,65.0,13.0,Atsoomo_(Chin-Chin),307.38,5.91,36.59,10.85,1452.38,103.91,217.59,40.85
34,Male,56.6,1.76,Weight Loss,White_porridge_and_bread,330.0,6.0,50.0,4.0,Fufu_with_Light_Soup_with_Goat_Meat,798.0,34.0,78.0,12.0,Jollof_Rice_with_Chicken,811.0,41.0,80.0,16.0,Atsoomo_(Chin-Chin),307.38,5.91,36.59,10.85,2246.38,86.91,244.59,42.85
35,Male,79.6,1.73,Muscle Gain,Tea/Milo/Coffee_with_bread,383.0,6.0,40.0,8.0,Banku_and_Tilapia_with_Hot_Pepper,617.0,55.0,64.0,16.0,Kenkey_and_Fried_Fish_with_Hot_Pepper,601.0,42.0,51.0,22.0,Atsoomo_(Chin-Chin),307.38,5.91,36.59,10.85,1908.38,108.91,191.59,56.85
9,Female,47.0,1.08,Muscle Gain,Koko_with_Bofroat_(corn_dough_porridge_with_buffloaf),315.0,12.0,55.0,11.0,Plain_Rice_with_Chicken,594.0,60.0,70.0,18.0,Jollof_Rice_with_Chicken,595.0,51.0,72.0,18.0,Kofi_Brokeman_(Roasted_Plantain_with_Groundnut),216.0,9.0,43.0,9.0,1720.0,132.0,240.0,56.0
44,Male,82.3,1.81,Muscle Gain,Koko_with_Bofroat_(corn_dough_porridge_with_buffloaf),471.0,14.0,52.0,9.0,Plain_Rice_with_Chicken,837.0,56.0,79.0,20.0,Boiled_Plantain/Yam_and_Garden_egg_stew,607.0,26.0,68.0,9.0,Kofi_Brokeman_(Roasted_Plantain_with_Groundnut),339.0,7.0,34.0,11.0,2254.0,103.0,233.0,49.0
68,Female,67.7,1.54,Muscle Gain,White_porridge_and_bread,302.0,8.0,52.0,4.0,Plain_Rice_with_Chicken,702.0,61.0,73.0,14.0,Tuo_Zaafi_with_Meat_Stew,569.0,36.0,67.0,11.0,Kofi_Brokeman_(Roasted_Plantain_with_Groundnut),265.0,8.0,43.0,9.0,1838.0,113.0,235.0,38.0
11,Male,58.8,1.22,Muscle Gain,Tom_Brown_and_bread,343.0,9.0,64.0,6.0,Fufu_with_Light_Soup_with_Goat_Meat,707.0,52.0,88.0,13.0,Banku_and_Tilapia_with_Hot_Pepper,550.0,66.0,73.0,17.0,Atsoomo_(Chin-Chin),307.38,5.91,36.59,10.85,1907.38,132.91,261.59,46.85
55,Male,66.9,1.76,Weight Loss,Rice_water_and_bread,334.0,7.0,55.0,3.0,Plain_Rice_with_Chicken,774.0,44.0,63.0,14.0,Fufu_with_Light_Soup_with_Goat_Meat,700.0,34.0,80.0,12.0,Atsoomo_(Chin-Chin),307.38,5.91,36.59,10.85,2115.38,90.91,234.59,39.85
47,Male,78.0,1.66,Muscle Gain,Hausa_Koko_(millet_porridge)_with_Koose,370.0,15.0,48.0,7.0,Boiled_Plantain/Yam_and_Garden_egg_stew,585.0,28.0,69.0,11.0,Plain_Rice_with_Chicken,760.0,60.0,68.0,17.0,Roasted/Boiled_Maize_with_Coconut,261.0,7.0,45.0,8.0,1976.0,110.0,230.0,43.0
74,Male,75.1,1.66,Muscle Gain,White_porridge_and_bread,380.0,8.0,56.0,4.0,Red-Red_(Beans_and_Plantain_with_red_oil),476.0,36.0,54.0,13.0,Angwamu_(Oil_Rice)_with_Hot_Pepper_and_Egg,615.79,38.98,64.77,13.31,Atsoomo_(Chin-Chin),307.38,5.91,36.59,10.85,1779.17,88.89,211.36,41.16
56,Male,66.1,1.66,Weight Loss,Rice_water_and_bread,313.0,7.0,54.0,3.0,Jollof_Rice_with_Chicken,619.2,39.43,64.97,13.31,Angwamu_(Oil_Rice)_with_Hot_Pepper_and_Egg,578.0,24.0,46.0,16.0,Atsoomo_(Chin-Chin),307.38,5.91,36.59,10.85,1817.58,76.34,201.56,43.16
53,Male,83.4,1.67,Muscle Gain,Koko_with_Bofroat_(corn_dough_porridge_with_buffloaf),467.0,13.0,61.0,11.0,Fufu_with_Light_Soup_with_Goat_Meat,856.0,50.0,81.0,14.0,Angwamu_(Oil_Rice)_with_Hot_Pepper_and_Egg,615.79,38.98,64.77,13.31,Atsoomo_(Chin-Chin),462.0,4.0,35.0,19.0,2400.79,105.98,241.77,57.31
38,Female,75.6,1.5,Muscle Gain,Oatmeal,300.0,12.0,48.0,5.0,Waakye_and_Fish_with_egg,735.0,51.0,64.0,11.0,Boiled_Plantain/Yam_and_Garden_egg_stew,559.0,21.0,68.0,10.0,Atsoomo_(Chin-Chin),307.38,5.91,36.59,10.85,1901.38,89.91,216.59,36.85
33,Female,68.7,1.49,Muscle Gain,Rice_water_and_bread,293.0,7.0,52.0,4.0,Plain_Rice_with_Chicken,642.0,58.0,66.0,20.0,Boiled_Plantain/Yam_and_Garden_egg_stew,572.0,25.0,59.0,8.0,Atsoomo_(Chin-Chin),307.38,5.91,36.59,10.85,1814.38,95.91,213.59,42.85
30,Male,68.7,1.7,Muscle Gain,Oatmeal,336.42,9.46,47.78,5.3,Plain_Rice_with_Chicken,689.0,62.0,60.0,20.0,Banku_with_Okra_Soup,735.0,44.0,66.0,10.0,Atsoomo_(Chin-Chin),307.38,5.91,36.59,10.85,2067.8,121.37,210.37,46.15
54,Female,75.1,1.62,Muscle Gain,Hausa_Koko_(millet_porridge)_with_Koose,363.0,13.0,41.0,7.0,Boiled_Plantain/Yam_and_Garden_egg_stew,606.0,25.0,63.0,10.0,Red-Red_(Beans_and_Plantain_with_red_oil),605.0,33.0,47.0,18.0,Plantain_Chips,326.0,3.0,44.0,10.0,1900.0,74.0,195.0,45.0
23,Male,63.0,1.64,Weight Loss,White_porridge_and_bread,355.0,8.0,46.0,4.0,Jollof_Rice_with_Chicken,687.0,46.0,69.0,13.0,Waakye_and_Fish_with_egg,749.0,46.0,54.0,10.0,Atsoomo_(Chin-Chin),307.38,5.91,36.59,10.85,2098.38,105.91,205.59,37.85
54,Male,71.2,1.6,Muscle Gain,Rice_water_and_bread,376.0,8.0,62.0,4.0,Boiled_Plantain/Yam_and_Garden_egg_stew,509.0,24.0,72.0,8.0,Red-Red_(Beans_and_Plantain_with_red_oil),634.0,39.0,58.0,15.0,Nkatie_Cake_(Groundnut_Cake),433.0,10.0,26.0,18.0,1952.0,81.0,218.0,45.0
44,Male,79.9,1.69,Muscle Gain,Oatmeal,363.0,9.0,40.0,5.0,Jollof_Rice_with_Chicken,926.0,55.0,77.0,19.0,Angwamu_(Oil_Rice)_with_Hot_Pepper_and_Egg,615.79,38.98,64.77,13.31,Nkatie_Cake_(Groundnut_Cake),363.0,10.0,25.0,17.0,2267.79,112.98,206.77,54.31
20,Female,73.7,1.57,Muscle Gain,Rice_water_and_bread,354.0,10.0,61.0,4.0,Banku_with_Okra_Soup,691.0,39.0,70.0,12.0,Boiled_Plantain/Yam_and_Garden_egg_stew,591.0,26.0,73.0,11.0,Atsoomo_(Chin-Chin),307.38,5.91,36.59,10.85,1943.38,80.91,240.59,37.85
12,Male,47.0,1.27,Weight Loss,Oatmeal,336.42,9.46,47.78,5.3,Waakye_and_Fish_with_egg,550.0,55.0,64.0,10.0,Fufu_with_Light_Soup_with_Goat_Meat,567.0,46.0,76.0,12.0,Atsoomo_(Chin-Chin),307.38,5.91,36.59,10.85,1760.8,116.37,224.37,38.15
53,Male,62.2,1.71,Weight Loss,Tom_Brown_and_bread,382.0,9.0,48.0,4.0,Boiled_Plantain/Yam_and_Garden_egg_stew,455.0,19.0,52.0,8.0,Jollof_Rice_with_Chicken,752.0,44.0,79.0,17.0,Atsoomo_(Chin-Chin),307.38,5.91,36.59,10.85,1896.38,77.91,215.59,39.85
57,Male,82.6,1.77,Muscle Gain,Hausa_Koko_(millet_porridge)_with_Koose,466.0,13.0,44.0,7.0,Banku_with_Okra_Soup,830.0,42.0,65.0,11.0,Waakye_and_Fish_with_egg,645.0,52.0,79.0,10.0,Atsoomo_(Chin-Chin),307.38,5.91,36.59,10.85,2248.38,112.91,224.59,38.85
42,Female,59.4,1.57,Weight Loss,Hausa_Koko_(millet_porridge)_with_Koose,344.0,12.0,37.0,5.0,Jollof_Rice_with_Chicken,687.0,34.0,86.0,17.0,Fufu_with_Light_Soup_with_Goat_Meat,613.0,32.0,62.0,10.0,Atsoomo_(Chin-Chin),317.0,3.0,35.0,16.0,1961.0,81.0,220.0,48.0
28,Female,58.4,1.63,Weight Loss,Rice_water_and_bread,292.0,8.0,48.0,4.0,Jollof_Rice_with_Chicken,619.2,39.43,64.97,13.31,Jollof_Rice_with_Chicken,613.0,35.0,75.0,15.0,Atsoomo_(Chin-Chin),307.38,5.91,36.59,10.85,1831.58,88.34,224.56,43.16
29,Female,67.8,1.62,Muscle Gain,Koko_with_Bofroat_(corn_dough_porridge_with_buffloaf),411.0,12.0,57.0,10.0,Jollof_Rice_with_Chicken,680.0,50.0,96.0,20.0,Boiled_Plantain/Yam_and_Garden_egg_stew,551.0,25.0,56.0,11.0,Kofi_Brokeman_(Roasted_Plantain_with_Groundnut),257.0,7.0,41.0,10.0,1899.0,94.0,250.0,51.0
11,Female,54.7,1.19,Muscle Gain,White_porridge_and_bread,316.0,9.0,51.0,5.0,Plain_Rice_with_Chicken,577.0,73.0,66.0,18.0,Red-Red_(Beans_and_Plantain_with_red_oil),426.0,43.0,61.0,18.0,Atsoomo_(Chin-Chin),307.38,5.91,36.59,10.85,1626.38,130.91,214.59,51.85
83,Male,56.6,1.62,Weight Loss,Hausa_Koko_(millet_porridge)_with_Koose,305.0,13.0,36.0,4.0,Tuo_Zaafi_with_Meat_Stew,693.0,29.0,76.0,8.0,Banku_and_Tilapia_with_Hot_Pepper,598.0,45.0,66.0,8.0,Atsoomo_(Chin-Chin),307.38,5.91,36.59,10.85,1903.38,92.91,214.59,30.85
48,Female,57.1,1.6,Weight Loss,White_porridge_and_bread,293.0,6.0,54.0,4.0,Red-Red_(Beans_and_Plantain_with_red_oil),547.0,25.0,49.0,12.0,Fufu_with_Light_Soup_with_Goat_Meat,603.0,31.0,64.0,9.0,Kofi_Brokeman_(Roasted_Plantain_with_Groundnut),238.0,6.0,32.0,6.0,1681.0,68.0,199.0,31.0
85,Male,71.2,1.64,Muscle Gain,Rice_water_and_bread,350.0,9.0,54.0,4.0,Banku_and_Tilapia_with_Hot_Pepper,662.0,50.0,62.0,13.0,Angwamu_(Oil_Rice)_with_Hot_Pepper_and_Egg,615.79,38.98,64.77,13.31,Atsoomo_(Chin-Chin),307.38,5.91,36.59,10.85,1935.17,103.89,217.36,41.16
35,Male,83.7,1.8,Muscle Gain,Tea/Milo/Coffee_with_bread,338.0,6.0,43.0,7.0,Fufu_with_Light_Soup_with_Goat_Meat,739.0,48.0,82.0,15.0,Kenkey_and_Fried_Fish_with_Hot_Pepper,614.0,40.0,68.0,21.0,Atsoomo_(Chin-Chin),307.38,5.91,36.59,10.85,1998.38,99.91,229.59,53.85
10,Male,56.1,1.19,Muscle Gain,White_porridge_and_bread,323.0,9.0,62.0,6.0,Plain_Rice_with_Chicken,643.0,66.0,68.0,16.0,Banku_and_Tilapia_with_Hot_Pepper,536.0,67.0,58.0,13.0,Kofi_Brokeman_(Roasted_Plantain_with_Groundnut),231.0,9.0,43.0,10.0,1733.0,151.0,231.0,45.0
31,Male,80.2,1.77,Muscle Gain,Oatmeal,336.42,9.46,47.78,5.3,Boiled_Plantain/Yam_and_Garden_egg_stew,643.0,27.0,66.0,8.0,Angwamu_(Oil_Rice)_with_Hot_Pepper_and_Egg,615.79,38.98,64.77,13.31,Agbelikaklo_with_Coconut,350.0,6.0,49.0,10.0,1945.21,81.44,227.55,36.61
33,Female,72.3,1.56,Muscle Gain,Hausa_Koko_(millet_porridge)_with_Koose,356.0,14.0,50.0,8.0,Tuo_Zaafi_with_Meat_Stew,589.0,38.0,66.0,15.0,Red-Red_(Beans_and_Plantain_with_red_oil),552.0,33.0,62.0,19.0,Atsoomo_(Chin-Chin),307.38,5.91,36.59,10.85,1804.38,90.91,214.59,52.85
7,Female,31.2,1.0,Weight Loss,Koko_with_Bofroat_(corn_dough_porridge_with_buffloaf),327.0,9.0,57.0,7.0,Plain_Rice_with_Chicken,525.0,57.0,65.0,12.0,Red-Red_(Beans_and_Plantain_with_red_oil),399.0,30.0,54.0,12.0,Atsoomo_(Chin-Chin),238.0,3.0,33.0,17.0,1489.0,99.0,209.0,48.0
34,Male,74.4,1.7,Muscle Gain,Rice_water_and_bread,379.0,9.0,56.0,4.0,Jollof_Rice_with_Chicken,920.0,49.0,87.0,18.0,Banku_with_Okra_Soup,764.0,33.0,67.0,13.0,Roasted/Boiled_Maize_with_Coconut,308.0,6.0,45.0,7.0,2371.0,97.0,255.0,42.0
51,Female,60.1,1.54,Weight Loss,White_porridge_and_bread,321.0,6.0,42.0,4.0,Fufu_with_Light_Soup_with_Goat_Meat,658.0,30.0,77.0,9.0,Boiled_Plantain/Yam_and_Garden_egg_stew,528.0,21.0,62.0,7.0,Atsoomo_(Chin-Chin),307.38,5.91,36.59,10.85,1814.38,62.91,217.59,30.85
18,Male,59.9,1.73,Weight Loss,Hausa_Koko_(millet_porridge)_with_Koose,393.0,13.0,45.0,6.0,Red-Red_(Beans_and_Plantain_with_red_oil),545.0,33.0,53.0,12.0,Angwamu_(Oil_Rice)_with_Hot_Pepper_and_Egg,542.0,30.0,53.0,19.0,Atsoomo_(Chin-Chin),307.38,5.91,36.59,10.85,1787.38,81.91,187.59,47.85
58,Male,58.1,1.61,Weight Loss,Oatmeal,275.0,9.0,37.0,3.0,Kenkey_and_Fried_Fish_with_Hot_Pepper,640.0,39.0,51.0,17.0,Banku_with_Okra_Soup,591.0,28.0,60.0,9.0,Plantain_Chips,272.0,3.0,41.0,8.0,1778.0,79.0,189.0,37.0
20,Male,78.1,1.71,Muscle Gain,Hausa_Koko_(millet_porridge)_with_Koose,451.0,16.0,47.0,8.0,Waakye_and_Fish_with_egg,801.0,48.0,74.0,12.0,Jollof_Rice_with_Chicken,946.0,56.0,73.0,20.0,Atsoomo_(Chin-Chin),307.38,5.91,36.59,10.85,2505.38,125.91,230.59,50.85
49,Female,67.4,1.56,Muscle Gain,Tea/Milo/Coffee_with_bread,348.0,7.0,38.0,7.0,Waakye_and_Fish_with_egg,731.0,43.0,64.0,10.0,Angwamu_(Oil_Rice)_with_Hot_Pepper_and_Egg,615.79,38.98,64.77,13.31,Atsoomo_(Chin-Chin),307.38,5.91,36.59,10.85,2002.17,94.89,203.36,41.16
64,Male,74.3,1.67,Muscle Gain,Rice_water_and_bread,294.0,8.0,61.0,3.0,Banku_and_Tilapia_with_Hot_Pepper,713.0,46.0,59.0,11.0,Boiled_Plantain/Yam_and_Garden_egg_stew,522.0,22.0,61.0,8.0,Nkatie_Cake_(Groundnut_Cake),294.0,14.0,22.0,15.0,1823.0,90.0,203.0,37.0
54,Female,52.8,1.51,Weight Loss,Koko_with_Bofroat_(corn_dough_porridge_with_buffloaf),434.0,9.0,58.0,7.0,Banku_and_Tilapia_with_Hot_Pepper,519.0,35.0,63.0,11.0,Kenkey_and_Fried_Fish_with_Hot_Pepper,511.0,35.0,59.0,16.0,Atsoomo_(Chin-Chin),307.38,5.91,36.59,10.85,1771.38,84.91,216.59,44.85
46,Female,61.2,1.65,Weight Loss,Koko_with_Bofroat_(corn_dough_porridge_with_buffloaf),400.0,9.0,52.0,6.0,Kenkey_and_Fried_Fish_with_Hot_Pepper,637.0,33.0,51.0,14.0,Banku_and_Tilapia_with_Hot_Pepper,652.0,34.0,64.0,12.0,Roasted/Boiled_Maize_with_Coconut,279.0,5.0,31.0,7.0,1968.0,81.0,198.0,39.0
72,Male,73.3,1.68,Muscle Gain,Tom_Brown_and_bread,326.0,8.0,61.0,4.0,Waakye_and_Fish_with_egg,717.0,58.0,60.0,10.0,Tuo_Zaafi_with_Meat_Stew,713.0,36.0,81.0,11.0,Atsoomo_(Chin-Chin),307.38,5.91,36.59,10.85,2063.38,107.91,238.59,35.85
76,Female,53.6,1.56,Weight Loss,Oatmeal,336.42,9.46,47.78,5.3,Angwamu_(Oil_Rice)_with_Hot_Pepper_and_Egg,515.0,25.0,57.0,12.0,Boiled_Plantain/Yam_and_Garden_egg_stew,423.0,21.0,66.0,4.0,Atsoomo_(Chin-Chin),307.38,5.91,36.59,10.85,1581.8,61.37,207.37,32.15
49,Female,59.5,1.67,Weight Loss,White_porridge_and_bread,361.0,8.0,45.0,4.0,Red-Red_(Beans_and_Plantain_with_red_oil),441.0,24.0,47.0,15.0,Fufu_with_Light_Soup_with_Goat_Meat,595.0,33.0,65.0,12.0,Atsoomo_(Chin-Chin),307.38,5.91,36.59,10.85,1704.38,70.91,193.59,41.85
44,Male,58.8,1.68,Weight Loss,Tom_Brown_and_bread,419.0,9.0,55.0,4.0,Angwamu_(Oil_Rice)_with_Hot_Pepper_and_Egg,592.0,25.0,46.0,17.0,Fufu_with_Light_Soup_with_Goat_Meat,618.0,35.0,64.0,9.0,Atsoomo_(Chin-Chin),307.38,5.91,36.59,10.85,1936.38,74.91,201.59,40.85
57,Female,60.0,1.55,Weight Loss,White_porridge_and_bread,345.0,8.0,42.0,4.0,Waakye_and_Fish_with_egg,676.0,36.0,63.0,10.0,Banku_and_Tilapia_with_Hot_Pepper,501.0,43.0,59.0,12.0,Roasted/Boiled_Maize_with_Coconut,235.0,6.0,30.0,5.0,1757.0,93.0,194.0,31.0
51,Male,57.5,1.72,Weight Loss,Rice_water_and_bread,323.0,8.0,46.0,4.0,Angwamu_(Oil_Rice)_with_Hot_Pepper_and_Egg,610.0,23.0,57.0,16.0,Fufu_with_Light_Soup_with_Goat_Meat,652.0,42.0,62.0,11.0,Kofi_Brokeman_(Roasted_Plantain_with_Groundnut),260.0,7.0,33.0,6.0,1845.0,80.0,198.0,37.0
35,Female,71.8,1.58,Muscle Gain,Rice_water_and_bread,308.0,10.0,63.0,4.0,Plain_Rice_with_Chicken,721.0,60.0,77.0,20.0,Banku_with_Okra_Soup,749.0,34.0,85.0,11.0,Plantain_Chips,312.0,3.0,49.0,11.0,2090.0,107.0,274.0,46.0
29,Female,68.2,1.55,Muscle Gain,Tom_Brown_and_bread,412.0,9.0,61.0,5.0,Jollof_Rice_with_Chicken,619.2,39.43,64.97,13.31,Angwamu_(Oil_Rice)_with_Hot_Pepper_and_Egg,615.79,38.98,64.77,13.31,Atsoomo_(Chin-Chin),307.38,5.91,36.59,10.85,1954.37,93.32,227.33,42.47
78,Male,74.8,1.65,Muscle Gain,Tom_Brown_and_bread,365.0,9.0,57.0,4.0,Kenkey_and_Fried_Fish_with_Hot_Pepper,595.0,43.0,61.0,14.0,Angwamu_(Oil_Rice)_with_Hot_Pepper_and_Egg,684.0,30.0,59.0,18.0,Atsoomo_(Chin-Chin),405.0,3.0,34.0,15.0,2049.0,85.0,211.0,51.0
18,Male,58.3,1.7,Weight Loss,White_porridge_and_bread,377.0,6.0,45.0,4.0,Jollof_Rice_with_Chicken,619.2,39.43,64.97,13.31,Tuo_Zaafi_with_Meat_Stew,690.0,30.0,58.0,9.0,Atsoomo_(Chin-Chin),307.38,5.91,36.59,10.85,1993.58,81.34,204.56,37.16
35,Male,78.2,1.72,Muscle Gain,Oatmeal,336.42,9.46,47.78,5.3,Jollof_Rice_with_Chicken,619.2,39.43,64.97,13.31,Jollof_Rice_with_Chicken,827.0,52.0,74.0,18.0,Atsoomo_(Chin-Chin),307.38,5.91,36.59,10.85,2090.0,106.8,223.34,47.46
59,Male,83.0,1.69,Muscle Gain,White_porridge_and_bread,409.0,7.0,49.0,6.0,Jollof_Rice_with_Chicken,619.2,39.43,64.97,13.31,Waakye_and_Fish_with_egg,744.0,48.0,61.0,13.0,Plantain_Chips,376.0,3.0,41.0,11.0,2148.2,97.43,215.97,43.31
46,Female,71.1,1.59,Muscle Gain,Tom_Brown_and_bread,402.0,12.0,60.0,6.0,Banku_with_Okra_Soup,600.0,38.0,71.0,12.0,Plain_Rice_with_Chicken,797.0,50.0,72.0,16.0,Atsoomo_(Chin-Chin),307.38,5.91,36.59,10.85,2106.38,105.91,239.59,44.85
50,Female,55.1,1.52,Weight Loss,White_porridge_and_bread,325.0,7.0,46.0,4.0,Tuo_Zaafi_with_Meat_Stew,631.0,30.0,76.0,9.0,Jollof_Rice_with_Chicken,603.0,43.0,70.0,15.0,Atsoomo_(Chin-Chin),307.38,5.91,36.59,10.85,1866.38,85.91,228.59,38.85
24,Female,50.4,1.58,Weight Loss,Oatmeal,279.0,9.0,42.0,4.0,Kenkey_and_Fried_Fish_with_Hot_Pepper,572.0,34.0,50.0,17.0,Angwamu_(Oil_Rice)_with_Hot_Pepper_and_Egg,487.0,26.0,55.0,19.0,Atsoomo_(Chin-Chin),307.38,5.91,36.59,10.85,1645.38,74.91,183.59,50.85
32,Female,61.4,1.56,Weight Loss,Tea/Milo/Coffee_with_bread,274.0,5.0,33.0,6.0,Kenkey_and_Fried_Fish_with_Hot_Pepper,633.0,32.0,46.0,16.0,Jollof_Rice_with_Chicken,717.0,36.0,81.0,16.0,Atsoomo_(Chin-Chin),307.38,5.91,36.59,10.85,1931.38,78.91,196.59,48.85
70,Female,67.1,1.6,Muscle Gain,Oatmeal,303.0,12.0,51.0,4.0,Tuo_Zaafi_with_Meat_Stew,554.0,32.0,71.0,11.0,Red-Red_(Beans_and_Plantain_with_red_oil),509.0,37.0,49.0,15.0,Atsoomo_(Chin-Chin),307.38,5.91,36.59,10.85,1673.38,86.91,207.59,40.85
26,Male,68.3,1.77,Weight Loss,Tom_Brown_and_bread,377.0,8.0,45.0,4.0,Banku_and_Tilapia_with_Hot_Pepper,687.0,45.0,60.0,10.0,Jollof_Rice_with_Chicken,724.0,45.0,83.0,17.0,Agbelikaklo_with_Coconut,364.0,5.0,42.0,6.0,2152.0,103.0,230.0,37.0
23,Male,78.0,1.68,Muscle Gain,Oatmeal,319.0,9.0,50.0,5.0,Angwamu_(Oil_Rice)_with_Hot_Pepper_and_Egg,744.0,30.0,67.0,19.0,Boiled_Plantain/Yam_and_Garden_egg_stew,548.0,24.0,71.0,9.0,Agbelikaklo_with_Coconut,334.0,4.0,57.0,9.0,1945.0,67.0,245.0,42.0
27,Female,53.1,1.62,Weight Loss,Oatmeal,295.0,9.0,42.0,3.0,Banku_with_Okra_Soup,630.0,33.0,66.0,9.0,Angwamu_(Oil_Rice)_with_Hot_Pepper_and_Egg,508.0,25.0,52.0,19.0,Atsoomo_(Chin-Chin),307.38,5.91,36.59,10.85,1740.38,72.91,196.59,41.85
51,Male,78.8,1.74,Muscle Gain,Oatmeal,336.42,9.46,47.78,5.3,Boiled_Plantain/Yam_and_Garden_egg_stew,540.0,27.0,59.0,10.0,Fufu_with_Light_Soup_with_Goat_Meat,864.0,37.0,84.0,13.0,Atsoomo_(Chin-Chin),307.38,5.91,36.59,10.85,2047.8,79.37,227.37,39.15
55,Female,66.0,1.6,Muscle Gain,Koko_with_Bofroat_(corn_dough_porridge_with_buffloaf),407.0,12.0,55.0,11.0,Jollof_Rice_with_Chicken,619.2,39.43,64.97,13.31,Kenkey_and_Fried_Fish_with_Hot_Pepper,709.0,42.0,61.0,19.0,Agbelikaklo_with_Coconut,301.0,4.0,46.0,10.0,2036.2,97.43,226.97,53.31
12,Male,47.4,1.29,Weight Loss,Hausa_Koko_(millet_porridge)_with_Koose,322.0,14.0,39.0,7.0,Red-Red_(Beans_and_Plantain_with_red_oil),438.0,39.0,45.0,16.0,Plain_Rice_with_Chicken,649.0,63.0,70.0,14.0,Atsoomo_(Chin-Chin),307.38,5.91,36.59,10.85,1716.38,121.91,190.59,47.85
83,Male,69.6,1.61,Muscle Gain,Oatmeal,309.0,14.0,39.0,3.0,Fufu_with_Light_Soup_with_Goat_Meat,711.0,50.0,69.0,13.0,Tuo_Zaafi_with_Meat_Stew,734.0,37.0,80.0,11.0,Kofi_Brokeman_(Roasted_Plantain_with_Groundnut),283.0,8.0,41.0,9.0,2037.0,109.0,229.0,36.0
67,Male,76.1,1.69,Muscle Gain,Oatmeal,316.0,10.0,40.0,4.0,Banku_with_Okra_Soup,719.0,33.0,71.0,9.0,Jollof_Rice_with_Chicken,776.0,46.0,85.0,17.0,Atsoomo_(Chin-Chin),307.38,5.91,36.59,10.85,2118.38,94.91,232.59,40.85
42,Female,66.8,1.64,Muscle Gain,Oatmeal,336.42,9.46,47.78,5.3,Waakye_and_Fish_with_egg,696.0,51.0,77.0,12.0,Fufu_with_Light_Soup_with_Goat_Meat,607.0,39.0,82.0,13.0,Roasted/Boiled_Maize_with_Coconut,304.0,7.0,41.0,8.0,1943.42,106.46,247.78,38.3
27,Male,79.7,1.67,Muscle Gain,Koko_with_Bofroat_(corn_dough_porridge_with_buffloaf),485.0,13.0,66.0,9.0,Plain_Rice_with_Chicken,892.0,50.0,67.0,16.0,Fufu_with_Light_Soup_with_Goat_Meat,873.0,39.0,89.0,15.0,Atsoomo_(Chin-Chin),307.38,5.91,36.59,10.85,2557.38,107.91,258.59,50.85
33,Female,54.2,1.58,Weight Loss,Koko_with_Bofroat_(corn_dough_porridge_with_buffloaf),454.0,11.0,58.0,7.0,Angwamu_(Oil_Rice)_with_Hot_Pepper_and_Egg,544.0,26.0,53.0,16.0,Jollof_Rice_with_Chicken,602.0,34.0,86.0,16.0,Agbelikaklo_with_Coconut,299.0,4.0,43.0,7.0,1899.0,75.0,240.0,46.0
33,Female,67.1,1.67,Muscle Gain,Oatmeal,262.0,12.0,45.0,5.0,Jollof_Rice_with_Chicken,619.2,39.43,64.97,13.31,Jollof_Rice_with_Chicken,812.0,46.0,96.0,17.0,Roasted/Boiled_Maize_with_Coconut,295.0,6.0,44.0,6.0,1988.2,103.43,249.97,41.31
68,Male,64.3,1.66,Weight Loss,Oatmeal,336.42,9.46,47.78,5.3,Boiled_Plantain/Yam_and_Garden_egg_stew,487.0,20.0,56.0,7.0,Red-Red_(Beans_and_Plantain_with_red_oil),433.0,26.0,44.0,13.0,Atsoomo_(Chin-Chin),307.38,5.91,36.59,10.85,1563.8,61.37,184.37,36.15
36,Female,74.4,1.57,Muscle Gain,Rice_water_and_bread,354.0,7.0,50.0,4.0,Banku_with_Okra_Soup,620.0,39.0,85.0,13.0,Plain_Rice_with_Chicken,730.0,57.0,72.0,19.0,Atsoomo_(Chin-Chin),307.38,5.91,36.59,10.85,2011.38,108.91,243.59,46.85
16,Female,42.8,1.24,Weight Loss,Oatmeal,336.42,9.46,47.78,5.3,Waakye_and_Fish_with_egg,500.0,56.0,69.0,8.0,Kenkey_and_Fried_Fish_with_Hot_Pepper,429.0,43.0,49.0,16.0,Roasted/Boiled_Maize_with_Coconut,216.0,6.0,32.0,5.0,1481.42,114.46,197.78,34.3
65,Male,62.4,1.66,Weight Loss,Oatmeal,336.42,9.46,47.78,5.3,Jollof_Rice_with_Chicken,644.0,48.0,71.0,14.0,Angwamu_(Oil_Rice)_with_Hot_Pepper_and_Egg,615.79,38.98,64.77,13.31,Atsoomo_(Chin-Chin),307.38,5.91,36.59,10.85,1903.59,102.35,220.14,43.46
45,Male,66.1,1.62,Weight Loss,Tom_Brown_and_bread,356.0,8.0,59.0,4.0,Boiled_Plantain/Yam_and_Garden_egg_stew,452.0,18.0,53.0,8.0,Fufu_with_Light_Soup_with_Goat_Meat,642.0,37.0,70.0,11.0,Atsoomo_(Chin-Chin),307.38,5.91,36.59,10.85,1757.38,68.91,218.59,33.85
58,Female,63.5,1.56,Muscle Gain,Rice_water_and_bread,369.0,9.0,53.0,4.0,Banku_and_Tilapia_with_Hot_Pepper,617.0,48.0,60.0,15.0,Waakye_and_Fish_with_egg,779.0,54.0,75.0,12.0,Atsoomo_(Chin-Chin),377.0,3.0,39.0,19.0,2142.0,114.0,227.0,50.0
19,Male,78.2,1.79,Muscle Gain,Tom_Brown_and_bread,413.0,9.0,52.0,5.0,Fufu_with_Light_Soup_with_Goat_Meat,892.0,43.0,78.0,15.0,Tuo_Zaafi_with_Meat_Stew,855.0,34.0,85.0,12.0,Atsoomo_(Chin-Chin),307.38,5.91,36.59,10.85,2467.38,91.91,251.59,42.85
15,Female,39.9,1.2,Weight Loss,Koko_with_Bofroat_(corn_dough_porridge_with_buffloaf),349.0,10.0,61.0,8.0,Boiled_Plantain/Yam_and_Garden_egg_stew,355.0,24.0,56.0,6.0,Red-Red_(Beans_and_Plantain_with_red_oil),359.0,38.0,55.0,13.0,Atsoomo_(Chin-Chin),307.38,5.91,36.59,10.85,1370.38,77.91,208.59,37.85
79,Male,75.4,1.62,Muscle Gain,Hausa_Koko_(millet_porridge)_with_Koose,350.0,16.0,50.0,5.0,Fufu_with_Light_Soup_with_Goat_Meat,810.0,44.0,90.0,11.0,Jollof_Rice_with_Chicken,842.0,54.0,78.0,16.0,Atsoomo_(Chin-Chin),307.38,5.91,36.59,10.85,2309.38,119.91,254.59,42.85
57,Male,68.8,1.64,Muscle Gain,Oatmeal,322.0,13.0,43.0,5.0,Angwamu_(Oil_Rice)_with_Hot_Pepper_and_Egg,751.0,32.0,52.0,20.0,Angwamu_(Oil_Rice)_with_Hot_Pepper_and_Egg,615.79,38.98,64.77,13.31,Atsoomo_(Chin-Chin),307.38,5.91,36.59,10.85,1996.17,89.89,196.36,49.16
10,Female,50.4,1.13,Muscle Gain,Tom_Brown_and_bread,264.0,10.0,56.0,5.0,Plain_Rice_with_Chicken,575.0,69.0,61.0,17.0,Angwamu_(Oil_Rice)_with_Hot_Pepper_and_Egg,528.0,38.0,62.0,22.0,Atsoomo_(Chin-Chin),327.0,3.0,39.0,19.0,1694.0,120.0,218.0,63.0
71,Female,53.8,1.54,Weight Loss,Tea/Milo/Coffee_with_bread,234.0,6.0,36.0,4.0,Plain_Rice_with_Chicken,617.0,50.0,63.0,13.0,Boiled_Plantain/Yam_and_Garden_egg_stew,477.0,19.0,56.0,5.0,Atsoomo_(Chin-Chin),307.38,5.91,36.59,10.85,1635.38,80.91,191.59,32.85
25,Female,68.3,1.6,Muscle Gain,Koko_with_Bofroat_(corn_dough_porridge_with_buffloaf),487.0,12.0,59.0,8.0,Kenkey_and_Fried_Fish_with_Hot_Pepper,537.0,42.0,63.0,20.0,Fufu_with_Light_Soup_with_Goat_Meat,616.0,38.0,73.0,16.0,Atsoomo_(Chin-Chin),307.38,5.91,36.59,10.85,1947.38,97.91,231.59,54.85
79,Female,57.1,1.57,Weight Loss,Hausa_Koko_(millet_porridge)_with_Koose,279.0,11.0,39.0,4.0,Fufu_with_Light_Soup_with_Goat_Meat,526.0,37.0,61.0,8.0,Angwamu_(Oil_Rice)_with_Hot_Pepper_and_Egg,615.79,38.98,64.77,13.31,Roasted/Boiled_Maize_with_Coconut,253.0,6.0,39.0,4.0,1673.79,92.98,203.77,29.31
12,Female,53.2,1.21,Muscle Gain,Oatmeal,210.0,15.0,39.0,5.0,Banku_and_Tilapia_with_Hot_Pepper,558.0,50.0,62.0,16.0,Plain_Rice_with_Chicken,644.0,73.0,62.0,19.0,Plantain_Chips,266.0,3.0,39.0,13.0,1678.0,141.0,202.0,53.0
22,Male,64.6,1.61,Weight Loss,Oatmeal,348.0,11.0,36.0,3.0,Kenkey_and_Fried_Fish_with_Hot_Pepper,694.0,40.0,48.0,17.0,Boiled_Plantain/Yam_and_Garden_egg_stew,526.0,18.0,50.0,7.0,Atsoomo_(Chin-Chin),307.38,5.91,36.59,10.85,1875.38,74.91,170.59,37.85
48,Male,79.4,1.74,Muscle Gain,Oatmeal,336.42,9.46,47.78,5.3,Fufu_with_Light_Soup_with_Goat_Meat,783.0,46.0,76.0,13.0,Angwamu_(Oil_Rice)_with_Hot_Pepper_and_Egg,611.0,33.0,63.0,20.0,Atsoomo_(Chin-Chin),307.38,5.91,36.59,10.85,2037.8,94.37,223.37,49.15
7,Female,44.1,1.0,Muscle Gain,Tom_Brown_and_bread,284.0,12.0,54.0,5.0,Boiled_Plantain/Yam_and_Garden_egg_stew,418.0,25.0,65.0,9.0,Tuo_Zaafi_with_Meat_Stew,574.0,38.0,83.0,14.0,Atsoomo_(Chin-Chin),307.38,5.91,36.59,10.85,1583.38,80.91,238.59,38.85
19,Female,74.3,1.58,Muscle Gain,Oatmeal,284.0,13.0,41.0,5.0,Banku_and_Tilapia_with_Hot_Pepper,624.0,45.0,68.0,16.0,Kenkey_and_Fried_Fish_with_Hot_Pepper,707.0,38.0,60.0,20.0,Roasted/Boiled_Maize_with_Coconut,280.0,6.0,42.0,7.0,1895.0,102.0,211.0,48.0
33,Male,72.5,1.69,Muscle Gain,Hausa_Koko_(millet_porridge)_with_Koose,455.0,16.0,46.0,7.0,Banku_and_Tilapia_with_Hot_Pepper,760.0,49.0,72.0,16.0,Fufu_with_Light_Soup_with_Goat_Meat,719.0,45.0,74.0,15.0,Nkatie_Cake_(Groundnut_Cake),345.0,13.0,25.0,17.0,2279.0,123.0,217.0,55.0
36,Male,73.5,1.71,Muscle Gain,Koko_with_Bofroat_(corn_dough_porridge_with_buffloaf),477.0,13.0,54.0,10.0,Waakye_and_Fish_with_egg,806.0,52.0,67.0,11.0,Angwamu_(Oil_Rice)_with_Hot_Pepper_and_Egg,707.0,31.0,66.0,19.0,Atsoomo_(Chin-Chin),307.38,5.91,36.59,10.85,2297.38,101.91,223.59,50.85
63,Male,65.2,1.69,Weight Loss,Oatmeal,297.0,11.0,41.0,3.0,Kenkey_and_Fried_Fish_with_Hot_Pepper,581.0,34.0,56.0,11.0,Boiled_Plantain/Yam_and_Garden_egg_stew,425.0,22.0,50.0,5.0,Atsoomo_(Chin-Chin),307.38,5.91,36.59,10.85,1610.38,72.91,183.59,29.85
37,Female,63.1,1.69,Weight Loss,White_porridge_and_bread,351.0,6.0,47.0,4.0,Kenkey_and_Fried_Fish_with_Hot_Pepper,516.0,34.0,52.0,16.0,Plain_Rice_with_Chicken,635.0,49.0,54.0,13.0,Atsoomo_(Chin-Chin),367.0,4.0,28.0,14.0,1869.0,93.0,181.0,47.0
65,Female,58.2,1.56,Weight Loss,Tom_Brown_and_bread,351.0,7.0,47.0,4.0,Angwamu_(Oil_Rice)_with_Hot_Pepper_and_Egg,455.0,24.0,54.0,16.0,Kenkey_and_Fried_Fish_with_Hot_Pepper,489.0,33.0,48.0,13.0,Atsoomo_(Chin-Chin),307.38,5.91,36.59,10.85,1602.38,69.91,185.59,43.85
34,Male,60.8,1.76,Weight Loss,Tom_Brown_and_bread,408.0,7.0,47.0,4.0,Banku_with_Okra_Soup,602.0,30.0,74.0,9.0,Kenkey_and_Fried_Fish_with_Hot_Pepper,595.0,36.0,49.0,14.0,Nkatie_Cake_(Groundnut_Cake),319.0,11.0,19.0,14.0,1924.0,84.0,189.0,41.0
54,Male,60.8,1.78,Weight Loss,Tom_Brown_and_bread,355.0,11.0,53.0,4.0,Waakye_and_Fish_with_egg,621.0,40.0,64.0,9.0,Angwamu_(Oil_Rice)_with_Hot_Pepper_and_Egg,615.79,38.98,64.77,13.31,Atsoomo_(Chin-Chin),307.38,5.91,36.59,10.85,1899.17,95.89,218.36,37.16
14,Female,48.9,1.17,Muscle Gain,Koko_with_Bofroat_(corn_dough_porridge_with_buffloaf),330.0,15.0,51.0,11.0,Waakye_and_Fish_with_egg,608.0,52.0,77.0,10.0,Fufu_with_Light_Soup_with_Goat_Meat,616.0,54.0,72.0,16.0,Atsoomo_(Chin-Chin),307.38,5.91,36.59,10.85,1861.38,126.91,236.59,47.85
84,Female,67.6,1.51,Muscle Gain,Tom_Brown_and_bread,347.0,9.0,65.0,4.0,Plain_Rice_with_Chicken,665.0,52.0,77.0,16.0,Jollof_Rice_with_Chicken,591.0,49.0,96.0,14.0,Atsoomo_(Chin-Chin),307.38,5.91,36.59,10.85,1910.38,115.91,274.59,44.85
37,Male,82.8,1.64,Muscle Gain,Hausa_Koko_(millet_porridge)_with_Koose,360.0,13.0,48.0,8.0,Plain_Rice_with_Chicken,810.0,66.0,61.0,15.0,Boiled_Plantain/Yam_and_Garden_egg_stew,511.0,28.0,69.0,8.0,Atsoomo_(Chin-Chin),307.38,5.91,36.59,10.85,1988.38,112.91,214.59,41.85
42,Female,62.4,1.65,Weight Loss,White_porridge_and_bread,317.0,6.0,50.0,4.0,Red-Red_(Beans_and_Plantain_with_red_oil),508.0,27.0,51.0,16.0,Banku_and_Tilapia_with_Hot_Pepper,618.0,33.0,62.0,11.0,Atsoomo_(Chin-Chin),307.38,5.91,36.59,10.85,1750.38,71.91,199.59,41.85
7,Female,42.5,1.0,Muscle Gain,Rice_water_and_bread,273.0,9.0,51.0,5.0,Jollof_Rice_with_Chicken,619.2,39.43,64.97,13.31,Plain_Rice_with_Chicken,579.0,62.0,64.0,17.0,Atsoomo_(Chin-Chin),307.38,5.91,36.59,10.85,1778.58,116.34,216.56,46.16
81,Female,57.0,1.54,Weight Loss,Tea/Milo/Coffee_with_bread,280.0,6.0,36.0,4.0,Jollof_Rice_with_Chicken,619.2,39.43,64.97,13.31,Fufu_with_Light_Soup_with_Goat_Meat,536.0,38.0,78.0,9.0,Nkatie_Cake_(Groundnut_Cake),282.0,11.0,25.0,11.0,1717.2,94.43,203.97,37.31
41,Female,76.6,1.67,Muscle Gain,Hausa_Koko_(millet_porridge)_with_Koose,431.0,12.0,44.0,8.0,Boiled_Plantain/Yam_and_Garden_egg_stew,536.0,22.0,67.0,9.0,Banku_and_Tilapia_with_Hot_Pepper,636.0,48.0,68.0,13.0,Plantain_Chips,294.0,3.0,49.0,13.0,1897.0,85.0,228.0,43.0
11,Female,42.1,1.16,Weight Loss,White_porridge_and_bread,262.0,7.0,44.0,4.0,Fufu_with_Light_Soup_with_Goat_Meat,500.0,44.0,62.0,10.0,Angwamu_(Oil_Rice)_with_Hot_Pepper_and_Egg,492.0,30.0,50.0,18.0,Atsoomo_(Chin-Chin),307.38,5.91,36.59,10.85,1561.38,86.91,192.59,42.85
5,Male,38.3,1.0,Muscle Gain,Koko_with_Bofroat_(corn_dough_porridge_with_buffloaf),348.0,15.0,55.0,10.0,Banku_and_Tilapia_with_Hot_Pepper,595.0,66.0,57.0,16.0,Angwamu_(Oil_Rice)_with_Hot_Pepper_and_Egg,615.79,38.98,64.77,13.31,Atsoomo_(Chin-Chin),307.38,5.91,36.59,10.85,1866.17,125.89,213.36,50.16
77,Male,70.6,1.67,Muscle Gain,Koko_with_Bofroat_(corn_dough_porridge_with_buffloaf),447.0,9.0,59.0,7.0,Angwamu_(Oil_Rice)_with_Hot_Pepper_and_Egg,550.0,27.0,58.0,19.0,Angwamu_(Oil_Rice)_with_Hot_Pepper_and_Egg,615.79,38.98,64.77,13.31,Atsoomo_(Chin-Chin),307.38,5.91,36.59,10.85,1920.17,80.89,218.36,50.16
13,Female,34.2,1.14,Weight Loss,White_porridge_and_bread,271.0,7.0,45.0,4.0,Kenkey_and_Fried_Fish_with_Hot_Pepper,420.0,42.0,53.0,16.0,Boiled_Plantain/Yam_and_Garden_egg_stew,360.0,26.0,55.0,7.0,Kofi_Brokeman_(Roasted_Plantain_with_Groundnut),192.0,8.0,34.0,8.0,1243.0,83.0,187.0,35.0
44,Male,79.1,1.78,Muscle Gain,Rice_water_and_bread,334.0,7.0,59.0,5.0,Tuo_Zaafi_with_Meat_Stew,660.0,46.0,81.0,12.0,Banku_with_Okra_Soup,810.0,39.0,81.0,10.0,Nkatie_Cake_(Groundnut_Cake),409.0,13.0,25.0,19.0,2213.0,105.0,246.0,46.0
35,Female,58.3,1.67,Weight Loss,Tom_Brown_and_bread,355.0,8.0,46.0,4.0,Waakye_and_Fish_with_egg,553.0,44.0,54.0,10.0,Banku_and_Tilapia_with_Hot_Pepper,661.0,42.0,51.0,12.0,Atsoomo_(Chin-Chin),307.38,5.91,36.59,10.85,1876.38,99.91,187.59,36.85
54,Female,61.8,1.68,Weight Loss,Oatmeal,273.0,8.0,35.0,4.0,Banku_with_Okra_Soup,676.0,27.0,74.0,9.0,Angwamu_(Oil_Rice)_with_Hot_Pepper_and_Egg,615.79,38.98,64.77,13.31,Atsoomo_(Chin-Chin),307.38,5.91,36.59,10.85,1872.17,79.89,210.36,37.16
18,Male,78.5,1.73,Muscle Gain,Tea/Milo/Coffee_with_bread,369.0,6.0,45.0,7.0,Waakye_and_Fish_with_egg,653.0,49.0,64.0,10.0,Kenkey_and_Fried_Fish_with_Hot_Pepper,642.0,45.0,67.0,22.0,Atsoomo_(Chin-Chin),307.38,5.91,36.59,10.85,1971.38,105.91,212.59,49.85
26,Male,73.7,1.73,Muscle Gain,Oatmeal,317.0,14.0,42.0,4.0,Tuo_Zaafi_with_Meat_Stew,854.0,39.0,82.0,14.0,Banku_with_Okra_Soup,705.0,40.0,69.0,10.0,Roasted/Boiled_Maize_with_Coconut,324.0,6.0,36.0,8.0,2200.0,99.0,229.0,36.0
50,Female,58.3,1.61,Weight Loss,Oatmeal,302.0,11.0,38.0,3.0,Jollof_Rice_with_Chicken,619.2,39.43,64.97,13.31,Boiled_Plantain/Yam_and_Garden_egg_stew,467.0,17.0,58.0,8.0,Atsoomo_(Chin-Chin),307.38,5.91,36.59,10.85,1695.58,73.34,197.56,35.16
44,Female,66.1,1.59,Muscle Gain,Hausa_Koko_(millet_porridge)_with_Koose,333.0,12.0,46.0,8.0,Boiled_Plantain/Yam_and_Garden_egg_stew,558.0,22.0,70.0,9.0,Red-Red_(Beans_and_Plantain_with_red_oil),568.0,36.0,53.0,17.0,Nkatie_Cake_(Groundnut_Cake),334.0,13.0,24.0,18.0,1793.0,83.0,193.0,52.0
81,Female,64.8,1.52,Muscle Gain,White_porridge_and_bread,335.0,8.0,55.0,4.0,Tuo_Zaafi_with_Meat_Stew,684.0,39.0,74.0,10.0,Jollof_Rice_with_Chicken,657.0,45.0,82.0,17.0,Atsoomo_(Chin-Chin),307.38,5.91,36.59,10.85,1983.38,97.91,247.59,41.85
48,Female,60.6,1.57,Weight Loss,Oatmeal,239.0,10.0,43.0,3.0,Kenkey_and_Fried_Fish_with_Hot_Pepper,533.0,39.0,49.0,15.0,Waakye_and_Fish_with_egg,708.0,42.0,55.0,9.0,Atsoomo_(Chin-Chin),307.38,5.91,36.59,10.85,1787.38,96.91,183.59,37.85
30,Female,57.8,1.61,Weight Loss,Rice_water_and_bread,289.0,7.0,51.0,4.0,Plain_Rice_with_Chicken,640.0,45.0,71.0,12.0,Banku_and_Tilapia_with_Hot_Pepper,619.0,33.0,56.0,11.0,Plantain_Chips,311.0,3.0,45.0,8.0,1859.0,88.0,223.0,35.0
25,Female,68.8,1.55,Muscle Gain,Hausa_Koko_(millet_porridge)_with_Koose,389.0,13.0,50.0,7.0,Banku_with_Okra_Soup,738.0,34.0,79.0,11.0,Fufu_with_Light_Soup_with_Goat_Meat,611.0,45.0,79.0,15.0,Atsoomo_(Chin-Chin),307.38,5.91,36.59,10.85,2045.38,97.91,244.59,43.85
19,Female,53.6,1.65,Weight Loss,Oatmeal,255.0,8.0,36.0,3.0,Fufu_with_Light_Soup_with_Goat_Meat,557.0,37.0,62.0,12.0,Tuo_Zaafi_with_Meat_Stew,549.0,27.0,63.0,11.0,Roasted/Boiled_Maize_with_Coconut,256.0,6.0,35.0,6.0,1617.0,78.0,196.0,32.0
76,Female,68.1,1.52,Muscle Gain,Koko_with_Bofroat_(corn_dough_porridge_with_buffloaf),372.0,10.0,53.0,6.0,Banku_and_Tilapia_with_Hot_Pepper,596.0,51.0,72.0,13.0,Angwamu_(Oil_Rice)_with_Hot_Pepper_and_Egg,615.79,38.98,64.77,13.31,Atsoomo_(Chin-Chin),307.38,5.91,36.59,10.85,1891.17,105.89,226.36,43.16
27,Female,62.3,1.63,Weight Loss,Rice_water_and_bread,261.0,8.0,46.0,3.0,Jollof_Rice_with_Chicken,619.2,39.43,64.97,13.31,Red-Red_(Beans_and_Plantain_with_red_oil),555.0,27.0,46.0,14.0,Atsoomo_(Chin-Chin),307.38,5.91,36.59,10.85,1742.58,80.34,193.56,41.16
22,Male,58.0,1.67,Weight Loss,Tea/Milo/Coffee_with_bread,262.0,6.0,36.0,5.0,Angwamu_(Oil_Rice)_with_Hot_Pepper_and_Egg,616.0,24.0,53.0,16.0,Red-Red_(Beans_and_Plantain_with_red_oil),629.0,31.0,52.0,13.0,Atsoomo_(Chin-Chin),355.0,3.0,29.0,13.0,1862.0,64.0,170.0,47.0
65,Female,71.4,1.59,Muscle Gain,Koko_with_Bofroat_(corn_dough_porridge_with_buffloaf),356.0,10.0,65.0,7.0,Plain_Rice_with_Chicken,596.0,49.0,61.0,16.0,Banku_with_Okra_Soup,544.0,32.0,65.0,10.0,Atsoomo_(Chin-Chin),307.38,5.91,36.59,10.85,1803.38,96.91,227.59,43.85
18,Male,65.0,1.65,Weight Loss,Hausa_Koko_(millet_porridge)_with_Koose,334.0,14.0,45.0,5.0,Kenkey_and_Fried_Fish_with_Hot_Pepper,608.0,40.0,45.0,15.0,Banku_with_Okra_Soup,693.0,31.0,68.0,8.0,Atsoomo_(Chin-Chin),307.38,5.91,36.59,10.85,1942.38,90.91,194.59,38.85
19,Male,74.2,1.63,Muscle Gain,Tea/Milo/Coffee_with_bread,309.0,6.0,39.0,6.0,Jollof_Rice_with_Chicken,619.2,39.43,64.97,13.31,Angwamu_(Oil_Rice)_with_Hot_Pepper_and_Egg,615.79,38.98,64.77,13.31,Agbelikaklo_with_Coconut,328.0,4.0,46.0,10.0,1871.99,88.41,214.74,42.62
72,Male,63.7,1.67,Weight Loss,Koko_with_Bofroat_(corn_dough_porridge_with_buffloaf),376.0,9.0,50.0,5.0,Red-Red_(Beans_and_Plantain_with_red_oil),464.0,34.0,51.0,13.0,Boiled_Plantain/Yam_and_Garden_egg_stew,433.0,23.0,57.0,7.0,Atsoomo_(Chin-Chin),370.0,3.0,30.0,14.0,1643.0,69.0,188.0,39.0
10,Male,41.1,1.21,Weight Loss,Rice_water_and_bread,294.0,11.0,50.0,3.0,Fufu_with_Light_Soup_with_Goat_Meat,562.0,46.0,72.0,11.0,Tuo_Zaafi_with_Meat_Stew,591.0,47.0,72.0,12.0,Atsoomo_(Chin-Chin),307.38,5.91,36.59,10.85,1754.38,109.91,230.59,36.85
25,Female,73.3,1.62,Muscle Gain,Rice_water_and_bread,314.0,10.0,51.0,4.0,Tuo_Zaafi_with_Meat_Stew,674.0,39.0,75.0,12.0,Kenkey_and_Fried_Fish_with_Hot_Pepper,658.0,36.0,61.0,19.0,Atsoomo_(Chin-Chin),307.38,5.91,36.59,10.85,1953.38,90.91,223.59,45.85
19,Male,74.2,1.74,Muscle Gain,Oatmeal,336.42,9.46,47.78,5.3,Kenkey_and_Fried_Fish_with_Hot_Pepper,733.0,46.0,63.0,21.0,Tuo_Zaafi_with_Meat_Stew,754.0,43.0,80.0,15.0,Atsoomo_(Chin-Chin),307.38,5.91,36.59,10.85,2130.8,104.37,227.37,52.15
41,Male,66.2,1.69,Weight Loss,White_porridge_and_bread,368.0,6.0,45.0,4.0,Kenkey_and_Fried_Fish_with_Hot_Pepper,580.0,34.0,61.0,13.0,Fufu_with_Light_Soup_with_Goat_Meat,649.0,37.0,63.0,12.0,Atsoomo_(Chin-Chin),307.38,5.91,36.59,10.85,1904.38,82.91,205.59,39.85
21,Male,64.7,1.74,Weight Loss,Hausa_Koko_(millet_porridge)_with_Koose,376.0,14.0,35.0,6.0,Plain_Rice_with_Chicken,728.0,42.0,72.0,12.0,Jollof_Rice_with_Chicken,872.0,37.0,67.0,16.0,Agbelikaklo_with_Coconut,377.0,4.0,38.0,7.0,2353.0,97.0,212.0,41.0
37,Male,66.1,1.72,Weight Loss,Oatmeal,336.42,9.46,47.78,5.3,Jollof_Rice_with_Chicken,619.2,39.43,64.97,13.31,Fufu_with_Light_Soup_with_Goat_Meat,701.0,34.0,65.0,10.0,Atsoomo_(Chin-Chin),307.38,5.91,36.59,10.85,1964.0,88.8,214.34,39.46
73,Female,57.4,1.54,Weight Loss,Hausa_Koko_(millet_porridge)_with_Koose,360.0,11.0,41.0,4.0,Plain_Rice_with_Chicken,562.0,47.0,69.0,12.0,Jollof_Rice_with_Chicken,644.0,34.0,82.0,11.0,Atsoomo_(Chin-Chin),307.38,5.91,36.59,10.85,1873.38,97.91,228.59,37.85
42,Male,73.8,1.7,Muscle Gain,Koko_with_Bofroat_(corn_dough_porridge_with_buffloaf),525.0,10.0,61.0,9.0,Fufu_with_Light_Soup_with_Goat_Meat,743.0,49.0,74.0,13.0,Plain_Rice_with_Chicken,739.0,58.0,80.0,17.0,Atsoomo_(Chin-Chin),307.38,5.91,36.59,10.85,2314.38,122.91,251.59,49.85
54,Male,75.8,1.66,Muscle Gain,Tea/Milo/Coffee_with_bread,287.0,7.0,39.0,7.0,Boiled_Plantain/Yam_and_Garden_egg_stew,584.0,21.0,59.0,9.0,Waakye_and_Fish_with_egg,822.0,56.0,65.0,13.0,Atsoomo_(Chin-Chin),307.38,5.91,36.59,10.85,2000.38,89.91,199.59,39.85
76,Female,56.0,1.56,Weight Loss,Koko_with_Bofroat_(corn_dough_porridge_with_buffloaf),309.0,10.0,60.0,7.0,Jollof_Rice_with_Chicken,618.0,39.0,65.0,14.0,Waakye_and_Fish_with_egg,516.0,39.0,65.0,6.0,Atsoomo_(Chin-Chin),335.0,3.0,27.0,13.0,1778.0,91.0,217.0,40.0
60,Female,75.5,1.61,Muscle Gain,Rice_water_and_bread,305.0,9.0,48.0,5.0,Kenkey_and_Fried_Fish_with_Hot_Pepper,589.0,44.0,67.0,20.0,Red-Red_(Beans_and_Plantain_with_red_oil),526.0,32.0,52.0,17.0,Atsoomo_(Chin-Chin),307.38,5.91,36.59,10.85,1727.38,90.91,203.59,52.85
55,Male,71.6,1.65,Muscle Gain,Rice_water_and_bread,330.0,8.0,59.0,5.0,Jollof_Rice_with_Chicken,619.2,39.43,64.97,13.31,Waakye_and_Fish_with_egg,660.0,56.0,68.0,13.0,Atsoomo_(Chin-Chin),307.38,5.91,36.59,10.85,1916.58,109.34,228.56,42.16
63,Female,55.9,1.57,Weight Loss,Tom_Brown_and_bread,361.0,9.0,56.0,4.0,Angwamu_(Oil_Rice)_with_Hot_Pepper_and_Egg,495.0,23.0,50.0,15.0,Fufu_with_Light_Soup_with_Goat_Meat,555.0,35.0,79.0,9.0,Atsoomo_(Chin-Chin),343.0,3.0,33.0,14.0,1754.0,70.0,218.0,42.0
9,Male,52.6,1.12,Muscle Gain,Oatmeal,336.42,9.46,47.78,5.3,Waakye_and_Fish_with_egg,590.0,56.0,64.0,13.0,Angwamu_(Oil_Rice)_with_Hot_Pepper_and_Egg,615.79,38.98,64.77,13.31,Atsoomo_(Chin-Chin),307.38,5.91,36.59,10.85,1849.59,110.35,213.14,42.46
57,Female,55.1,1.6,Weight Loss,Tea/Milo/Coffee_with_bread,288.0,6.0,36.0,5.0,Jollof_Rice_with_Chicken,619.0,36.0,83.0,13.0,Banku_with_Okra_Soup,630.0,33.0,69.0,8.0,Atsoomo_(Chin-Chin),307.38,5.91,36.59,10.85,1844.38,80.91,224.59,36.85
51,Male,82.5,1.69,Muscle Gain,Oatmeal,336.42,9.46,47.78,5.3,Boiled_Plantain/Yam_and_Garden_egg_stew,643.0,28.0,63.0,9.0,Red-Red_(Beans_and_Plantain_with_red_oil),556.0,40.0,51.0,20.0,Atsoomo_(Chin-Chin),307.38,5.91,36.59,10.85,1842.8,83.37,198.37,45.15
26,Female,69.9,1.65,Muscle Gain,Oatmeal,281.0,12.0,50.0,4.0,Boiled_Plantain/Yam_and_Garden_egg_stew,567.0,20.0,58.0,10.0,Angwamu_(Oil_Rice)_with_Hot_Pepper_and_Egg,688.0,31.0,65.0,20.0,Plantain_Chips,271.0,3.0,51.0,13.0,1807.0,66.0,224.0,47.0
75,Male,59.9,1.66,Weight Loss,Rice_water_and_bread,281.0,7.0,49.0,2.0,Jollof_Rice_with_Chicken,619.2,39.43,64.97,13.31,Angwamu_(Oil_Rice)_with_Hot_Pepper_and_Egg,615.79,38.98,64.77,13.31,Atsoomo_(Chin-Chin),307.38,5.91,36.59,10.85,1823.37,91.32,215.33,39.47
8,Female,33.7,1.0,Weight Loss,Tom_Brown_and_bread,307.0,10.0,46.0,4.0,Tuo_Zaafi_with_Meat_Stew,523.0,37.0,65.0,12.0,Waakye_and_Fish_with_egg,457.0,50.0,55.0,9.0,Atsoomo_(Chin-Chin),307.38,5.91,36.59,10.85,1594.38,102.91,202.59,35.85
50,Male,55.4,1.61,Weight Loss,Oatmeal,266.0,9.0,37.0,3.0,Banku_and_Tilapia_with_Hot_Pepper,572.0,44.0,57.0,9.0,Tuo_Zaafi_with_Meat_Stew,726.0,34.0,69.0,10.0,Roasted/Boiled_Maize_with_Coconut,271.0,6.0,34.0,6.0,1835.0,93.0,197.0,28.0
47,Male,80.8,1.74,Muscle Gain,Koko_with_Bofroat_(corn_dough_porridge_with_buffloaf),443.0,10.0,55.0,10.0,Angwamu_(Oil_Rice)_with_Hot_Pepper_and_Egg,728.0,33.0,61.0,23.0,Fufu_with_Light_Soup_with_Goat_Meat,770.0,50.0,90.0,15.0,Atsoomo_(Chin-Chin),307.38,5.91,36.59,10.85,2248.38,98.91,242.59,58.85
7,Male,37.9,1.06,Weight Loss,Tom_Brown_and_bread,350.0,11.0,45.0,4.0,Jollof_Rice_with_Chicken,589.0,47.0,69.0,16.0,Plain_Rice_with_Chicken,591.0,66.0,59.0,16.0,Kofi_Brokeman_(Roasted_Plantain_with_Groundnut),247.0,7.0,40.0,8.0,1777.0,131.0,213.0,44.0
36,Male,76.6,1.75,Muscle Gain,Oatmeal,336.42,9.46,47.78,5.3,Plain_Rice_with_Chicken,860.0,49.0,77.0,18.0,Red-Red_(Beans_and_Plantain_with_red_oil),673.0,39.0,59.0,19.0,Nkatie_Cake_(Groundnut_Cake),377.0,10.0,25.0,19.0,2246.42,107.46,208.78,61.3
47,Male,80.8,1.63,Muscle Gain,Koko_with_Bofroat_(corn_dough_porridge_with_buffloaf),484.0,14.0,65.0,9.0,Tuo_Zaafi_with_Meat_Stew,673.0,37.0,80.0,12.0,Fufu_with_Light_Soup_with_Goat_Meat,898.0,45.0,91.0,15.0,Atsoomo_(Chin-Chin),307.38,5.91,36.59,10.85,2362.38,101.91,272.59,46.85
26,Male,71.4,1.77,Muscle Gain,Rice_water_and_bread,352.0,9.0,62.0,4.0,Waakye_and_Fish_with_egg,663.0,52.0,80.0,10.0,Fufu_with_Light_Soup_with_Goat_Meat,817.0,43.0,78.0,14.0,Plantain_Chips,354.0,3.0,48.0,12.0,2186.0,107.0,268.0,40.0
49,Female,62.8,1.67,Weight Loss,White_porridge_and_bread,352.0,7.0,54.0,4.0,Jollof_Rice_with_Chicken,679.0,40.0,67.0,17.0,Tuo_Zaafi_with_Meat_Stew,606.0,32.0,60.0,11.0,Atsoomo_(Chin-Chin),307.38,5.91,36.59,10.85,1944.38,84.91,217.59,42.85
55,Male,81.0,1.76,Muscle Gain,White_porridge_and_bread,413.0,6.0,56.0,5.0,Fufu_with_Light_Soup_with_Goat_Meat,673.0,49.0,88.0,13.0,Red-Red_(Beans_and_Plantain_with_red_oil),548.0,37.0,59.0,15.0,Roasted/Boiled_Maize_with_Coconut,339.0,7.0,36.0,9.0,1973.0,99.0,239.0,42.0
38,Male,78.3,1.74,Muscle Gain,Tom_Brown_and_bread,418.0,13.0,68.0,5.0,Kenkey_and_Fried_Fish_with_Hot_Pepper,649.0,43.0,59.0,18.0,Jollof_Rice_with_Chicken,836.0,49.0,74.0,22.0,Atsoomo_(Chin-Chin),307.38,5.91,36.59,10.85,2210.38,110.91,237.59,55.85
16,Male,54.4,1.35,Muscle Gain,Tom_Brown_and_bread,364.0,13.0,60.0,6.0,Tuo_Zaafi_with_Meat_Stew,697.0,55.0,85.0,12.0,Jollof_Rice_with_Chicken,744.0,55.0,86.0,17.0,Atsoomo_(Chin-Chin),307.38,5.91,36.59,10.85,2112.38,128.91,267.59,45.85
35,Male,67.9,1.79,Weight Loss,Tom_Brown_and_bread,424.0,9.0,54.0,4.0,Waakye_and_Fish_with_egg,666.0,40.0,65.0,8.0,Fufu_with_Light_Soup_with_Goat_Meat,699.0,42.0,69.0,12.0,Atsoomo_(Chin-Chin),307.38,5.91,36.59,10.85,2096.38,96.91,224.59,34.85
56,Female,64.7,1.6,Weight Loss,Tom_Brown_and_bread,335.0,8.0,48.0,4.0,Red-Red_(Beans_and_Plantain_with_red_oil),567.0,27.0,42.0,15.0,Jollof_Rice_with_Chicken,747.0,36.0,76.0,16.0,Plantain_Chips,248.0,3.0,42.0,8.0,1897.0,74.0,208.0,43.0
24,Male,70.1,1.76,Weight Loss,Tea/Milo/Coffee_with_bread,339.0,6.0,36.0,5.0,Tuo_Zaafi_with_Meat_Stew,796.0,39.0,69.0,12.0,Fufu_with_Light_Soup_with_Goat_Meat,622.0,42.0,79.0,12.0,Atsoomo_(Chin-Chin),307.38,5.91,36.59,10.85,2064.38,92.91,220.59,39.85
10,Male,42.3,1.2,Weight Loss,Hausa_Koko_(millet_porridge)_with_Koose,326.0,15.0,45.0,5.0,Tuo_Zaafi_with_Meat_Stew,590.0,47.0,71.0,10.0,Plain_Rice_with_Chicken,521.0,50.0,57.0,14.0,Atsoomo_(Chin-Chin),307.38,5.91,36.59,10.85,1744.38,117.91,209.59,39.85
43,Female,67.8,1.58,Muscle Gain,Rice_water_and_bread,317.0,8.0,47.0,4.0,Fufu_with_Light_Soup_with_Goat_Meat,820.0,43.0,76.0,14.0,Angwamu_(Oil_Rice)_with_Hot_Pepper_and_Egg,672.0,27.0,54.0,22.0,Atsoomo_(Chin-Chin),307.38,5.91,36.59,10.85,2116.38,83.91,213.59,50.85
51,Female,53.2,1.69,Weight Loss,Koko_with_Bofroat_(corn_dough_porridge_with_buffloaf),380.0,10.0,53.0,6.0,Plain_Rice_with_Chicken,727.0,39.0,65.0,14.0,Angwamu_(Oil_Rice)_with_Hot_Pepper_and_Egg,552.0,25.0,49.0,15.0,Atsoomo_(Chin-Chin),307.38,5.91,36.59,10.85,1966.38,79.91,203.59,45.85
57,Female,54.6,1.66,Weight Loss,Oatmeal,270.0,8.0,45.0,3.0,Banku_with_Okra_Soup,652.0,30.0,60.0,8.0,Angwamu_(Oil_Rice)_with_Hot_Pepper_and_Egg,615.79,38.98,64.77,13.31,Atsoomo_(Chin-Chin),307.38,5.91,36.59,10.85,1845.17,82.89,206.36,35.16
67,Female,69.1,1.58,Muscle Gain,Oatmeal,316.0,10.0,39.0,4.0,Banku_with_Okra_Soup,651.0,40.0,63.0,10.0,Tuo_Zaafi_with_Meat_Stew,566.0,33.0,84.0,11.0,Atsoomo_(Chin-Chin),307.38,5.91,36.59,10.85,1840.38,88.91,222.59,35.85
34,Male,59.7,1.66,Weight Loss,Oatmeal,336.42,9.46,47.78,5.3,Waakye_and_Fish_with_egg,740.0,47.0,68.0,9.0,Banku_and_Tilapia_with_Hot_Pepper,635.0,42.0,54.0,11.0,Atsoomo_(Chin-Chin),307.38,5.91,36.59,10.85,2018.8,104.37,206.37,36.15
41,Male,80.5,1.69,Muscle Gain,Tea/Milo/Coffee_with_bread,333.0,7.0,41.0,7.0,Banku_and_Tilapia_with_Hot_Pepper,795.0,52.0,74.0,14.0,Angwamu_(Oil_Rice)_with_Hot_Pepper_and_Egg,615.79,38.98,64.77,13.31,Atsoomo_(Chin-Chin),307.38,5.91,36.59,10.85,2051.17,103.89,216.36,45.16
10,Female,50.6,1.12,Muscle Gain,Rice_water_and_bread,267.0,9.0,59.0,5.0,Jollof_Rice_with_Chicken,598.0,48.0,79.0,20.0,Banku_and_Tilapia_with_Hot_Pepper,460.0,55.0,55.0,14.0,Nkatie_Cake_(Groundnut_Cake),303.0,12.0,26.0,19.0,1628.0,124.0,219.0,58.0
36,Female,73.7,1.63,Muscle Gain,Koko_with_Bofroat_(corn_dough_porridge_with_buffloaf),474.0,13.0,51.0,9.0,Jollof_Rice_with_Chicken,683.0,42.0,96.0,20.0,Banku_with_Okra_Soup,698.0,39.0,72.0,12.0,Atsoomo_(Chin-Chin),307.38,5.91,36.59,10.85,2162.38,99.91,255.59,51.85
10,Female,48.7,1.1,Muscle Gain,Tom_Brown_and_bread,277.0,12.0,54.0,5.0,Fufu_with_Light_Soup_with_Goat_Meat,558.0,51.0,86.0,14.0,Angwamu_(Oil_Rice)_with_Hot_Pepper_and_Egg,418.0,31.0,57.0,20.0,Atsoomo_(Chin-Chin),307.38,5.91,36.59,10.85,1560.38,99.91,233.59,49.85
60,Male,82.5,1.77,Muscle Gain,Tom_Brown_and_bread,433.0,10.0,51.0,6.0,Waakye_and_Fish_with_egg,753.0,57.0,60.0,11.0,Angwamu_(Oil_Rice)_with_Hot_Pepper_and_Egg,599.0,31.0,68.0,19.0,Atsoomo_(Chin-Chin),307.38,5.91,36.59,10.85,2092.38,103.91,215.59,46.85
44,Male,65.6,1.64,Weight Loss,Rice_water_and_bread,308.0,8.0,48.0,4.0,Tuo_Zaafi_with_Meat_Stew,627.0,35.0,72.0,12.0,Angwamu_(Oil_Rice)_with_Hot_Pepper_and_Egg,591.0,24.0,61.0,19.0,Atsoomo_(Chin-Chin),307.38,5.91,36.59,10.85,1833.38,72.91,217.59,45.85
13,Male,51.4,1.21,Muscle Gain,Oatmeal,336.42,9.46,47.78,5.3,Waakye_and_Fish_with_egg,684.0,57.0,66.0,12.0,Red-Red_(Beans_and_Plantain_with_red_oil),463.0,42.0,51.0,19.0,Plantain_Chips,286.0,3.0,40.0,10.0,1769.42,111.46,204.78,46.3
57,Female,54.4,1.59,Weight Loss,Oatmeal,287.0,9.0,45.0,4.0,Red-Red_(Beans_and_Plantain_with_red_oil),476.0,28.0,50.0,12.0,Angwamu_(Oil_Rice)_with_Hot_Pepper_and_Egg,582.0,21.0,53.0,16.0,Plantain_Chips,259.0,3.0,42.0,10.0,1604.0,61.0,190.0,42.0
44,Male,81.0,1.71,Muscle Gain,Oatmeal,336.42,9.46,47.78,5.3,Waakye_and_Fish_with_egg,861.0,46.0,61.0,13.0,Banku_and_Tilapia_with_Hot_Pepper,777.0,56.0,69.0,13.0,Nkatie_Cake_(Groundnut_Cake),427.0,10.0,26.0,20.0,2401.42,121.46,203.78,51.3
84,Female,68.1,1.54,Muscle Gain,Oatmeal,336.42,9.46,47.78,5.3,Kenkey_and_Fried_Fish_with_Hot_Pepper,588.0,40.0,68.0,17.0,Jollof_Rice_with_Chicken,633.0,51.0,84.0,18.0,Atsoomo_(Chin-Chin),307.38,5.91,36.59,10.85,1864.8,106.37,236.37,51.15
61,Male,60.9,1.69,Weight Loss,White_porridge_and_bread,350.0,7.0,49.0,4.0,Waakye_and_Fish_with_egg,590.0,40.0,63.0,7.0,Boiled_Plantain/Yam_and_Garden_egg_stew,514.0,24.0,59.0,5.0,Atsoomo_(Chin-Chin),307.38,5.91,36.59,10.85,1761.38,76.91,207.59,26.85
11,Female,50.8,1.2,Muscle Gain,Koko_with_Bofroat_(corn_dough_porridge_with_buffloaf),387.0,14.0,51.0,9.0,Banku_with_Okra_Soup,511.0,46.0,80.0,10.0,Tuo_Zaafi_with_Meat_Stew,630.0,48.0,67.0,15.0,Nkatie_Cake_(Groundnut_Cake),287.0,14.0,23.0,17.0,1815.0,122.0,221.0,51.0
43,Male,74.5,1.71,Muscle Gain,Koko_with_Bofroat_(corn_dough_porridge_with_buffloaf),529.0,9.0,59.0,9.0,Plain_Rice_with_Chicken,729.0,60.0,80.0,19.0,Banku_with_Okra_Soup,655.0,33.0,64.0,11.0,Nkatie_Cake_(Groundnut_Cake),442.0,14.0,24.0,18.0,2355.0,116.0,227.0,57.0
